talkIdx,Idx,skipAble,brightCharacter,Name,TextKR,TextEN,TextJP,characterLeftest,characterLeftestFace,characterLeftestX,characterLeft,characterLeftFace,characterLeftX,characterRight,characterRightFace,characterRightX,characterRightest,characterRightestFace,characterRightestX,eventType,backGround,imagePlace,imageIdx,BackSnd,SFX
0,0,1,a1000,용사,…,.,.,.,.,-125,.,.,-100,.,.,100,.,.,125,0,empty,2,0,-999,-999
0,1,1,a0001,마녀,…,.,.,Witch,idle_0,-125,.,.,-100,.,.,100,Witch,idle_0,125,0,empty,2,1,-999,-999
0,2,1,a1000,용사,그러니까…,.,.,Yongsa,doubt_0,-125,.,.,-100,.,.,100,Witch,idle_0,100,0,empty,2,2,-999,-999
0,3,1,a1000,용사,지금 이 대화는 테스트라는 거지?,.,.,Yongsa,panic_1,-125,.,.,-100,.,.,100,Yongsa,idle_0,125,0,empty,1,0,-999,-999
0,4,1,a0001,마녀,그렇게 되겠네요?,.,.,Yongsa,panic_1,-125,.,.,-100,.,.,100,Witch,panic_0,125,0,empty,1,1,-999,-999
0,5,1,a0000,관리자,그렇습니다!,.,.,Yongsa,panic_1,-125,.,.,-100,.,.,100,Witch,panic_0,100,0,empty,1,2,-999,-999
0,6,1,a1001,용사 & 마녀,뭐가 그렇습니다야!,.,.,Yongsa,panic_0,-125,.,.,-100,.,.,100,Witch,angry_0,125,0,empty,2,0,-999,-999
1,0,0,a0000, ,도서관에 어서오세요!,Welcome to the Library!,図書館へようこそ！,.,.,-125,.,.,-50,.,.,50,.,.,125,0,empty,0,0,-999,-999
1,1,0,a0000, ,도서관에서는 모험 중 만난 동료들의 운명을 인형에 불러와서\n함께 모험하는 것이 가능합니다.,In the Library+o you can summon the destinies of companions\nmet during your adventures into dolls and adventure together.,図書館では、冒険中に出会った仲間の運命を人形に呼び出して\n一緒に冒険することが可能です。,.,.,-125,.,.,-50,.,.,50,.,.,125,0,empty,0,0,-999,-999
1,2,0,a0000, ,불러올 수 있는 운명들은\n위 버튼들을 클릭해 확인할 수 있습니다.,You can check the summonable destinies\nby clicking the buttons above.,呼び出せる運命は\n上のボタンをクリックして確認できます。,.,.,-125,.,.,-50,.,.,50,.,.,125,0,empty,1,94,-999,-999
1,3,0,a0000, ,선택한 운명의 정보는 칠판에서 확인할 수 있습니다.,The information for the selected destiny\ncan be viewed on the blackboard.,選択した運命の情報は黒板で確認できます。,.,.,-125,.,.,-50,.,.,50,.,.,125,0,empty,1,95,-999,-999
1,4,0,a0000, ,동료로 데려갈 운명을 선택했다면+o\n인형을 눌러 동료로 확정지으세요!,Once you've chosen the destiny to bring as a companion+o\npress the doll to confirm them as your companion!,仲間に連れて行く運命を選んだら+o\n人形を押して仲間に確定させましょう！,.,.,-125,.,.,-50,.,.,50,.,.,125,0,empty,1,96,-999,-999
1,5,0,a0000, ,만약 인형을 원래대로 되돌리고 싶다면\n같은 운명을 선택한 뒤 다시 클릭하면 됩니다!,If you want to return the doll to its original state+o\nsimply select the same Destiny and click again!,もし人形を元に戻したいなら+o\n同じ運命を選択してもう一度クリックしてください！,.,.,-125,.,.,-50,.,.,50,.,.,125,0,empty,1,97,-999,-999
1,6,0,a0000, ,도서관의 기능을 활용해서+o더 다양한 모험을 하시길 바랍니다!,I hope you enjoy even more diverse adventures using the library's features!,図書館の機能を活用して+oより多様な冒険をお楽しみください！,.,.,-125,.,.,-50,.,.,50,.,.,125,0,empty,0,0,-999,-999
2,0,1,a0000,???,…,…,…,Yongsa,black_0,-300,.,.,-100,.,.,100,.,.,125,1,black,0,0,-999,11
2,1,1,a0000,???,으으…,Ugh…,うう…,Yongsa,black_0,-180,.,.,-100,.,.,100,.,.,125,0,black,0,0,-999,-999
2,2,1,a0000,???,여긴 어디지? 아무것도 보이지 않아…,Where is here?,ここはどこだ…？ 何も見えない…,Yongsa,black_0,-150,.,.,-100,.,.,100,.,.,125,0,black,0,0,-999,-999
2,3,1,a1000,???,정신계 마법이라도 당한 건가...? 기억은 멀쩡한가?,Was I hit with mental magic...?\nIs my memory intact?,精神系の魔法でも食らったか…？ 記憶は…問題ないか？,Yongsa,black_0,-125,.,.,-100,.,.,100,.,.,125,0,black,0,0,-999,-999
2,4,1,a0000,???,…확인하자.,…Let's check.,…確かめよう。,Yongsa,black_0,-125,.,.,-100,.,.,100,.,.,125,0,black,0,0,-999,-999
2,5,1,a0000,Ail Shell,애일 쉘…,Ail Shell…,エイル・シェル…,Yongsa,eyeClose_0,-125,.,.,-100,.,.,100,.,.,125,0,black,0,0,-999,-999
2,6,1,a1000,Ail Shell,그것이 나의 이름이다.,That is my name.,それが、俺の名前だ。,Yongsa,idle_0,-125,.,.,-100,.,.,100,Witch,black_0,500,0,black,0,0,-999,12
2,7,1,a1000,Ail Shell,가족은 따로 없었고… ,I didn't have any family…,家族はいない…,Yongsa,idle_0,-125,.,.,-100,.,.,100,Witch,black_0,500,0,black,0,0,-999,-999
2,8,1,a1000,Ail Shell,그리고 분명 스캐빈저 기사단 소속의…\n안되겠다+o 중간중간 기억이 희미해.,And I was definitely part of the Scavenger Knights…\nDamn it. My memories are fading in and out.,そして、確か俺はスキャベンジャー騎士団所属の…\nダメだ、ところどころ記憶が曖昧になってる…,Yongsa,eyeClose_1,-125,.,.,-100,.,.,100,Witch,black_0,500,0,black,0,0,-999,-999
2,9,1,a1000,Ail Shell,몸도 움직이지 않고… 마치 악몽과 같은…,I can't move my body either…\nIt's like a nightmare…,体も動かない…まるで悪夢みたいだ…,Yongsa,panic_1,-125,.,.,-100,.,.,100,Witch,black_0,300,0,black,0,0,-999,-999
2,10,1,a0000,???,일… 세요..,Wa…Sir…,お…てくだ…い…,Yongsa,panic_1,-125,.,.,-100,.,.,100,Witch,black_0,125,0,black,0,0,-999,11
2,11,1,a1000,Ail Shell,뭐지? 누구야?!,What? Who is it?!,今のは？誰だ！？,Yongsa,panic_0,-125,.,.,-100,.,.,100,Witch,black_0,125,0,black,0,0,-999,-999
2,12,1,a0001,???,애일 기사님… 기상 시간입니다…,Sir Ail… It's time to wake up…,エイルさま…起床のお時間です…,Yongsa,panic_0,-125,.,.,-100,.,.,100,Witch,black_0,130,0,black,0,0,-999,12
2,13,1,a1000,Ail Shell,…?,…?,…？,Yongsa,idle_0,-125,.,.,-100,.,.,100,Witch,black_0,130,0,black,0,0,-999,18
2,14,1,a0001,???,…,…,…,Yongsa,idle_0,-125,.,.,-100,.,.,100,Witch,black_0,130,0,black,0,0,-999,-999
2,15,1,a0001,???,...안 먹히나? 분명 자극받을 만한 말을 하면 일어날 거라고 했는데?,...Didn't work?\nI was sure saying something provocative would wake him up?,…効果なし？\n刺激になるようなことを言えば、目覚めるって聞いたのに…,Yongsa,idle_0,-125,.,.,-100,.,.,100,Witch,black_0,110,0,black,0,0,-999,-999
2,16,1,a1000,Ail Shell,???,???,？？？,Yongsa,panic_1,-125,.,.,-100,.,.,100,Witch,black_0,115,0,black,0,0,-999,-999
2,17,1,a2000,Ail Shell,어이? 지금 누가 말을 걸고 있는 거야!,Hey! Who's talking to me!,今のは、誰の声だ！？,Yongsa,angry_0,-125,.,.,-100,.,.,100,Witch,black_0,125,0,black,0,0,-999,-999
2,18,1,a1000,Ail Shell,이쪽의 말은 안 들리나. 어떻게든 방법을 취해야…,Can't she hear me? I need to find a way…,こっちの声は聞こえないのか。\n何か手を考えないと…,Yongsa,doubt_0,-125,.,.,-100,.,.,100,Witch,black_0,125,0,black,0,0,-999,-999
2,19,1,a0003,???,벌써 6시인데 일어나셔서 집에 가셔야죠!,It's already 6 o'clock+o you need to go home!,もう6時ですから、 \n起きておうちに帰らないと！,Yongsa,doubt_0,-125,.,.,-100,.,.,100,Witch,black_0,125,0,black,0,0,-999,-999
2,20,1,a0001,???,...이것도 안되나? 슬슬 안 일어나면 곤란한데?!,...That didn't work either?\nIt's going to be a problem if he doesn't wake up soon?!,…これでもダメ？ \nそろそろ起きないとマズいのに！？,Yongsa,doubt_0,-125,.,.,-100,.,.,100,Witch,black_0,125,0,black,0,0,-999,-999
2,21,1,a1000,Ail Shell,자… 장난치나... 누군지는 몰라도 이쪽은 정신을 유지하는 것도 한계라고...,Are you kidding me…\nI'm barely holding onto sanity…,ふ…ふざけるな…誰か知らんが、\nこっちは意識を保つのも限界なんだぞ…,Yongsa,panic_1,-125,.,.,-100,.,.,100,Witch,black_0,125,0,black,0,0,-999,-999
2,22,1,a1000,Ail Shell,으윽… 다시 정신이…,Ugh… I'm losing…,うっ…意識がまた…,Yongsa,panic_0,-140,.,.,-100,.,.,100,Witch,black_0,125,0,black,0,0,-999,11
2,23,1,a0000,Ail Shell,아득해진…,consciousness again…,遠のいていく…,Yongsa,eyeClose_0,-160,.,.,-100,.,.,100,Witch,black_0,125,0,black,0,0,-999,-999
2,24,1,a0001,???,…이렇게 된 이상 이판사판이다.,…That's it+o I'm going all in.,…もうこうなったら、やるしかない。,Yongsa,eyeClose_0,-180,.,.,-100,.,.,100,Witch,black_0,125,0,black,0,0,-999,-999
2,25,1,a0001,???,일어나세요. 용사여… 세계가 당신의 도움을 필요로 합니다…,Wake up+o hero… The world needs your help…,起きてください…勇者さま…\n世界があなたの力を必要としています…,Yongsa,eyeClose_0,-200,.,.,-100,.,.,100,Witch,black_0,100,0,black,0,0,-999,12
2,26,1,a1000,Ail Shell,…,…,…,Yongsa,idle_0,-150,.,.,-100,.,.,100,Witch,black_0,125,0,black,0,0,-999,-999
2,26,1,a1000,Ail Shell,아니… 애도 아니고…,Seriously…?,いや…そんな子ども騙しに…,Yongsa,panic_0,-140,.,.,-100,.,.,100,Witch,black_0,125,0,black,0,0,-999,-999
2,26,1,a1000,Ail Shell,저런 거에 자극받을 리…,Even so… There's no way I'd be affected by…,そんな台詞で、俺が反応するわけが…,Yongsa,doubt_0,-125,.,.,-100,.,.,100,Witch,black_0,125,0,black,0,0,-999,-999
2,26,1,a1000,Ail Shell,으엇?! 몸이?!?!?!,Huh?! My body?!?!?!,うわっ！！体が！？！？,Yongsa,panic_0,0,.,.,-100,.,.,100,Witch,black_0,125,0,black,0,0,-999,11
2,28,1,a1000,Ail Shell,으… 으아아악!!!,Ugh… Ughaaaa!!!,う、うわああああっ！！！,Yongsa,panic_0,500,.,.,-100,.,.,100,Witch,black_0,300,0,white,0,0,-999,13
2,27,1,a2000,Ail Shell,(벌떡!),(crea--k!!),（ガバッ！）,Yongsa,panic_0,0,.,.,-100,.,.,100,.,.,300,1,home,1,103,-999,-999
2,28,1,a1000,Ail Shell,…나,…I,…俺、,Yongsa,panic_0,0,.,.,-100,.,.,100,Witch,black_0,300,0,home,0,0,-999,-999
2,29,1,a1000,Ail Shell,나 저런 유치한 대사에 자극받은 거야?!,I was affected by such a cheesy line?!,まさか、\nあんな幼稚な台詞に反応したのか…！？,Yongsa,panic_3,0,.,.,-100,.,.,100,Witch,black_0,200,0,home,0,0,-999,-999
2,30,1,a1000,Ail Shell,으… 이 나이 먹고 무슨 주책…,What am I doing at my age…,…この歳になって、何をやってるんだか…,Yongsa,panic_1,-50,.,.,-100,.,.,100,Witch,black_0,200,0,home,0,0,-999,16
2,31,1,a0001,???,(스윽),(Sneaks),（スーッ）,Yongsa,doubt_0,-100,.,.,-100,.,.,100,Witch,idle_0,125,0,home,0,0,-999,17
2,32,1,a1000,Ail Shell,…,…,…,Yongsa,idle_0,-125,.,.,-100,.,.,100,Witch,idle_0,125,0,home,0,0,-999,-999
2,33,1,a1000,Ail Shell,…거기 누구냐.,…Who's there?,…そこにいるのは誰だ。,Yongsa,doubt_0,-100,.,.,-100,.,.,100,Witch,idle_0,125,0,home,0,0,-999,2
2,34,1,a0001,???,...드디어,...Finally.,…ついに,Yongsa,doubt_0,-100,.,.,-100,.,.,100,Witch,eyeClose_1,100,0,home,0,0,-999,-999
2,35,1,a1000,Ail Shell,?,?,？,Yongsa,idle_0,-100,.,.,-100,.,.,100,Witch,eyeClose_1,100,0,home,0,0,-999,-999
2,36,1,a0003,???,드디어 일어났다!,Finally awake!,ついに起きた！,Yongsa,panic_0,-150,.,.,-100,.,.,100,Witch,smile_2,0,0,home,0,0,-999,-999
2,37,1,a1000,Ail Shell,????,????,？？？？,Yongsa,panic_0,-125,.,.,-100,.,.,100,Witch,smile_2,0,0,home,0,0,1,-999
2,38,1,a0001,???,몸은 어때요? 저 알아보시겠어요?,How's your body? Can you recognize me?,お体の調子は？ \n私のこと、分かりますか？,Yongsa,panic_0,-140,.,.,-100,.,.,100,Witch,happy_0,-25,0,home,0,0,1,17
2,39,1,a0001,???,많이 어려진 거 같은데 부작용인가? 어쩌면 불로불사가 된건가?,You look a lot younger+o is that a side effect?\nMaybe you've become immortal?,だいぶ若返ったように見えるんですが…\n副作用かな？ もしかして不老不死に…？,Yongsa,panic_0,-160,.,.,-100,.,.,100,Witch,shine_0,-60,0,home,0,0,1,17
2,40,1,a1000,Ail Shell,저… 저기…,U-Um…,あ、あの…,Yongsa,panic_1,-150,.,.,-100,.,.,100,Witch,shine_0,-60,0,home,0,0,1,-999
2,41,1,a0003,???,혹시 신체 측정해도 될까요?,Can I took your measurements?,一瞬、身体測定をしても…いいですか？,Yongsa,panic_0,-200,.,.,-100,.,.,100,Witch,smile_2,-80,0,home,0,0,1,-999
2,42,1,a2000,Ail Shell,잠깐!!!,Wait!!!,ちょっと待った！！！,Yongsa,panic_0,0,.,.,-100,.,.,100,Witch,panic_0,50,0,home,0,0,1,16
2,43,1,a0001,???,에…?,Eh…?,え…？,Yongsa,panic_0,-30,.,.,-100,.,.,100,Witch,panic_0,50,0,home,0,0,1,-999
2,44,1,a1000,Ail Shell,(내 몸이 왜 이래! 어려졌잖아?! 저 마녀는 또 누구고?),(I've become younger?!\nAnd who is that witch?),（な、なんだこの身体！？\n若返ってるだと？？あの魔女は一体何者だ？？）,Yongsa,panic_1,-80,.,.,-100,.,.,100,Witch,idle_0,60,0,home,0,0,1,-999
2,45,1,a1000,Ail Shell,(…하아. 일단 진정하자. 일단은 상황파악이 먼저야.),(…Okay. Calm down.\nFirst+o I need to figure out what's going on.),（…はぁ、落ち着け。\nまずは状況を把握するのが先だ。）,Yongsa,eyeClose_1,-80,.,.,-100,.,.,100,Witch,idle_0,60,0,home,0,0,1,-999
2,46,1,a1000,Ail Shell,누구랑 착각한 건지 모르겠지만 난 네가 누군지 몰라. 우린 완전히 초면이라고.,I don't know who you're mistaking me for+o but I don't know you.\nWe're complete strangers.,勘違いかもしれないが、\n俺は君のことを知らない。まったくの初対面だ。,Yongsa,doubt_0,-100,.,.,-100,.,.,100,Witch,panic_0,60,0,home,0,0,1,-999
2,47,1,a1000,Ail Shell,깨우려고 고생 좀 한 거 같은데 미안하네.,Sorry you had to go through\nso much trouble to wake me up.,目覚めさせようと苦労したみたいだが、\n悪かったな。,Yongsa,say_0,-125,.,.,-100,.,.,100,Witch,panic_0,60,0,home,0,0,1,-999
2,48,1,a0001,???,…,…,…,Yongsa,say_0,-125,.,.,-100,.,.,100,Witch,idle_0,80,0,home,0,0,1,-999
2,49,1,a0001,???,그런가요…,I see…,そうなんですね…,Yongsa,say_0,-125,.,.,-100,.,.,100,Witch,eyeClose_1,100,0,home,0,0,1,16
2,50,1,a1000,Ail Shell,…심란할 텐데 미안하지만,…I'm sorry to bother you\nwhen you're upset+o but…,…混乱してるところ悪いけど,Yongsa,eyeClose_0,-125,.,.,-100,.,.,100,Witch,eyeClose_0,100,0,home,0,0,1,-999
2,51,1,a1000,Ail Shell,혹시 상황 설명을 부탁해도 될까?,Could you explain the situation to me?,状況を説明してもらえるか？,Yongsa,idle_0,-100,.,.,-100,.,.,100,Witch,idle_0,100,0,home,0,0,1,-999
2,52,1,a1000,Ail Shell,왜인지 모르겠지만 기억이 희미해서 말이야.,I don't know why+o\nbut my memory is hazy.,理由は分からないけど、\n記憶がぼんやりしててな。,Yongsa,say_0,-90,.,.,-100,.,.,100,Witch,idle_0,100,0,home,0,0,1,-999
2,53,1,a0001,???,…그렇겠네요.,…I suppose so.,…そうかもしれませんね。,Yongsa,say_0,-90,.,.,-100,.,.,100,Witch,eyeClose_0,125,0,home,0,0,1,-999
2,54,1,a0001,???,제가 너무 성급했던 것 같아요. 우선 자기 소개부터 할게요.,I think I was too hasty.\nI should introduce myself first.,私、少し焦ってたみたいです。\nまずは自己紹介からですね。,Yongsa,say_0,-90,.,.,-100,.,.,100,Witch,say_0,125,0,home,0,0,1,-999
2,55,1,a0001,Grin,제 이름은 그린이에요. 쓰러져있는 당신을 보호하고 있었죠.,My name is Grin.\nI've been protecting you while you were unconscious.,私はグリンといいます。\n倒れていたあなたを守っていました。,Yongsa,idle_0,-110,.,.,-100,.,.,100,Witch,smile_1,100,0,home,0,0,1,-999
2,56,1,a1000,Ail Shell,보호…? 쓰러져있었다고?,Protecting…? Unconscious?,守る…？倒れていたのか？,Yongsa,doubt_0,-100,.,.,-100,.,.,100,Witch,smile_1,100,0,home,0,0,1,-999
2,57,1,a0001,Grin,네! 일단은 제가 당신의…,Yes. Well… For now+o I'm your…,はい。えっと…とにかく私はあなたの…,Yongsa,doubt_0,-100,.,.,-100,.,.,100,Witch,lie_0,100,0,home,0,0,1,-999
2,58,1,a0001,Grin,딸…? 동거인이라고 해야하나?,...Daughter? Companion is probably more accurate?,…娘？\n相棒…って言えばいいのかな？,Yongsa,panic_1,-100,.,.,-100,.,.,100,Witch,panic_0,90,0,home,0,0,1,-999
2,59,1,a0002,Grin,아무튼 가족이니까요!,After all+o we are family!,とにかく、家族だったんです！,Yongsa,panic_0,-100,.,.,-100,.,.,100,Witch,smile_2,80,0,home,0,104,1,-999
2,60,1,a1000,Ail Shell,…,…,……,Yongsa,panic_0,-125,.,.,-100,.,.,100,Witch,smile_2,125,0,home,0,0,1,-999
2,61,1,a1000,Ail Shell,…,…,……,Yongsa,eyeClose_0,-125,.,.,-100,.,.,100,Witch,smile_2,125,0,home,0,0,1,-999
2,62,1,a1000,Ail Shell,…,…,……,Yongsa,smile_0,-150,.,.,-100,.,.,100,Witch,smile_2,125,0,home,0,0,1,17
2,63,1,a0001,Grin,...?,…?,…？,Yongsa,smile_0,-200,.,.,-100,.,.,100,Witch,idle_0,125,0,home,0,0,1,18
2,64,1,a0001,Grin,어… 왜 창가 쪽으로 가시는?,Um… Why are you going towards the window?,あの、どうして窓側に…？,Yongsa,smile_0,-250,.,.,-100,.,.,100,Witch,say_0,80,0,home,0,0,1,-999
2,65,1,a1000,Ail Shell,흐아압!!!,Haaap!!!,ふんぬっ！！！,Yongsa,angry_0,0,.,.,-100,.,.,100,Witch,panic_0,500,0,home,0,0,1,-999
2,66,1,a1000, ,(쨍그랑!),(Shatter!),（ガシャーン！）,Yongsa,angry_0,-500,.,.,-100,.,.,100,Witch,panic_0,500,0,home,0,0,1,15
2,67,1,a0000, , , , ,.,.,-125,.,.,-100,.,.,100,.,.,500,0,home,1,3,1,-999
2,68,1,a0000,Grin,꺄아아악!!!,Kyaaaa!!!,きゃあああっ！！！,.,.,-125,.,.,-100,.,.,100,.,.,500,0,home,2,3,1,-999
2,69,1,a0000,Grin,지금 뭐하시는… 어디 가세요!!,What are you… Where are you going!!,一体何を… どこ行くんですか！？,.,.,-125,.,.,-100,.,.,100,.,.,125,0,home,2,3,1,-999
2,70,1,a0000,Ail Shell,너 같으면 도망 안가겠냐!,I've never seen someone like you before!,君みたいな奴、俺は見たこともないぞ！,.,.,-125,.,.,-100,.,.,100,.,.,125,0,home,2,3,1,-999
2,71,1,a0000,Ail Shell,말도 안되는 것도 정도가 있지!!!,You've picked the wrong person to deceive. Witch!,騙す相手を間違えたな、この魔女め！,.,.,-125,.,.,-100,.,.,100,.,.,125,0,home,2,3,1,-999
2,72,1,a0000,Ail Shell,(내가 정신이 나갔지. 아무리 혼란스러워도 마녀한테 정보를 얻으려고 하다니.),(I've lost my mind.\nEven if I'm confused+o how could I try to get information from a witch?),（冷静になれ…どんなに混乱してても、\n魔女に情報を求めるなんて正気の沙汰じゃない…）,.,.,-125,.,.,-100,.,.,100,.,.,125,0,home,2,3,1,-999
2,73,1,a0000,Grin,아 안돼! 으… 으아아악!!!,Ah+o no! Ugh… Ughaaa!!!,あ、あぶない！うぅ…きゃあああっ！！！,.,.,-125,.,.,-100,.,.,100,.,.,125,0,home,2,3,1,-999
2,74,1,a0000,Grin,창문이...! 애일 씨가…! 내 숙소가…!!!,Window…! Ail! Our home…!!!,窓が…！エイルさんが…！\n私の部屋が…！！！,.,.,-125,.,.,-100,.,.,100,.,.,125,0,home,2,3,1,-999
2,75,1,a0000,Grin,…,…,……,.,.,-500,.,.,-100,.,.,100,Witch,black_0,500,0,home,0,0,1,-999
2,76,1,a0000,Grin,하… 하하…,Haha…,は…はは…,.,.,-500,.,.,-100,.,.,100,Witch,panic_0,130,0,home,0,0,1,-999
2,77,1,a0001,Grin,뭔가 꼬일 것 같긴 했는데… 설마 이 정도일 줄이야…,I thought something might go wrong…\nBut I didn't think it would be this bad…,嫌な予感はしてたけど…\nまさかここまでとは…,.,.,-500,.,.,-100,.,.,100,Witch,panic_0,110,0,home,0,0,1,-999
2,78,1,a0001,Grin,…,…,……,.,.,-500,.,.,-100,.,.,100,Witch,eyeClose_0,125,0,home,0,0,-999,-999
2,79,1,a0001,Grin,뭐 상관없어…,Well+o it doesn't matter…,ま、いいけど…,.,.,-500,.,.,-100,.,.,100,Witch,smile_0,180,0,home,0,0,-999,-999
2,80,1,a0001,Grin,마을 어디로 도망치든...,No matter where he runs in the village...,村のどこに逃げたとしても…,.,.,-500,.,.,-100,.,.,100,Witch,say_0,500,0,home,0,0,-999,17
2,81,1,a0000,Grin,찾을 방법은 있으니까.,I have ways of finding him.,探し出す方法なら、あるから。,.,.,-500,.,.,-100,.,.,100,.,.,125,0,black,0,0,-999,-999
3,0,1,a0000, ,(저벅… 저벅…),(Thud... Thud...),（ザッ…ザッ…）,Yongsa,black_0,-500,.,.,-100,.,.,100,.,.,125,0,empty,0,0,-999,17
3,1,1,a1000,Ail Shell,허억 허억…,Huff... Huff...,はぁ…はぁ…,Yongsa,panic_0,-100,.,.,-100,.,.,100,.,.,125,0,empty,0,0,-999,-999
3,2,1,a0000,Ail Shell,이 정도면 꽤 멀리 온건가?,Have I come far enough?,かなり遠くまで来た気が…,Yongsa,panic_1,-150,.,.,-100,.,.,100,.,.,125,0,empty,0,0,-999,-999
3,3,1,a1000,Ail Shell,…뭐냐고. 깨어나보니 기억은 없고 몸은 어려져 있고…,What is this?\nI wake up with no memories and a younger body...,…なんだこれは。目が覚めたら記憶はなく、\n体は若返っていて…,Yongsa,panic_1,-125,.,.,-100,.,.,100,.,.,125,0,empty,0,0,-999,-999
3,4,1,a0000,Ail Shell,처음 보는 마을. 하늘에 쳐져있는 먹구름과 마법 장벽…,Village I've never seen before...\nDark clouds hanging in sky and magical barrier...,見たこともない村、\n空に垂れ込める黒雲や魔法障壁…,Yongsa,panic_0,-115,.,.,-100,.,.,100,.,.,125,0,empty,0,0,-999,-999
3,4,1,a0000,Ail Shell,마법사가 흔하지는 않으니… 필시 방금 본 마녀의 짓일 거고.,Wizards aren't common…\nIt must be work of witch I just saw.,魔法使いなんてそうそういるもんじゃないし…\n間違いなく、さっきの魔女の仕業だ。,Yongsa,doubt_0,-125,.,.,-100,.,.,100,.,.,125,0,empty,0,0,-999,-999
3,5,1,a0000,Ail Shell,설마 공간 째로 갇힌 건 아니겠지?,Could I be trapped in an entire space?,まさか空間ごと閉じ込められた…\nなんてことはないよな？,Yongsa,panic_1,-135,.,.,-100,.,.,100,.,.,125,0,empty,0,0,-999,-999
3,6,1,a1000,Ail Shell,...일단은 높은 곳으로 가서 현재 위치를 확인하자.,...First+o let's go somewhere high to check my location.,…まずは高いところに登って、\n現在位置を確認しよう。,Yongsa,eyeClose_1,-125,.,.,-100,.,.,100,.,.,500,0,empty,1,1,-999,-999
3,7,1,a1000,Ail Shell,저쪽에 보이는 탑이면 충분하겠지.,That tower over there should be good enough.,あそこに見える塔で十分だろう。,Yongsa,say_0,-100,.,.,-100,.,.,100,.,.,500,0,empty,2,1,-999,-999
3,8,1,a2000,Ail Shell,좋아. 가만히 있어봤자 바뀌는 건 없어.,Alright. Nothing change if I just stand still.,よし。じっとしてても何も変わらん。,Yongsa,eyeClose_0,-125,.,.,-100,.,.,100,.,.,300,0,empty,0,0,-999,-999
3,9,1,a0000,Ail Shell,일단 움직여 보자!,Let's move!,とにかく動いてみるか！,Yongsa,say_0,-125,.,.,-100,.,.,100,.,.,125,0,empty,0,0,-999,17
4,0,1,a0000,???,…후후 탑으로 향할 생각이시군요.,Hehe... So+o you're planning to head to the tower.,…ふふ、塔へ向かうおつもりなんですね。,Witch,black_0,-500,.,.,-100,.,.,100,.,.,125,0,empty,0,0,-999,-999
4,1,1,a1000,???,그 정도야 마법으로 쉽게 유도할 수 있죠.,That's easily manipulated with my magic.,それくらいなら、\n魔法で簡単に誘導できますよ。,Witch,black_0,-125,.,.,-100,.,.,100,.,.,125,0,empty,0,0,-999,-999
4,2,1,a1000,???,좋아. 분명 아래에서 사람을 선택하고...,Okay. Just select a person from below...,さて、確か…下で人を選んで…,Witch,black_0,0,.,.,-100,.,.,100,.,.,125,0,empty,0,0,-999,-999
4,3,1,a1000,???,주사위를 굴리는 거였죠?,And roll the dice+o right?,サイコロを振るんでしたよね？,Witch,black_0,125,.,.,-100,.,.,100,.,.,125,0,empty,0,0,-999,-999
4,4,1,a2000,???,잘 모르겠지만 일단 해보죠!,I'm not sure+o but let's try it!,よく分かりませんけど、とりあえずやってみましょう！,Witch,black_0,500,.,.,-100,.,.,100,.,.,125,0,empty,0,0,-999,-999
5,0,1,a0000,Ail Shell,…,...,……,Yongsa,idle_0,-500,.,.,-100,.,.,100,.,.,125,0,empty,0,0,-999,-999
5,1,1,a1000,Ail Shell,…뭐지?,Something is wrong...,…なんだ？,Yongsa,doubt_0,-125,.,.,-100,.,.,100,.,.,125,0,empty,0,0,-999,18
5,2,1,a1000,Ail Shell,…분명 더 빨리 갈 수 있었던 것 같은데…?,...I could have sworn I could have gone faster...?,…もっと早く行けるはずだった気がするんだが…？,Yongsa,panic_2,-115,.,.,-100,.,.,100,.,.,125,0,empty,0,0,-999,-999
5,3,1,a0000,Goblin,크아앙!,Kroaaang!,グルァァン！,Yongsa,panic_2,-140,.,.,-100,.,.,100,.,.,125,0,empty,0,0,-999,-999
5,4,1,a1000,Ail Shell,뭐지…,Why...,なんだ…,Yongsa,panic_1,-125,.,.,-100,.,.,100,.,.,125,0,empty,0,0,-999,-999
5,5,1,a1000,Ail Shell,피해 갈 생각이었던 몬스터랑은 왜 대치하고 있는 거지…?,Why am I confronting the monsters\nI was planning to avoid...?,避けて通るつもりだったモンスターと、\nなんで向かい合ってるんだ俺は…？,Yongsa,angry_0,-115,.,.,-100,.,.,100,.,.,125,0,empty,0,0,-999,-999
5,6,1,a0000,Goblin,크아아앙!!!,Kroaaaang!!!,グルアアアアン！！！,Yongsa,angry_0,-140,.,.,-100,.,.,100,.,.,125,0,empty,0,0,-999,-999
5,7,1,a1000,Ail Shell,으아악!! 온다!,Aaaah!! Coming!,うわっ！！ 来るっ！,Yongsa,panic_0,-125,.,.,-100,.,.,100,.,.,125,0,empty,0,0,-999,-999
6,0,1,a0000,???,…,...,……,Witch,black_0,-500,.,.,-100,.,.,100,.,.,125,0,empty,0,0,-999,-999
6,1,1,a1000,???,좋아. 어쩌다 보니 위험에 빠트리게 유도해 버렸지만…,Okay. I accidentally led him into danger+o but...,よし、\n気がつけば危険な状況に誘い込んじゃったけど…,Witch,black_0,-125,.,.,-100,.,.,100,.,.,125,0,empty,0,0,-999,-999
6,2,1,a3000,???,전투는 도움이 되는 거야!,Combat is helpful!,戦闘って、今後の役に立つものだから！,Witch,black_0,-100,.,.,-100,.,.,100,.,.,125,0,empty,0,0,-999,-999
6,3,1,a0000,???,그러니까… 적이 어떤 스킬을 쓰는지는 여길 선택해서 확인하고…,So... I need to select here to check what skills the enemy is using...,だから…敵がどんなスキルを使うかは、\nここを選んで確認して…,Witch,black_0,-50,.,.,-100,.,.,100,.,.,125,0,empty,1,4,-999,-999
6,4,1,a0000,???,구체적인 정보는 오른쪽 위에 캐릭터창에서 확인하고…,Check the character window in the upper right for specific information...,詳細は、\n右上のキャラクターウィンドウで確認…,Witch,black_0,50,.,.,-100,.,.,100,.,.,125,0,empty,1,5,-999,-999
6,5,1,a0000,???,이에 맞게 아군 스킬들을 선택한 다음에…,Then select ally skills accordingly...,それに合わせて味方のスキルを選んで…,Witch,black_0,60,.,.,-100,.,.,100,.,.,125,0,empty,1,6,-999,-999
6,5,1,a0000,???,이쪽 주사위에 배치하면 되는 건가?,And place them on this dice+o right?,このサイコロに配置すればいいのかな？,Witch,black_0,40,.,.,-100,.,.,100,.,.,125,0,empty,1,7,-999,-999
6,6,1,a1000,???,…좋아!,...Alright!,……よし！,Witch,black_0,0,.,.,-100,.,.,100,.,.,125,0,empty,0,0,-999,-999
6,7,1,a1000,???,해보자!!!,Let's do it!!!,やってみよう！！！,Witch,black_0,-500,.,.,-100,.,.,100,.,.,125,0,empty,0,0,-999,-999
7,0,1,a0000,Ail Shell,…이상해.,...strange.,…おかしいな。,Yongsa,doubt_0,-125,.,.,-100,.,.,100,.,.,125,0,empty,0,0,-999,-999
7,1,1,a3000,Ail Shell,왜 자꾸 몬스터가 있는 곳으로 걸어 들어가는 건데!,Why do I keep walking into monsters!,なんでわざわざモンスターのいる方へ\n歩いて行くんだ俺は！,Yongsa,panic_1,-105,.,.,-100,.,.,100,.,.,125,0,empty,0,0,-999,-999
7,2,1,a0000,Goblin,크아아앙!!!,Kroaaaang!!!,グルアアアン！！！,Yongsa,panic_1,-140,.,.,-100,.,.,100,.,.,125,0,empty,0,0,-999,-999
7,3,1,a1000,Ail Shell,이번에는 여러 마리인가...,There are several this time...,今度は複数か…,Yongsa,doubt_0,-150,.,.,-100,.,.,100,Witch,black_0,500,0,empty,0,0,-999,-999
7,4,1,a1000,Ail Shell,협공이라도 당하면 감당이 안될 거 같은데...,I can't handle it if they gang up on me...,挟み撃ちなんてされたら、ひとたまりもないぞ…,Yongsa,panic_0,-125,.,.,-100,.,.,100,Witch,black_0,180,0,empty,0,0,-999,-999
7,5,1,a0001,???,저한테 맡겨주세요!,Leave it to me!,ここは私にお任せください！,Yongsa,panic_0,-140,.,.,-100,.,.,100,Witch,black_0,100,0,empty,0,0,-999,-999
7,6,1,a1000,Ail Shell,뭐야? 누구…,What? Who...,なんだ？ 誰だ…,Yongsa,doubt_0,-125,.,.,-100,.,.,100,Witch,black_0,125,0,empty,0,0,-999,-999
7,7,1,a0000, ,( 빠 - 밤 ),(Pah - Bam),（ドンッ！）,Yongsa,doubt_0,-150,.,.,-100,.,.,100,Witch,shame_0,150,0,empty,1,11,-999,14
7,8,1,a1000,Ail Shell,…,…,……,Yongsa,panic_2,-125,.,.,-100,.,.,100,Witch,shame_0,160,0,empty,2,12,-999,-999
7,9,1,a1000,Ail Shell,…,...,……,Yongsa,panic_1,-100,.,.,-100,.,.,100,Witch,shame_0,170,0,empty,2,12,-999,-999
7,10,1,a1000,Ail Shell,…하아.,...Sigh.,…はぁ。,Yongsa,doubt_0,-80,.,.,-100,.,.,100,Witch,shame_0,180,0,empty,2,12,-999,-999
7,11,1,a0002,Grin,왜 그런 한숨을 쉬는 거예요!,Why are you sighing like that!,なんですか、そのため息は！,Yongsa,doubt_0,-100,.,.,-100,.,.,100,Witch,angry_1,50,0,empty,0,0,-999,-999
7,12,1,a0003,Grin,공간 연결은 이게 최선이었다고요!,This was the best I could do for space connection!,テレポートはこれが最善だったんですから！,Yongsa,doubt_0,-125,.,.,-100,.,.,100,Witch,angry_0,0,0,empty,0,0,-999,-999
7,13,1,a1000,Ail Shell,그래… 이건 그렇다 치고.,Yeah... Let's put that aside.,そうか…まぁ、それはいいとして。,Yongsa,eyeClose_0,-115,.,.,-100,.,.,100,Witch,angry_0,125,0,empty,0,0,-999,-999
7,14,1,a1000,Ail Shell,이렇게 바로 튀어나오는 걸 보면,Seeing you pop out like this+o,こうしてすぐに飛び出して来られるってことは、,Yongsa,eyeClose_1,-100,.,.,-100,.,.,100,Witch,angry_0,135,0,empty,0,0,-999,-999
7,15,1,a1000,Ail Shell,아무래도 날 감시하고 있었다고 보는게 맞겠지?,It's safe to say you've been watching me+o right?,やっぱり俺を監視してたって考えていいんだな？,Yongsa,angry_0,-75,.,.,-100,.,.,100,Witch,angry_0,135,0,empty,0,0,-999,-999
7,16,1,a0001,Grin,…!,...!,……！,Yongsa,angry_0,-75,.,.,-100,.,.,100,Witch,panic_0,150,0,empty,0,0,-999,16
7,17,1,a0001,Grin,그게…,That's...,そ、それは…,Yongsa,angry_0,-75,.,.,-100,.,.,100,Witch,lie_0,150,0,empty,0,0,-999,-999
7,18,1,a0001,Grin,어쩌다 보니 맞췄…,I accidentally guessed right...,たまたま…というか…,Yongsa,angry_0,-75,.,.,-100,.,.,100,Witch,shine_0,125,0,empty,0,0,-999,-999
7,19,1,a1000,Ail Shell,…,...,……,Yongsa,angry_1,-50,.,.,-100,.,.,100,Witch,shine_0,135,0,empty,0,0,-999,24
7,20,1,a0001,Grin,…,...,……,Yongsa,angry_1,-50,.,.,-100,.,.,100,Witch,panic_0,150,0,empty,0,0,-999,-999
7,21,1,a0001,Grin,운명 마법으로 계속 보고 있었습니다… 죄송합니다...,I'm sorry…\nI've been watching you with Destiny Magic... ,運命魔法でずっと見ていました…すみません…,Yongsa,angry_1,-50,.,.,-100,.,.,100,Witch,sad_0,150,0,empty,0,0,-999,16
7,22,1,a1000,Ail Shell,…그럼 지금까지 몬스터랑 조우했던 건...,...So+o all encounters with monsters until now were...,…じゃあ、これまでモンスターと遭遇したのは…,Yongsa,angry_0,-40,.,.,-100,.,.,100,Witch,sad_0,150,0,empty,0,0,-999,-999
7,23,1,a0001,Grin,…유도 마법으로 도와주려고 이것저것 해봤는데,...I was trying to help with Guidance Magic+o but…,…誘導魔法で助けようと、\nあれこれやってみたんですけど、,Yongsa,angry_0,-60,.,.,-100,.,.,100,Witch,lie_0,145,0,empty,0,0,-999,-999
7,24,1,a0001,Grin,실수했습니다..,I made mistake...,失敗しました…,Yongsa,angry_0,-80,.,.,-100,.,.,100,Witch,sad_0,155,0,empty,0,0,-999,-999
7,25,1,a1000,Ail Shell,…,...,……,Yongsa,doubt_0,-80,.,.,-100,.,.,100,Witch,sad_0,155,0,empty,0,0,-999,-999
7,26,1,a1000,Ail Shell,(하아… 지금 상황을 봤을 때 아마 다 진실이겠지.),(Sigh... Considering current situation+o\nit's probably all true.),（はぁ…今の状況を見る限り、\nたぶん全部本当なんだろう。）,Yongsa,eyeClose_1,-125,.,.,-100,.,.,100,Witch,sad_0,155,0,empty,0,0,-999,-999
7,27,1,a1000,Ail Shell,(이 녀석에서 벗어나는 건 일단 그른 것 같고…),(It seems impossible to get away from her for now...),（こいつから逃げるのは、今は無理そうだな…）,Yongsa,idle_0,-135,.,.,-100,.,.,100,Witch,sad_0,125,0,empty,0,0,-999,-999
7,28,1,a1000,Ail Shell,...하나만 물어보자.,...Just one question.,…ひとつだけ聞かせろ。,Yongsa,say_0,-100,.,.,-100,.,.,100,Witch,sad_0,155,0,empty,0,0,-999,-999
7,29,1,a0001,Grin,?,?,？,Yongsa,idle_0,-100,.,.,-100,.,.,100,Witch,idle_0,130,0,empty,0,0,-999,18
7,30,1,a1000,Ail Shell,넌 내 적이야?,Are you my enemy?,お前は…俺の敵か？,Yongsa,say_0,-80,.,.,-100,.,.,100,Witch,idle_0,130,0,empty,0,0,-999,-999
7,31,1,a0001,Grin,…에?,...Huh?,…えっ？,Yongsa,say_0,-80,.,.,-100,.,.,100,Witch,say_0,120,0,empty,0,0,-999,-999
7,32,1,a0001,Grin,제가요?!,Me?!,わ、私がですか！？,Yongsa,say_0,-80,.,.,-100,.,.,100,Witch,panic_0,50,0,empty,0,0,-999,-999
7,33,1,a0002,Grin,내가 누구 때문에 이 고생을 하고 있는…!,Who do you think is going through all this trouble for...!,誰のせいでこんなに苦労してると思って……！,Yongsa,panic_0,-100,.,.,-100,.,.,100,Witch,angry_1,0,0,empty,0,0,-999,24
7,34,1,a0001,Grin,아… 아니. 일단 적은 아니에요!,Ah... No. I'm not your enemy!,あ…いえ、とにかく、敵じゃありません！,Yongsa,panic_0,-115,.,.,-100,.,.,100,Witch,panic_0,75,0,empty,0,0,-999,-999
7,35,1,a1000,Ail Shell,(…진심인 거 같네.),(...Seems sincere.),（…本気で言ってるみたいだな。）,Yongsa,panic_1,-125,.,.,-100,.,.,100,Witch,panic_0,125,0,empty,0,0,-999,-999
7,36,1,a1000,Ail Shell,좋아.,Alright.,わかった。,Yongsa,eyeClose_0,-100,.,.,-100,.,.,100,Witch,panic_0,125,0,empty,0,0,-999,-999
7,37,1,a0001,Grin,?,?,？,Yongsa,eyeClose_0,-100,.,.,-100,.,.,100,Witch,idle_0,125,0,empty,0,0,-999,-999
7,38,1,a1000,Ail Shell,솔직히 상황 파악도 잘 안되고…,I don't know what kind of magic it is+o but...,正直、何の魔法かは分からないが…,Yongsa,eyeClose_1,-100,.,.,-100,.,.,100,Witch,idle_0,125,0,empty,0,0,-999,-999
7,39,1,a1000,Ail Shell,날 죽이겠다고 한 녀석에게 할 말은 아니지만…,I probably can't win this battle without your help.,お前の助けなしじゃ、この戦いに勝てる気がしない。,Yongsa,panic_1,-100,.,.,-100,.,.,100,Witch,idle_0,125,0,empty,0,0,-999,-999
7,40,1,a1000,Ail Shell,…,I know I'm not in a position to say this+o but...,こんなこと言える立場じゃないのは分かってるが…,Yongsa,idle_0,-50,.,.,-100,.,.,100,Witch,idle_0,125,0,empty,0,0,-999,-999
7,41,1,a1000,Ail Shell,도와줘.,Help me.,力を貸してくれ。,Yongsa,say_0,-50,.,.,-100,.,.,100,Witch,idle_0,125,0,empty,0,0,-999,-999
7,42,1,a0001,Grin,…,...,……,Yongsa,say_0,-50,.,.,-100,.,.,100,Witch,eyeClose_0,125,0,empty,0,0,-999,-999
7,43,1,a1000,Ail Shell,…안되나?,...Is that a no?,…ダメか？,Yongsa,lie_0,-50,.,.,-100,.,.,100,Witch,eyeClose_0,125,0,empty,0,0,-999,-999
7,44,1,a0001,Grin,아+o 아니요!,Ah+o no!,い、いえ！,Yongsa,lie_0,-125,.,.,-100,.,.,100,Witch,panic_0,75,0,empty,0,0,-999,-999
7,45,1,a0001,Grin,바로 준비할게요!,I'll prepare right away!,すぐに準備します！,Yongsa,lie_0,-115,.,.,-100,.,.,100,Witch,smile_2,500,0,empty,0,0,-999,-999
7,46,1,a1000,Ail Shell,그래… 부탁한다…,Okay... Please...,ああ…頼んだぞ…,Yongsa,panic_1,-50,.,.,-100,.,.,100,Witch,smile_2,500,0,empty,0,0,-999,-999
8,0,1,a0002,Grin,좋아. 준비완료!,Okay. Ready!,よし、準備完了！,.,.,0,.,.,-100,.,.,100,Witch,smile_2,500,0,empty,0,0,-999,-999
8,1,1,a0003,Grin,이왕 도움 요청도 받았으니 할 수 있는 만큼 해볼까요!,Since I've been asked for help+o I'll do as much as I can!,せっかく助けを頼まれたんですし、\nできる限りやってみましょう！,.,.,0,.,.,-100,.,.,100,Witch,smile_0,125,0,empty,0,0,-999,-999
8,2,1,a0001,Grin,어떤 능력을 사용할지 고른 다음에...,Choose which ability to use...,まずは、どの能力を使うか選んでから…,.,.,0,.,.,-100,.,.,100,Witch,eyeClose_1,100,0,empty,1,8,-999,-999
8,3,1,a0001,Grin,선택한 능력으로 이미 정해진 운명을 바꿔버리는 거에요!,And change the already determined destiny with the selected ability!,選んだ能力で、すでに定まった運命を変えてしまうんです！,.,.,0,.,.,-100,.,.,100,Witch,shine_0,80,0,empty,1,9,-999,-999
8,4,1,a0001,Grin,초록색은 매 턴 아군에게... 빨간색은 2턴 마다 적군에게…,Green is for allies every turn... Red is for enemies every 2 turns...,緑は毎ターン味方に…赤は2ターンごとに敵に…,.,.,0,.,.,-100,.,.,100,Witch,say_0,115,0,empty,1,10,-999,-999
8,5,1,a0001,Grin,그리고 노란색은 3턴 마다 아무에게나 사용할 수 있다.,And yellow can be used on anyone every 3 turns.,そして黄色は3ターンごとに、誰にでも使えると。,.,.,0,.,.,-100,.,.,100,Witch,idle_0,125,0,empty,1,10,-999,-999
8,6,1,a0001,Grin,일단은 이 정도일까요?,Is that about it for now?,とりあえずは、このくらいですかね？,.,.,0,.,.,-100,.,.,100,Witch,lie_0,130,0,empty,1,10,-999,-999
8,7,1,a0001,Grin,…좋아!,...Alright!,…よし！,.,.,0,.,.,-100,.,.,100,Witch,eyeClose_0,0,0,empty,0,0,-999,-999
8,8,1,a0001,Grin,해볼까. 운명 조작!,Let's do it. Destiny Manipulation!,やってみましょう、運命操作！,.,.,0,.,.,-100,.,.,100,Witch,shine_0,-500,0,empty,0,0,-999,17
9,0,1,a1000,Ail Shell,…,...,……,Yongsa,eyeClose_0,-150,.,.,-100,.,.,100,Witch,eyeClose_0,150,0,empty,0,0,-999,-999
9,1,1,a1000,Ail Shell,…이겼다.,…We won.,…勝った。,Yongsa,smile_0,-125,.,.,-100,.,.,100,Witch,idle_0,150,0,empty,0,0,-999,-999
9,2,1,a0002,Grin,해냈어요!,We did it!,やりました！,Yongsa,smile_0,-125,.,.,-100,.,.,100,Witch,smile_2,125,0,empty,0,0,-999,31
9,3,1,a1000,Ail Shell,(전투의 흐름을 가져오거나 적의 호흡이 이상하게 망가졌어.),(The flow of battle was being diverted+o\nor the enemy's breathing was strangely disrupted.),（戦いの流れを乱したり、敵の呼吸を妙に狂わせたり…）,Yongsa,eyeClose_0,-115,.,.,-100,.,.,100,Witch,smile_2,125,0,empty,0,0,-999,-999
9,4,1,a1000,Ail Shell,(한합으로 승패가 결정되는 전투에서… 정말 말도 안 되는 성능이네.),(In a battle where victory or defeat is decided in one move…\nIt's an absurdly powerful ability.),（一合で勝敗が決まる戦闘で…まったく、とんでもない性能だ。）,Yongsa,idle_0,-120,.,.,-100,.,.,100,Witch,smile_2,125,0,empty,0,0,-999,-999
9,5,1,a1000,Ail Shell,...유용하네. 그 마법.,...Useful. That magic.,…便利だな、その魔法。,Yongsa,smile_0,-75,.,.,-100,.,.,100,Witch,smile_2,125,0,empty,0,0,-999,-999
9,6,1,a0001,Grin,…!,...!,…！,Yongsa,smile_0,-75,.,.,-100,.,.,100,Witch,happy_0,100,0,empty,0,0,-999,-999
9,7,1,a0001,Grin,그쵸.,Right?,ですよね？,Yongsa,smile_0,-75,.,.,-100,.,.,100,Witch,eyeClose_0,110,0,empty,0,0,-999,-999
9,8,1,a0001,Grin,정말… 진작 이것저것 보여드릴 걸 그랬네요!,I really... I should have shown you this sooner!,本当…もっと早く、いろいろお見せすればよかったですね！,Yongsa,smile_0,-100,.,.,-100,.,.,100,Witch,say_0,50,0,empty,0,0,-999,-999
10,0,1,a0001,Grin,이번에는 좋은 아이템들이에요!,This time+o there are good items!,今回はいいアイテムですね！,Yongsa,eyeClose_0,-125,.,.,-100,.,.,100,Witch,idle_0,-60,0,empty,1,20,-999,-999
10,1,1,a0001,Grin,빨리 담아가죠! 이것들이 있으면 이것저것…,Let's quickly take them!\nWith these+o we can do this and that...,早く拾っていきましょう！ これがあれば、いろいろと…,Yongsa,eyeClose_0,-125,.,.,-100,.,.,100,Witch,shine_0,-30,0,empty,1,20,-999,-999
10,2,1,a1000,Ail Shell,…,...,……,Yongsa,eyeClose_0,-125,.,.,-100,.,.,100,Witch,shine_0,-30,0,empty,0,0,-999,-999
10,3,1,a1000,Ail Shell,…저기 말이야.,...Hey+o you know.,…なあ。,Yongsa,say_0,-110,.,.,-100,.,.,100,Witch,shine_0,-30,0,empty,0,0,-999,-999
10,4,1,a0001,Grin,?,?,？,Yongsa,idle_0,-110,.,.,-100,.,.,100,Witch,idle_0,-40,0,empty,0,0,-999,18
10,5,1,a1000,Ail Shell,뭔가 원래 걸릴 시간보다 더 걸리고 있지 않아?,Isn't it taking longer than it should?,本来よりも、時間がかかってる気がしないか？,Yongsa,doubt_0,-125,.,.,-100,.,.,100,Witch,idle_0,-40,0,empty,0,0,-999,-999
10,6,1,a1000,Ail Shell,별로 멀지도 않은 탑에 가는 데 이렇게 걸리나…?,Does it really take this long to get to a tower that's not that far away...?,そう遠くもない塔に行くだけで、こんなにかかるものか…？,Yongsa,panic_1,-135,.,.,-100,.,.,100,Witch,idle_0,-40,0,empty,0,0,-999,-999
10,7,1,a0001,Grin,아... 그게…,Ah... That's...,あ…それは…,Yongsa,panic_1,-135,.,.,-100,.,.,100,Witch,panic_0,-30,0,empty,0,0,-999,-999
10,8,1,a1000,Ail Shell,역시 아는 게 있구나? 이번에도 마법 때문이야?,You know something+o don't you?\nIs it because of magic again?,やっぱり何か知ってるな？ 今回も魔法のせいか？,Yongsa,doubt_0,-110,.,.,-100,.,.,100,Witch,panic_0,0,0,empty,0,0,-999,-999
10,9,1,a0001,Grin,마법 때문이라고 해야할까… 원래 운명대로라고 해야하나...,Should I say it's because of magic…\nOr should I say it's according to the original destiny...?,魔法のせい…というよりは、もともとの運命どおり…と言いますか…,Yongsa,panic_1,-110,.,.,-100,.,.,100,Witch,lie_0,10,0,empty,0,0,-999,-999
10,10,1,a1000,Ail Shell,?,?,？,Yongsa,idle_0,-110,.,.,-100,.,.,100,Witch,lie_0,10,0,empty,0,0,-999,18
10,11,1,a0001,Grin,저희가 나아갈 때마다 주사위 같은 걸 굴리고 있는 데 말이죠…,We're rolling dice every time we move forward...,実は、進むたびにサイコロみたいなものを振っていて…,Yongsa,idle_0,-110,.,.,-100,.,.,100,Witch,panic_0,0,0,empty,0,0,-999,-999
10,12,1,a0001,Grin,애일 씨 주사위가 거의 1이라 1밖에 안 나오는 중이에요...,But Ail's dice are almost 1s+o so only 1 is coming out...,で、エイルさんのサイコロがほぼ1で、ずっと1しか出ないんです…,Yongsa,idle_0,-110,.,.,-100,.,.,100,Witch,lie_0,10,0,empty,0,0,-999,-999
10,13,1,a1000,Ail Shell,…그게 무슨 뜻이야?,...What does that mean?,…どういう意味だ？？,Yongsa,say_0,-90,.,.,-100,.,.,100,Witch,lie_0,10,0,empty,0,0,-999,-999
10,14,1,a0001,Grin,사람 따라 다르지만… 지금 전투에서는 조금의 힘 밖에 못쓰고...,It varies from person to person+o\nbut... In the current battle+o you can only use a little power...,人によって違うけど…今の戦闘ではほんのわずかな力しか使えず…,Yongsa,say_0,-90,.,.,-100,.,.,100,Witch,panic_0,0,0,empty,0,0,-999,-999
10,15,1,a0001,Grin,모험에서도 행운이든 불행이든 다 겪게 되실 거라는 거죠...,And in adventures+o you'll experience both luck and misfortune...,冒険でも、幸運も不運も全部味わうことになる…ということです…,Yongsa,say_0,-90,.,.,-100,.,.,100,Witch,sad_0,0,0,empty,0,0,-999,-999
10,16,1,a1000,Ail Shell,…최악이잖아.,...That's the worst.,…最悪じゃないか。,Yongsa,panic_0,-100,.,.,-100,.,.,100,Witch,sad_0,0,0,empty,0,0,-999,16
10,17,1,a0001,Grin,…그,...Th-,…で、,Yongsa,panic_0,-120,.,.,-100,.,.,100,Witch,lie_0,-10,0,empty,0,0,-999,-999
10,18,1,a0001,Grin,그래도 마침 운명을 바꿀 수 있는 아이템을 얻었어요!,But we just got an item that can change destiny!,でもちょうど、運命を変えられるアイテムを手に入れました！,Yongsa,panic_0,-120,.,.,-100,.,.,100,Witch,shine_0,-20,0,empty,1,20,-999,31
10,19,1,a0002,Grin,재… 재정비를 하고 가죠!,Let's... Let's reorganize and go!,し、しっかり立て直してから行きましょう！,Yongsa,panic_0,-120,.,.,-100,.,.,100,Witch,smile_2,-50,0,empty,1,19,-999,-999
10,20,1,a0001,Grin,아이템을 사용하면 운명도 바꿔버릴 수 있다고요!,You can change destiny by using the item!,アイテムを使えば、運命だって変えられるんですから！,Yongsa,panic_0,-130,.,.,-100,.,.,100,Witch,smile_0,-120,0,empty,1,19,-999,-999
11,0,1,a0001,Grin,그… 그러니까 사용할 사람은 여기서 정하고,S- So+o you decide who to use it on here+o,え、えっと…使う人はここで決めて、,.,.,0,.,.,-100,.,.,100,Witch,panic_0,70,0,empty,1,13,-999,-999
11,1,1,a0001,Grin,꾹 눌러서 캐릭터 위치도 바꿀 수 있는 거 같네요.,And you can change the character's position by pressing and holding.,長押しでキャラクターの位置も変えられるみたいですね。,.,.,0,.,.,-100,.,.,100,Witch,idle_0,60,0,empty,1,13,-999,-999
11,2,1,a0001,Grin,아이템도 클릭해서 사용하고 꾹 눌러서 위치를 바꿀 수 있는 것 같아요!,You can also use items\nby clicking and change their position by pressing and holding!,アイテムもクリックで使えて、\n長押しで位置を変えられるようです！,.,.,0,.,.,-100,.,.,100,Witch,smile_0,70,0,empty,1,14,-999,-999
11,3,1,a0001,Grin,한번만 쓰는 아이템들은 각각 이곳에서 캐릭터 얼굴이나 주사위 면을 눌러서 사용하고,For one-time use items+o use them\nby pressing the character's face or the dice face here+o,一度きりのアイテムは、\nそれぞれここでキャラクターの顔かサイコロの面を押して使って…,.,.,0,.,.,-100,.,.,100,Witch,smile_1,125,0,empty,1,15,-999,-999
11,4,1,a0001,Grin,이 방식으로 주사위 아이템을 사용하면 1뿐인 주사위도 바꿀 수 있을 거예요!,If you use dice items in this way+o\nyou can change the dice that are only 1!,この方法でサイコロのアイテムを使えば、\n「1」しか出ないサイコロも変えられるはずです！,.,.,0,.,.,-100,.,.,100,Witch,smile_2,70,0,empty,1,15,-999,-999
11,5,1,a0001,Grin,그리고… 허억… 패시브 아이템은 가지고 있으면 작동 순서대로,And... Huff... Passive items seem to be used in the order they are held+o,それから…はぁっ…\nパッシブアイテムは持っているだけで順番どおりに発動して…,.,.,0,.,.,-100,.,.,100,Witch,sad_2,115,0,empty,1,16,-999,-999
11,6,1,a0001,Grin,순서가 같으면 왼쪽에서 오른쪽 순으로 사용되는 모양이에요!,If the order is the same+o it seems to be used from left to right!,順番が同じなら左から右の順で使われるみたいです！,.,.,0,.,.,-100,.,.,100,Witch,sad_1,125,0,empty,1,16,-999,-999
11,7,1,a0001,Grin,적… 적당히 재정비한 후에 돌아가도록 하죠!,Let's... Let's reorganize appropriately and go back!,…と、とにかく整えてから戻りましょう！,Yongsa,black_0,500,.,.,-100,.,.,100,Witch,sad_2,115,0,empty,0,0,-999,-999
11,8,1,a1000,Ail Shell,…저기 미안한데,...Hey+o sorry+o but,…あの、,Yongsa,say_0,125,.,.,-100,.,.,100,Witch,sad_2,-50,0,empty,0,0,-999,-999
11,9,1,a1000,Ail Shell,그렇게 숨이 찰 정도로 오버하며 위로할 필요는 없어…,You don't have to overdo it and comfort me so breathlessly...,そんなに、息を切らしてまで励まなくてもいいんだぞ…,Yongsa,panic_1,100,.,.,-100,.,.,100,Witch,sad_2,-50,0,empty,0,0,-999,-999
11,10,1,a0002,Grin,저라고 좋아서 읽는 거 아니거든요!,It's not like I'm reading this because I like it!,私だって好きで読んでるわけじゃないんです！,Yongsa,panic_1,125,.,.,-100,.,.,100,Witch,angry_1,0,0,empty,0,0,-999,24
11,11,1,a0001,Grin,처음에는 위로 목적이긴 했는데…,It was originally for comfort purposes+o but...,最初は励ますつもりだったんですけど…,Yongsa,panic_1,110,Owl,black_0,-500,.,.,100,Witch,eyeClose_1,-20,0,empty,0,0,-999,-999
11,12,1,a0001,Grin,설명서에 큰 소리로 읽도록 마법이 반영되어 있다구요…,The instructions are magically reflected to be read aloud...,説明書に大声で読むように魔法がかけてあるんですよ…,Yongsa,panic_1,140,Owl,black_0,0,.,.,100,Witch,sad_1,80,0,empty,0,0,-999,16
11,13,1,a0001,Grin,한 번에 외우라고 서류마다 마법을 걸어놓는 게 전통이라고…,It's a tradition to put magic on every document\nso you can memorize it all at once...,一度で覚えられるように、\n書類ごとに魔法をかけるのが伝統らしくて…,Yongsa,panic_1,130,Owl,black_0,500,.,.,100,Witch,sad_2,0,0,empty,0,0,-999,-999
11,14,1,a1000,Ail Shell,(마법사들은 다 이렇게 마이페이스인 건가…?),(Are all wizards this self-centered...?),（魔法使いはみんな、マイペースなのか…？）,Yongsa,panic_0,110,.,.,-100,.,.,100,Witch,sad_2,-50,0,empty,0,0,-999,-999
11,15,1,a1000,Ail Shell,…너도 고생이 많다.,...You're having a hard time too.,…お前も大変だな。,Yongsa,panic_3,0,.,.,-100,.,.,100,Witch,sad_2,-70,0,empty,0,0,-999,-999
11,16,1,a0001,Grin,네… 감사합니다…,Yes... Thank you...,はい…ありがとうございます…,Yongsa,panic_3,10,.,.,-100,.,.,100,Witch,sad_0,-60,0,empty,0,0,-999,-999
12,0,1,a1000,Ail Shell,…드디어 목적지에 도착했군.,...We've finally arrived at destination.,…やっと目的地に着いたな。,Yongsa,smile_0,-500,.,.,-100,.,.,100,Witch,idle_0,-400,0,empty,2,1,-999,-999
12,1,1,a1000,Ail Shell,도망친다는 본래의 목적과는 가장 멀어졌지만…,It's the furthest away from my original goal of escaping+o but...,逃げるという本来の目的からは、だいぶ遠ざかったが…,Yongsa,panic_3,-150,.,.,-100,.,.,100,Witch,idle_0,-110,0,empty,2,1,-999,-999
12,2,1,a0002,Grin,수고하셨어요!,You've worked hard!,お疲れさまでした！,Yongsa,panic_3,-125,.,.,-100,.,.,100,Witch,say_0,-50,0,empty,2,1,-999,-999
12,3,1,a0001,Grin,앞으로는 마을 돌아다닐 때 유도 마법은 해제하도록 하죠…,From now on+o I'll disable Guidance Magic\nwhen you're walking around the village...,これからは、\n村を歩き回るときは誘導魔法は解除することにしますね…,Yongsa,panic_3,-125,.,.,-100,.,.,100,Witch,smile_0,0,0,empty,2,1,-999,-999
12,4,1,a1000,Ail Shell,…잠깐만,...Wait a minute.,…待て。,Yongsa,doubt_0,-100,.,.,-100,.,.,100,Witch,smile_0,0,0,empty,2,1,-999,-999
12,5,1,a1000,Ail Shell,이거 해제할 수 있는 거였어? 그럼 왜 그 생고생을…,You could disable it?\nThen why did I go through all that trouble...?,これ、解除できたのか？なのにどうして無駄な苦労を…,Yongsa,panic_0,-80,.,.,-100,.,.,100,Witch,smile_0,20,0,empty,2,1,-999,-999
12,6,1,a0001,Grin,아… 아하하…,Ah... Ahaha...,あ…あはは…,Yongsa,panic_0,-60,.,.,-100,.,.,100,Witch,panic_0,50,0,empty,2,1,-999,-999
12,7,1,a0001,Grin,엇… 저기!,Oh... There!,あっ…あそこ！,Yongsa,panic_0,-30,.,.,-100,.,.,100,Witch,shine_0,125,0,empty,2,1,-999,-999
12,8,1,a1000,Ail Shell,?,?,？,Yongsa,idle_0,-30,.,.,-100,.,.,100,Witch,shine_0,500,0,empty,2,1,-999,-999
12,9,1,a0000, , , , ,Yongsa,panic_1,-500,.,.,-100,.,.,100,.,.,0,0,empty,1,17,-999,26
12,10,1,a1000,Ail Shell,뭐지? 새로운 아이템인가?,What is it? A new item?,なんだ？新しいアイテムか？,Yongsa,doubt_0,-125,.,.,-100,.,.,100,Witch,black_0,500,0,empty,2,17,-999,-999
12,11,1,a0001,Grin,그… 운명 조각이라고… 삶을 구성하는 요소 같은 건데…,Th- That's a Destiny Fragment…\nIt's like an element that makes up life...,その…運命のカケラっていう…\n人生を構成する要素みたいなもので…,Yongsa,doubt_0,-125,.,.,-100,.,.,100,Witch,sad_2,125,0,empty,2,17,-999,-999
12,12,1,a0001,Grin,없어지면 힘도 약해지고… 기억도 없어지고...,If you lose it+o your power weakens…\nAnd you lose your memories...,なくなると力も弱くなって…記憶も失われてしまって…,Yongsa,doubt_0,-125,.,.,-100,.,.,100,Witch,sad_1,115,0,empty,2,17,-999,-999
12,13,1,a1000,Ail Shell,되게 중요한 거 아니야? 그런 게 어쩌다가 여기에…,Isn't that really important? How did it end up here...?,それって相当大事なものじゃないか？ \nそんなものがなぜここに…,Yongsa,panic_3,-120,.,.,-100,.,.,100,Witch,sad_1,115,0,empty,2,17,-999,-999
12,14,1,a0001,Grin,그…,Th- That's...,その…,Yongsa,panic_3,-120,.,.,-100,.,.,100,Witch,lie_0,150,0,empty,0,0,-999,-999
12,15,1,a0001,Grin,애일 씨… 겁니다…,It's Ail's...,エイルさんの…です…,Yongsa,panic_3,-120,.,.,-100,.,.,100,Witch,panic_0,125,0,empty,0,0,-999,-999
12,16,1,a1000,Ail Shell,…,...,…,Yongsa,panic_1,-125,.,.,-100,.,.,100,Witch,panic_0,125,0,empty,0,0,-999,-999
12,17,1,a1000,Ail Shell,뭐…?,What...?,は…？,Yongsa,panic_0,-125,.,.,-100,.,.,100,Witch,panic_0,125,0,empty,0,0,-999,16
13,0,1,a0000, , , , ,.,.,-500,.,.,-100,.,.,100,.,.,125,0,black,0,0,-999,-999
13,1,1,a0000, ,(끼이익...),(Creak...),（ギイィ…）,Yongsa,black_0,500,.,.,-100,.,.,100,Witch,black_0,500,1,home,0,0,-999,23
13,2,1,a0001,Grin,다녀왔습니다~,I'm home~!,ただいま戻りました〜。,Yongsa,idle_0,180,.,.,-100,.,.,100,Witch,say_0,125,0,home,0,0,1,-999
13,3,1,a1000,Ail Shell,…어쩌다 보니 돌아와 버렸네.,...Somehow+o I've ended up back here.,…気づけば、戻ってきたな。,Yongsa,eyeClose_0,125,.,.,-100,.,.,100,Witch,idle_0,-125,0,home,0,0,1,-999
13,4,1,a1000,Ail Shell,그러니까 이걸 나한테 돌려놓으면 내 기억이 돌아온다고?,So+o if I put this back in me+o my memories will return?,つまり、これを俺に戻せば記憶が戻るってことか？,Yongsa,say_0,115,.,.,-100,.,.,100,Witch,idle_0,-150,0,home,0,0,1,-999
13,5,1,a0001,Grin,네! 힘은 안 돌아올 가능성이 크지만…,Yes! There's a high chance your power won't return+o though...,はい！ 力は戻らない可能性が高いですけど…,Yongsa,say_0,115,.,.,-100,.,.,100,Witch,say_0,-125,0,home,0,0,1,-999
13,6,1,a1000,Ail Shell,힘은 안 돌아온다고...? 왜?,My power won't return...? Why?,力は戻らない…？ なぜだ？,Yongsa,panic_1,100,.,.,-100,.,.,100,Witch,idle_0,-125,0,home,0,0,1,-999
13,7,1,a0001,Grin,기… 기억이 돌아오는 게 어디에요?,I- Isn't it good enough that your memories are returning?,き…記憶が戻るだけでも十分じゃないですか。,Yongsa,panic_1,125,.,.,-100,.,.,100,Witch,lie_0,-100,0,home,0,0,1,-999
13,8,1,a1000,Ail Shell,…,...,……,Yongsa,doubt_0,125,.,.,-100,.,.,100,Witch,lie_0,-110,0,home,0,0,1,-999
13,9,1,a1000,Ail Shell,…그래. 아무튼 기억은 돌아온다는 말이지?,...Okay. Anyway+o you're saying my memories will return+o right?,…まあいい。とにかく記憶は戻るんだな？,Yongsa,eyeClose_0,125,.,.,-100,.,.,100,Witch,lie_0,-125,0,home,0,0,1,-999
13,10,1,a1000,Ail Shell,(다만 마법을 써주는 게…),(...),（ただ、魔法をかけてくれるのが…）,Yongsa,panic_3,125,.,.,-100,.,.,100,Witch,lie_0,-135,0,home,0,0,1,-999
13,11,1,a0001,Grin,?,?,？,Yongsa,panic_3,125,.,.,-100,.,.,100,Witch,idle_0,-105,0,home,0,0,1,-999
13,12,1,a0001,Grin,(빵끗),(Smile),（にこっ）,Yongsa,panic_3,125,.,.,-100,.,.,100,Witch,smile_1,-100,0,home,0,0,1,31
13,13,1,a1000,Ail Shell,…,...,……,Yongsa,idle_0,125,.,.,-100,.,.,100,Witch,idle_0,-125,0,home,0,0,1,-999
13,14,1,a0003,Ail Shell,(저녀석… 마녀기도 하고.),(That girl... She's also a witch.),（何より、魔女であり…）,Yongsa,eyeClose_0,125,.,.,-100,.,.,100,Witch,shine_0,-135,0,home,0,0,1,-999
13,15,1,a0001,Ail Shell,(갑자기 날 죽인다는 헛소리를 했지만…),(She's hiding a lot+o so I'm suspicious+o but...),（隠していることが多く、どうにも怪しいが…）,Yongsa,panic_3,125,.,.,-100,.,.,100,Witch,panic_0,-115,0,home,0,0,1,-999
13,16,1,a1000,Ail Shell,...적어도 마냥 나쁜 녀석은 아닌 것 같네.,...At least+o she doesn't seem like someone\nwho would deceive me with malicious intent.,…少なくとも、悪意を持って騙すような人じゃなさそうだな。,Yongsa,idle_0,125,.,.,-100,.,.,100,Witch,idle_0,-125,0,home,0,0,1,-999
13,17,1,a0001,Grin,네? 뭐가요?,What?,え？何がですか？,Yongsa,smile_0,125,.,.,-100,.,.,100,Witch,say_0,-100,0,home,0,0,1,-999
13,18,1,a1000,Ail Shell,…아냐.,...Nothing.,…なんでもない。,Yongsa,eyeClose_0,135,.,.,-100,.,.,100,Witch,idle_0,-100,0,home,0,0,1,-999
13,19,1,a1000,Ail Shell,그냥 이번엔 마법 실수하지 말아달라고.,Just please don't make any mistakes this time.,今度は、魔法の失敗だけは勘弁してくれ。,Yongsa,smile_0,145,.,.,-100,.,.,100,Witch,idle_0,-100,0,home,0,0,1,-999
13,20,1,a0001,Grin,애일 씨 앞에서 실수한 적은 없던 거 같은데…,I don't think I've ever made a mistake in front of Ail...,エイルさんの前で失敗したことはなかったと思いますけど…,Yongsa,smile_0,125,.,.,-100,.,.,100,Witch,angry_0,-90,0,home,0,0,1,24
13,21,1,a0001,Grin,…알겠어요. 걱정 많은 건 여전하시네.,...Okay. You're still worried as ever.,…わかりました。心配性なのは相変わらずですね。,Yongsa,smile_0,100,.,.,-100,.,.,100,Witch,eyeClose_1,-100,0,home,0,0,1,-999
13,22,1,a0001,Grin,그럼 갑니다?,Shall I go then?,じゃあ、いきますよ？,Yongsa,smile_0,20,.,.,-100,.,.,100,Witch,smile_0,-20,0,home,0,0,1,-999
13,23,1,a1000,Ail Shell,….!,...!,……！,Yongsa,panic_0,10,.,.,-100,.,.,100,Witch,panic_0,-10,0,home,0,0,-999,-999
13,24,1,a0000, , , , ,Yongsa,panic_0,500,.,.,-100,.,.,100,Witch,panic_0,-500,0,home,1,18,-999,11
13,25,1,a1000,Ail Shell,읏…,Ugh...,うっ…,Yongsa,panic_1,150,.,.,-100,.,.,100,Witch,panic_0,-150,0,home,2,18,-999,-999
13,26,1,a0001,Grin,어때요? 뭐가 느껴져요?,How is it? Can you feel anything?,どうですか？ 何か感じます？,Yongsa,panic_1,180,.,.,-100,.,.,100,Witch,smile_2,-120,0,home,2,18,-999,-999
13,27,1,a1000,Ail Shell,뭔가… 어지러진 공간에서…,Something... In a chaotic space...,なんか…乱れた空間の中で…,Yongsa,panic_3,125,.,.,-100,.,.,100,Witch,smile_2,-150,0,home,2,18,-999,-999
13,28,1,a1000,Ail Shell,무장을 한 나랑… 쓰러진 아이가 마주보고 있고…,I'm facing a fallen child with my armor on...,武装した俺と…倒れている子どもが向かい合っていて…,Yongsa,doubt_0,115,.,.,-100,.,.,100,Witch,smile_2,-150,0,home,2,18,-999,-999
13,29,1,a1000,Ail Shell,그리고…,And...,そして…,Yongsa,eyeClose_0,135,.,.,-100,.,.,100,Witch,smile_2,-150,0,home,2,18,-999,-999
13,30,1,a1000,Ail Shell,…더 안떠올라? 이게 끝이야?,...I can't remember anything else! Is that it?,…これで終わり？もう思い出せないのか？ ,Yongsa,panic_2,125,.,.,-100,.,.,100,Witch,smile_2,-150,0,home,0,0,-999,-999
13,31,1,a0001,Grin,…,...,……,Yongsa,panic_2,125,.,.,-100,.,.,100,Witch,idle_0,-125,0,home,0,0,-999,-999
13,32,1,a0001,Grin,끝인데요?,That's it?,終わりですけど？,Yongsa,panic_2,125,.,.,-100,.,.,100,Witch,panic_0,-110,0,home,0,0,1,18
13,33,1,a1000,Ail Shell,…진짜? 마법 문제는 아니고?,...Really? It's not magical-problem+o is it?,…本当か？ 魔法の不具合じゃないのか？,Yongsa,doubt_0,100,.,.,-100,.,.,100,Witch,panic_0,-110,0,home,0,0,1,-999
13,34,1,a0001,Grin,...그 작은 조각 가지고 너무 많이 바라시는 거 아니에요?,...Aren't you expecting too much from that small fragment?,…その小さなかけらで、望みすぎじゃないですか？,Yongsa,doubt_0,100,.,.,-100,.,.,100,Witch,angry_0,-100,0,home,0,0,1,24
13,35,1,a1000,Ail Shell,아니… 뭔가 저녁먹고 양치했는데,No... It's like brushing my teeth after dinner+o but,いや…なんというか、夕飯を食べて歯を磨いたあとに,Yongsa,panic_1,125,.,.,-100,.,.,100,Witch,angry_0,-125,0,home,0,0,1,-999
13,36,1,a1000,Ail Shell,디저트가 있었다는 게 기억난 느낌이랄까…,I remembered that there was dessert...,デザートがあったことを思い出した…そんな感覚だ。,Yongsa,panic_2,135,.,.,-100,.,.,100,Witch,angry_0,-125,0,home,0,0,1,-999
13,37,1,a1000,Ail Shell,뭔가 잊으면 안 되는 것 같았단 말이야.,I felt like there was something I shouldn't forget.,なんだか、忘れちゃいけない気がする。,Yongsa,panic_3,115,.,.,-100,.,.,100,Witch,angry_0,-125,0,home,0,0,1,-999
13,38,1,a0001,Grin,…확실히 잊으면 안 되는 기억이셨겠죠.,...It must have been a memory you shouldn't forget.,…確かに、忘れちゃいけない記憶だったんでしょうね。,Yongsa,panic_3,115,.,.,-100,.,.,100,Witch,eyeClose_0,-115,0,home,0,0,1,-999
13,39,1,a1000,Ail Shell,?,?,？,Yongsa,idle_0,115,.,.,-100,.,.,100,Witch,eyeClose_0,-115,0,home,0,0,1,-999
13,40,1,a0001,Grin,무장한 애일 씨가 쓰러진 아이랑 마주본다…,Ail in armor facing a fallen child...,武装したエイルさんが、\n倒れている子どもと向かい合っている…,Yongsa,idle_0,115,.,.,-100,.,.,100,Witch,eyeClose_1,-125,0,home,0,0,1,-999
13,41,1,a0001,Grin,그렇다면 아마 저랑 처음 만났을 때의 기억일테니까요.,Then it's probably the memory of when we first met.,それなら、たぶん私と初めて会ったときの記憶ですから。,Yongsa,idle_0,115,.,.,-100,.,.,100,Witch,angry_1,-100,0,home,0,0,1,24
13,42,1,a1000,Ail Shell,…진짜냐.,...Really?,…本当か。,Yongsa,panic_1,120,.,.,-100,.,.,100,Witch,angry_1,-100,0,home,0,0,1,-999
13,43,1,a0001,Grin,…자세한 이야기는 기억을 찾으면 알게 될테니.,...You'll find out the details when you find your memories.,…詳しい話は、記憶を取り戻したら分かりますから、,Yongsa,panic_1,120,.,.,-100,.,.,100,Witch,eyeClose_0,-125,0,home,0,0,1,-999
13,44,1,a0001,Grin,그 다음에 하도록 할까요?,Shall we do that next time?,そのときにしませんか？,Yongsa,panic_1,130,.,.,-100,.,.,100,Witch,angry_1,-115,0,home,0,0,1,-999
13,45,1,a1000,Ail Shell,…화난 건 아니지?,...You're not angry+o are you?,…怒ってないか？,Yongsa,panic_3,115,.,.,-100,.,.,100,Witch,angry_0,-125,0,home,0,0,1,-999
13,46,1,a0002,Grin,아닌데요?,No+o I'm not?,怒ってませんけど？,Yongsa,panic_3,150,.,.,-100,.,.,100,Witch,angry_1,-80,0,home,0,0,1,24
13,47,1,a1000,Ail Shell,(화났네…),(She's angry...),（怒ってるな…）,Yongsa,panic_1,125,.,.,-100,.,.,100,Witch,angry_0,-125,0,home,0,0,1,16
13,48,1,a1000,Ail Shell,(…나와 마녀의 관계. 마녀가 날 돕는 이유.),(...My relationship with the witch.\nThe reason why the witch is helping me.),（…俺と魔女の関係、魔女が俺を助ける理由。）,Yongsa,eyeClose_0,115,.,.,-100,.,.,100,Witch,angry_0,-135,0,home,0,0,1,-999
13,49,1,a1000,Ail Shell,(모르는 게 산더미지만 지금은 방법이 없다.),(There are mountains of things I don't know+o\nbut there's no other way right now.),（知らないことは山ほどあるが、今はどうしようもない。）,Yongsa,say_0,100,.,.,-100,.,.,100,Witch,angry_0,-150,0,home,0,0,1,-999
13,50,1,a1000,Ail Shell,(…기억을 되찾기 위해서라도 한동안은 이렇게 지내야겠네.),(...I'll have to live like this for a while to regain my memories.),（…記憶を取り戻すためにも、しばらくはこうして過ごすしかないな。）,Yongsa,idle_0,80,.,.,-100,.,.,100,Witch,angry_0,-180,0,home,0,0,1,-999
13,50,1,a0001, ,자의반 타의반으로 마녀와 함께 생활하게 된 애일 쉘.,Ail Shell ended up living with the witch\nhalf voluntarily+o half involuntarily.,半ば自らの意思で、\n半ばは流されて魔女と共に暮らすことになったエイル・シェル。,Yongsa,idle_0,125,.,.,-100,.,.,100,Witch,angry_0,-300,0,home,0,0,-999,-999
13,50,1,a0000, ,그러나 그는 아직 모르고 있었다.,But he didn't know yet.,だが、彼はまだ知らなかった。,Yongsa,idle_0,300,.,.,-100,.,.,100,Witch,noise,-300,0,home,0,0,-999,-999
13,50,1,a0001, , , , ,.,.,-125,.,.,-100,.,.,100,Witch,noise,-180,0,home,0,0,-999,-999
13,50,1,a0000, ,마녀의 진정한 목적을…,Grin's true purpose...,魔女の本当の目的を…,.,.,-125,.,.,-100,.,.,100,.,.,-125,0,black,0,0,-999,-999
14,50,1,a1000,Ail Shell,크억…! 죽을 뻔했다...,Ugh...! I almost died...,くっ…！危うく死ぬところだったぞ…,Yongsa,panic_0,125,.,.,-100,.,.,100,Witch,idle_0,-125,0,empty,0,0,-999,-999
14,50,1,a0001,Grin,후후… 걱정마세요. 전투 중에는 무리지만…,Don't worry. It's impossible during battle+o but...,ふふ…心配はいりません。戦闘中は無理ですが…,Yongsa,panic_0,125,.,.,-100,.,.,100,Witch,eyeClose_0,-125,0,empty,0,0,-999,-999
14,50,1,a0001,Grin,전투 중이 아닐 때 체력이 0이 되는 건 부활시켜 드릴 수 있어요!,I can revive you when your health reaches 0 when you're not in battle!,戦闘の最中じゃなければ、\n体力がゼロになっても復活させられますよ！,Yongsa,panic_0,125,.,.,-100,.,.,100,Witch,smile_0,-125,0,empty,0,0,-999,-999
14,50,1,a0001,Grin,애일 씨만 가능하지만요!,Only Ail+o though!,それができるのは、エイルさんだけですけど！,Yongsa,panic_0,125,.,.,-100,.,.,100,Witch,smile_2,-125,0,empty,0,0,-999,-999
14,50,1,a1000,Ail Shell,…,...,……,Yongsa,doubt_0,125,.,.,-100,.,.,100,Witch,smile_2,-125,0,empty,0,0,-999,-999
14,50,1,a2000,Ail Shell,그거 고기방패라는 소리 아니야…?,Isn't that just saying I'm a meat shield...?,要するに 休まずに戦えってこと…？,Yongsa,panic_0,125,.,.,-100,.,.,100,Witch,smile_2,-125,0,empty,0,0,-999,16
15,50,1,a1000,Ail Shell,으윽… 기절할 뻔했군.,Ugh... I almost fainted.,うっ…気を失うところだった…,Yongsa,doubt_0,-125,.,.,-100,.,.,100,.,.,-125,0,empty,0,0,-999,-999
15,50,1,a2000,Ail Shell,하지만 고작 이 정도에 쓰러질 수는 없어!,But I can't fall at just this much!,しかし、こんな程度で倒れるわけには…！,Yongsa,angry_0,-80,.,.,-100,.,.,100,.,.,-125,0,empty,0,0,-999,24
15,50,1,a0000, ,튜토리얼에서 애일은 쓰러지지 않습니다. 여러 기능을 테스트해보세요!,In the tutorial+o Aile doesn't fall. Test out the various features!,チュートリアルでは、エイルは倒れません。\nいろいろな機能を試してみましょう！,Yongsa,angry_0,-80,.,.,-100,.,.,100,.,.,-125,0,empty,0,0,-999,-999
16,50,1,a1000,Ail Shell,…,...,……,Yongsa,panic_3,-300,.,.,-100,.,.,100,.,.,125,0,empty,0,0,-999,-999
16,50,1,a1000,Ail Shell,없어…,It's not here...,ない…,Yongsa,panic_1,-125,.,.,-100,.,.,100,.,.,125,0,empty,0,0,-999,-999
16,50,1,a2000,Ail Shell,이곳 어디에도 운명 조각이 없어!!!,There are no Destiny Fragments anywhere in this town!!!,運命のカケラがどこにもない！！！,Yongsa,panic_0,-125,.,.,-100,.,.,100,.,.,125,0,empty,0,0,-999,-999
16,50,1,a1000,Ail Shell,무너진 마을 벽돌도 들춰보고 도서관도 3번을 왕복했는데 없는 게 말이 돼…?,I've turned over the collapsed village bricks\nand gone back and forth to the library three times+o but it's not there...,崩れた村のレンガまでひっくり返し、\n図書館も3回往復したというのに、ないなんてことがあるか…？,Yongsa,panic_3,-125,.,.,-100,.,.,100,.,.,125,0,empty,0,0,-999,-999
16,50,1,a1000,Ail Shell,있을 법한 타워는 잠겨있고… 밖으로는 장벽 때문에 나갈수도 없고…,The tower that seems likely to have it is locked…\nAnd I can't go outside because of the barrier...,怪しげな塔は鍵がかかっている…\n外には結界があって出ることもできない…,Yongsa,panic_1,-125,.,.,-100,.,.,100,Witch,idle_0,300,0,empty,0,0,-999,-999
16,50,1,a1000,Ail Shell,…이대로 쭉 이런 모습으로 살라고?,...Am I going to live like this forever?,…このままずっと、この姿で生きろっていうのか？,Yongsa,panic_1,-125,.,.,-100,.,.,100,Witch,idle_0,180,0,empty,0,0,-999,16
16,50,1,a1000,Ail Shell,그래. 어려진 건 나쁘지 않…,Well+o being younger isn't so bad...,そうだな、若返ったのは悪くはな…,Yongsa,smile_0,-125,.,.,-100,.,.,100,Witch,happy_0,150,0,empty,0,0,-999,-999
16,50,1,a2000,Ail Shell,아니야! 스케빈저 기사단의 기사가 이런 마음을 먹어서는…!,No! A knight of the Scavenger Knights can't have these thoughts...!,いや違う！\nスカベンジャー騎士団の騎士がそんなことを考えてどうする…！,Yongsa,panic_0,-125,.,.,-100,.,.,100,Witch,happy_0,150,0,empty,0,0,-999,-999
16,50,1,a0001,Grin,애일 씨 여기 계셨네요! 아침부터 기운이 넘치시네요!,Ail+o you were here! You're full of energy from the morning!,エイルさん、ここにいらしたんですね！\n朝から元気いっぱいじゃないですか！,Yongsa,panic_0,-125,.,.,-100,.,.,100,Witch,smile_2,125,0,empty,0,0,-999,-999
16,50,1,a1000,Ail Shell,이게 기운 넘치는 걸로 보이냐!,Does this look like I'm full of energy!,これが元気いっぱいに見えるのか！,Yongsa,angry_2,-100,.,.,-100,.,.,100,Witch,panic_0,125,0,empty,0,0,-999,24
16,50,1,a0001,Grin,너무 열내지 마세요. 이제 애일 씨가 좋아하는… ,Don't get too worked up. Now it's time for Ail to do what you likes...,そんなに怒らないでください。\nこれからエイルさんの好きな…,Yongsa,angry_2,-100,.,.,-100,.,.,100,Witch,smile_0,135,0,empty,0,0,-999,-999
16,50,1,a0002,Grin,모험을 해야 하니까요!,That is… Adventure!,冒険しなきゃですから！,Yongsa,angry_2,-100,.,.,-100,.,.,100,Witch,smile_2,125,0,empty,0,0,-999,31
16,50,1,a1000,Ail Shell,모험…? 이곳에서 갈 수 있는 곳은 다 가봤는데…,Adventure...? I've been everywhere I can go in this place...,冒険…？ 行けるところは全部回ったぞ…,Yongsa,say_0,-125,.,.,-100,.,.,100,Witch,smile_2,125,0,empty,0,0,-999,-999
16,50,1,a0001,Grin,에… 중앙 탑 말고는 운명 조각이 없을텐데...,Eh? There won't be any Destiny Fragments except in the Central Tower...,えっと…中央の塔にしか、\n運命のカケラはないはずなんですが…,Yongsa,say_0,-125,.,.,-100,.,.,100,Witch,panic_0,125,0,empty,0,0,-999,-999
16,50,1,a1000,Ail Shell,…?,...?,…？,Yongsa,panic_2,-125,.,.,-100,.,.,100,Witch,panic_0,125,0,empty,0,0,-999,-999
16,50,1,a0001,Grin,그… 마력 감지라는 건데… 조각이 어디있는지 탐색도 되는…,I can use something called magic detection…\nIt can also search for where the fragments are...,あの…魔力感知っていうんですけど…\nカケラのある場所を探知できるという…,Yongsa,panic_2,-125,.,.,-100,.,.,100,Witch,sad_2,125,0,empty,0,0,-999,-999
16,50,1,a1000,Ail Shell,그런 게 있었어…?,There was something like that...?,そんなのがあったのか…？,Yongsa,panic_0,-125,.,.,-100,.,.,100,Witch,sad_2,125,0,empty,0,0,-999,16
16,50,1,a0001,Grin,…아무튼 저희가 향할 곳은 저기 보이는 탑입니다.,...Anyway+o the place we're heading to is that tower over there.,…とにかく、私たちが向かうのは、\nあそこに見える塔です。,Yongsa,panic_0,-125,.,.,-100,.,.,100,Witch,panic_0,125,0,empty,1,21,-999,-999
16,50,1,a0001,Grin,중앙에 있는 탑이 던전화되어서 각종 운명을 빨아들이고 있거든요.,The tower in the center has become a dungeon and\nis absorbing all kinds of destinies.,中央にそびえる塔がダンジョン化していて、\nあらゆる運命を吸い込んでいるんですよ。,Yongsa,panic_0,-125,.,.,-100,.,.,100,Witch,smile_2,125,0,empty,1,21,-999,-999
16,50,1,a0001,Grin,한번 들어가면 정공법으로 못 나온다고 자신할 수 있습니다.,I can confidently say that once you go in+o you can't get out by normal means.,一度入ったら、正攻法では出られないと断言できます。,Yongsa,panic_0,-125,.,.,-100,.,.,100,Witch,smile_0,125,0,empty,1,21,-999,-999
16,50,1,a1000,Ail Shell,…희소식이 아니잖아. 그거.,...That's not good news.,…それ、朗報じゃないだろ。,Yongsa,panic_1,-125,.,.,-100,.,.,100,Witch,smile_0,125,0,empty,1,21,-999,-999
16,50,1,a0002,Grin,그래서 제가 밖에 있는 거죠!,That's why I'm outside!,だから、私が外にいるんです！,Yongsa,panic_1,-125,.,.,-100,.,.,100,Witch,smile_2,100,0,empty,1,21,-999,-999
16,50,1,a0001,Grin,마법을 이용해 연결된 저와 애일 씨라면 텔레파시도 가능하고…,If Ail and I are connected using magic+o\nwe can also communicate telepathically...,魔法でつながっている私とエイルさんなら、\nテレパシーも使えますし…,Yongsa,panic_1,-125,.,.,-100,.,.,100,Witch,idle_0,125,0,empty,1,21,-999,-999
16,50,1,a0003,Grin,무엇보다 언제든 둘 사이를 연결하는 포탈을 만들어 낼 수 있거든요!,And most of all+o I can create a portal connecting the two of us at any time!,何より、いつでも二人をつなぐポータルを作り出せるんですよ！,Yongsa,panic_1,-125,.,.,-100,.,.,100,Witch,smile_0,125,0,empty,1,21,-999,-999
16,50,1,a1000,Ail Shell,…,...,……,Yongsa,panic_3,-125,.,.,-100,.,.,100,Witch,smile_0,125,0,empty,0,0,-999,-999
16,50,1,a1000,Ail Shell,(그것도 내 입장에서는 희소식이 아닌 거 같은데…?),(That's not good news for me either...?),（それも、俺の立場からすれば朗報じゃない気がするんだが…）,Yongsa,panic_1,-125,.,.,-100,.,.,100,Witch,smile_0,125,0,empty,0,0,-999,-999
16,50,1,a0001,Grin,탑은 좀 크지만 10층 미만! 예상 소요 시간 10시간!,The tower is a bit big+o but less than 10 floors!\nEstimated time required: 10 hours!,塔は少し大きいけど10階未満！ \n予想所要時間は10時間！,Yongsa,panic_1,-125,.,.,-100,.,.,100,Witch,idle_0,125,0,empty,0,0,-999,-999
16,50,1,a0001,Grin,위험할 때는 제 쪽에서 포탈을 열어서 애일 씨를 회수!,When it's dangerous+o I'll open a portal from my side and retrieve You!,危なくなったら、\nこちらからポータルを開いてエイルさんを回収！,Yongsa,panic_1,-125,.,.,-100,.,.,100,Witch,eyeClose_0,125,0,empty,0,0,-999,-999
16,50,1,a0003,Grin,어때요? 완벽하죠! 완전 정답이죠?,How is it? Perfect+o right! Totally the right answer+o right?,どうです？ 完璧でしょう！ まさに正解ですよね？,Yongsa,panic_1,-125,.,.,-100,.,.,100,Witch,smile_2,125,0,empty,0,0,-999,31
16,50,1,a1000,Ail Shell,…,...,……,Yongsa,idle_0,-125,.,.,-100,.,.,100,Witch,smile_2,125,0,empty,0,0,-999,-999
16,50,1,a1000,Ail Shell,(경험상 이러면 꼭 뭔가 삐뚤어지던데...),(From experience+o something always goes wrong when this happens...),（経験上、こういうときは必ず何かが狂う…）,Yongsa,panic_1,-125,.,.,-100,.,.,100,Witch,smile_2,125,0,empty,0,0,-999,-999
16,50,1,a1000,Ail Shell,(다른 방법이 있는 건 아니니...),(But there's no other way...),（かといって他に手はなく…）,Yongsa,lie_0,-125,.,.,-100,.,.,100,Witch,smile_2,125,0,empty,0,0,-999,-999
16,50,1,a1000,Ail Shell,정답… 일 걸?,That is right answer... I guess?,…正解…かもな？,Yongsa,panic_2,-125,.,.,-100,.,.,100,Witch,smile_2,125,0,empty,0,0,-999,-999
16,50,1,a0001,Grin,…,...,……,Yongsa,panic_2,-125,.,.,-100,.,.,100,Witch,idle_0,125,0,empty,0,0,-999,-999
16,50,1,a0001,Grin,(거짓말 엄청 못하시네…),(He's terrible at lying...),（嘘つくの下手…）,Yongsa,panic_2,-125,.,.,-100,.,.,100,Witch,panic_0,125,0,empty,0,0,-999,-999
17,50,1,a1000,Ail Shell,돌고돌아 타워로 돌아와버렸군…,I've come full circle and returned to the tower...,回り回って、塔に戻ってきちまったな…,Yongsa,panic_3,-125,.,.,-100,.,.,100,Witch,idle_0,-110,0,empty,0,0,-999,-999
17,50,1,a0002,Grin,저번에 고블린들을 다 해치워서 이번엔 쉽게 왔네요!,We defeated all the goblins last time+o so it was easy to get here this time!,前にゴブリンたちを全部倒したおかげで、\n今回はすんなり来られましたね！,Yongsa,panic_3,-125,.,.,-100,.,.,100,Witch,smile_2,-90,0,empty,0,0,-999,-999
17,50,1,a0001,Grin,입구에 걸린 출입 금지 마법도 풀었고… 그럼 바로 들어…,I've also lifted the no-entry magic at the entrance... So+o let's go right in...,入り口にかけられていた立入禁止の魔法も解除しましたし…\nそれじゃあ早速入り――,Yongsa,panic_3,-125,.,.,-100,.,.,100,Witch,idle_0,-80,0,empty,0,0,-999,-999
17,50,1,a0001,Grin,…자 잠시만요. 뭔가 이상한데?,...Just wait a moment. Something's wrong?,…ちょ、ちょっと待ってください。なんだかおかしい…,Yongsa,panic_3,-125,.,.,-100,.,.,100,Witch,panic_0,-80,0,empty,0,0,-999,-999
17,50,1,a1000,Ail Shell,무슨 일이야? 안에 뭐라도 있는 거야?,What's wrong? Is there something inside?,どうした？ 中に何かいるのか？,Yongsa,doubt_0,-100,.,.,-100,.,.,100,Witch,panic_0,-80,0,empty,0,0,-999,23
17,50,1,a0001,Grin,자… 잠깐 막 들어가시면!,J- Just wait before you go in!,ま、待ってください！ いきなり入っちゃ――,Yongsa,doubt_0,300,.,.,-100,.,.,100,Witch,sad_1,-70,0,empty,0,0,-999,-999
17,50,1,a1000, , , , ,.,.,-125,.,.,-100,.,.,100,.,.,0,0,empty,1,2,-999,-999
17,50,1,a1000,Ail Shell,…,...,……,.,.,-125,.,.,-100,.,.,100,.,.,0,0,empty,2,2,-999,-999
17,50,1,a0001,Grin,…,...,……,Yongsa,panic_1,-125,.,.,-100,.,.,100,Witch,panic_0,125,0,empty,2,2,-999,-999
17,50,1,a1000,Ail Shell,이게 뭐야...,What is this...,これは…なんだ…,Yongsa,panic_3,-125,.,.,-100,.,.,100,Witch,panic_0,125,0,empty,2,2,-999,-999
17,50,1,a1000,Ail Shell,10시간이면 다 본다더니… 왜 실내에 들판이…,You said it would take 10 hours to see everything…\nBut… Why is there a field inside...?,10時間もあれば十分って言ってたのに…なんで屋内に草原が…,Yongsa,panic_0,-135,.,.,-100,.,.,100,Witch,panic_0,125,0,empty,2,2,-999,16
17,50,1,a0001,Grin,…아무래도 던전이 성장해서,...It seems the dungeon has grown and,…どうやらダンジョンが成長して、,Yongsa,panic_0,-125,.,.,-100,.,.,100,Witch,eyeClose_1,125,0,empty,0,0,-999,-999
17,50,1,a0001,Grin,내부 공간을 일그러트린 것 같네요...,Distorted the internal space...,内部の空間を歪めたみたいですね…,Yongsa,panic_0,-125,.,.,-100,.,.,100,Witch,idle_0,125,0,empty,0,0,-999,-999
17,50,1,a1000,Ail Shell,그러면 어떻게 되는데?,Then what happens?,それで、どうなるんだ？,Yongsa,panic_1,-125,.,.,-100,.,.,100,Witch,idle_0,125,0,empty,0,0,-999,-999
17,50,1,a0001,Grin,누군가의 삶이 던전화해서 목숨을 위협해 올 거예요.,Someone's life will become a dungeon and threaten your life.,誰かの人生がダンジョン化して、命を脅かしてくるはずです。,Yongsa,panic_1,-125,.,.,-100,.,.,100,Witch,sad_0,125,0,empty,0,0,-999,-999
17,50,1,a0001,Grin,그리고 …아,And... Ah!,それから…あっ,Yongsa,panic_1,-125,.,.,-100,.,.,100,Witch,idle_0,100,0,empty,0,0,-999,-999
17,50,1,a0001,Grin,그… 그래도 제가 도와드린다면 가뿐할 거예요!,B- But if I help you+o it'll be a breeze!,ま、まあ…私が手助けすれば楽勝ですよ！,Yongsa,panic_1,-125,.,.,-100,.,.,100,Witch,panic_0,80,0,empty,0,0,-999,-999
17,50,1,a0002,Grin,쓰러지시더라도 언제든 제가 꺼내드리면 되니까…!,Even if you fall+o I can always take you out...!,たとえ倒れても、いつでも私が引っ張り出せばいいんですから…！,Yongsa,panic_1,-125,.,.,-100,.,.,100,Witch,lie_0,80,0,empty,0,0,-999,-999
17,50,1,a1000,Ail Shell,…아니.,...No.,…いや。,Yongsa,eyeClose_0,-100,.,.,-100,.,.,100,Witch,lie_0,125,0,empty,0,0,-999,-999
17,50,1,a1000,Ail Shell,포기하자.,Let's give up.,やめておこう。,Yongsa,eyeClose_1,-100,.,.,-100,.,.,100,Witch,lie_0,125,0,empty,0,0,-999,-999
17,50,1,a0001,Grin,네?,Huh?,え？,Yongsa,eyeClose_1,-100,.,.,-100,.,.,100,Witch,panic_0,125,0,empty,0,0,-999,18
17,50,1,a1000,Ail Shell,첫째도 안전. 둘째도 안전. 세상만사 건강이 제일 중요한거라고.,Safety first.\nHealth is the most important thing in the world.,一にも安全、二にも安全。何事も健康が一番大事。,Yongsa,say_0,-125,.,.,-100,.,.,100,Witch,panic_0,125,0,empty,0,0,-999,-999
17,50,1,a1000,Ail Shell,젊을 때면 몰라도 이젠 몸 관리도 해야하고…,I could do it when I was young+o but now I have to take care of my body...,若い頃ならともかく、今は体の管理もしないと…,Yongsa,eyeClose_1,-100,.,.,-100,.,.,100,Witch,panic_0,125,0,empty,0,0,-999,-999
17,50,1,a1000,Ail Shell,물론 돈이 걸려있으면 좀 다르겠지만...!,Of course+o it would be a little different if money was involved...!,もちろん、金がかかっているなら少しは違うけど…！,Yongsa,smile_0,-80,.,.,-100,.,.,100,Witch,panic_0,125,0,empty,0,0,-999,-999
17,50,1,a0001,Grin,(아니… 아저씨냐고.),(No... Is he an old man?),（いやいや…ただのおじさんじゃん）,Yongsa,smile_0,-125,.,.,-100,.,.,100,Witch,angry_0,125,0,empty,0,0,-999,24
17,50,1,a1000,Ail Shell,급한 것도 아니니 천천히 하자고. 다른 방법이나 찾아보자.,It's not urgent+o so let's take it slow. Let's find another way.,ゆっくりやろう。他の方法を探すぞ。,Yongsa,eyeClose_1,-125,.,.,-100,.,.,100,Witch,angry_0,125,0,empty,0,0,-999,-999
17,50,1,a0001,Grin,그… 그렇지만.,B- But.,で…でも。,Yongsa,eyeClose_1,-125,.,.,-100,.,.,100,Witch,sad_1,150,0,empty,0,0,-999,-999
17,50,1,a0003,Grin,그래요! 안에 갇힌 사람들을 구해야 해요!,That's right! We have to save the people trapped inside!,そうですね！ 中に閉じ込められた人たちを助けないと！,Yongsa,eyeClose_1,-125,.,.,-100,.,.,100,Witch,panic_0,125,0,empty,0,0,-999,-999
17,50,1,a0001,Grin,던전이 나타날 때 이곳에 살던 사람들이 빨려 들어갔거든요!,People who lived here were sucked in when the dungeon appeared!,ダンジョンが現れたとき、\nここに住んでいた人たちが吸い込まれたんです！,Yongsa,eyeClose_1,-125,.,.,-100,.,.,100,Witch,lie_0,100,0,empty,0,0,-999,-999
17,50,1,a0002,Grin,기사라면 위험한 사람들을 두고 갈 수는…,A knight can't leave dangerous people behind...,騎士なら、危険な人たちを置いて行くなんて…,Yongsa,eyeClose_1,-125,.,.,-100,.,.,100,Witch,smile_1,100,0,empty,0,0,-999,-999
17,50,1,a1000,Ail Shell,그걸…,Why...,それを…,Yongsa,doubt_0,-135,.,.,-100,.,.,100,Witch,smile_1,125,0,empty,0,0,-999,-999
17,50,1,a0001,Grin,( 에…? ),(Huh...?),（え…？）,Yongsa,doubt_0,-135,.,.,-100,.,.,100,Witch,panic_0,125,0,empty,0,0,-999,-999
17,50,1,a2000,Ail Shell,그걸 왜 이제 말하는 거야!,Why are you telling me that now!,それをなぜ今言う！？,Yongsa,angry_2,-50,.,.,-100,.,.,100,Witch,panic_0,125,0,empty,0,0,-999,24
17,50,1,a0001,Grin,( 에에…?! ),(Eeeeh...?!),（ええ…？）,Yongsa,angry_2,-50,.,.,-100,.,.,100,Witch,sad_1,125,0,empty,0,0,-999,-999
17,50,1,a1000,Ail Shell,…기억은 다음에 찾는다.,...I'll find my memories later.,…記憶は後でいい。,Yongsa,eyeClose_0,-125,.,.,-100,.,.,100,Witch,panic_0,125,0,empty,0,0,-999,-999
17,50,1,a1000,Ail Shell,그 유도 마법인지 뭔지로 사람들 추적할 수 있어?,Can you track people with that Guidance Magic or whatever it is?,その誘導魔法とかいうので、人を追跡できるか？,Yongsa,doubt_0,-125,.,.,-100,.,.,100,Witch,panic_0,125,0,empty,0,0,-999,-999
17,50,1,a0001,Grin,어… 네! 아마도… 가능해요!,Uh... Yes! Probably... I can!,え…はい！ たぶん…できます！,Yongsa,doubt_0,-100,.,.,-100,.,.,100,Witch,say_0,125,0,empty,0,0,-999,-999
17,50,1,a1000,Ail Shell,좋아. 내가 들어갈테니까 그 사람들한테 나를 유도해.,Okay. I'll go in+o so guide me to those people.,よし。俺が中に入るから、その人たちのところまで誘導しろ。,Yongsa,eyeClose_1,-125,.,.,-100,.,.,100,Witch,say_0,125,0,empty,0,0,-999,-999
17,50,1,a1000,Ail Shell,사람들을 찾으면 포탈을 열어서 사람들을 마을로 꺼낸다. 알겠지?,When I find people+o open portal and take them out to village. Got it?,人を見つけたらポータルを開いて村まで逃がすんだ。いいな？,Yongsa,angry_0,-125,.,.,-100,.,.,100,Witch,say_0,125,0,empty,0,0,-999,-999
17,50,1,a0001,Grin,네… 네!,Y- Yes!,は、はい！,Yongsa,angry_0,-125,.,.,-100,.,.,100,Witch,panic_0,125,0,empty,0,0,-999,-999
17,50,1,a0001,Grin,그런데… 기억은 괜찮은 거예요? 역시 기사라서...?,But... What about your memories?\nAre you prioritizing people just because you are knight?,ところで…記憶は大丈夫なんですか？ やっぱり、騎士だから…？,Yongsa,angry_0,-125,.,.,-100,.,.,100,Witch,sad_1,125,0,empty,0,0,-999,-999
17,50,1,a1000,Ail Shell,…내가 기사든 일반인이었든,...Whether I'm a knight or an ordinary person+o,…俺が騎士だろうと一般人だろうと、,Yongsa,idle_0,-125,.,.,-100,.,.,100,Witch,sad_1,125,0,empty,0,0,-999,-999
17,50,1,a1000,Ail Shell,일단 사람들 먼저 구할 거다.,I'll save people first.,まず人を助けるのが先だ。,Yongsa,say_0,-125,.,.,-100,.,.,100,Witch,sad_1,125,0,empty,0,0,-999,-999
17,50,1,a1000,Ail Shell,그게 사람된 도리잖아.,That's the right thing to do.,それが、人としての務めだろ。,Yongsa,eyeClose_1,-125,.,.,-100,.,.,100,Witch,sad_1,125,0,empty,0,0,-999,-999
17,50,1,a0001,Grin,(…여전하시네요.),(...You haven't changed.),（…相変わらずですね）,Yongsa,eyeClose_1,-125,.,.,-100,.,.,100,Witch,eyeClose_0,125,0,empty,0,0,-999,-999
17,50,1,a0001,Grin,좋아요! 그럼 제가 잘 안내해볼게요.,Okay! Then I'll guide you well.,よし！ じゃあ私がしっかり案内しますね。,Yongsa,eyeClose_1,-125,.,.,-100,.,.,100,Witch,happy_0,125,0,empty,0,0,-999,21
17,50,1,a0002,Grin,그럼 출발해보죠!,Let's get started!,それじゃ、出発しましょう！,Yongsa,eyeClose_1,-125,.,.,-100,.,.,100,Witch,smile_2,125,0,empty,0,0,-999,-999
17,50,1,a1000,Ail Shell,그래. 잘 부탁한다.,Okay. I'm counting on you.,ああ、頼んだぞ。,Yongsa,smile_0,-125,.,.,-100,.,.,100,Witch,smile_2,125,0,empty,0,0,-999,-999
18,0,1,a1010,Ail Shell,후… 이겼다.,Whew... I won.,ふう…勝った。,Yongsa,panic_3,-125,.,.,-50,Village,angryBlack_0,125,Owl,black_0,100,0,empty,0,0,-999,-999
18,1,1,a0011,Flutter,설마 지다니?! 최후의 수단이었는데!,I can't believe I lost?! It was the last power!,私の負け！？これが最後の手だったのに！！,Yongsa,panic_3,-125,.,.,-50,Village,angryBlack_0,125,Owl,sad_0,100,0,empty,0,0,-999,16
18,2,1,a0011,Flutter,으으… 원하는 게 뭐야… 마을 사람들은 건드리지 마!,Ugh... what do you want... don't touch the townspeople!,くっ…私たちに何を求めるというの…\n村の人たちには手を出すんじゃないよ！,Yongsa,panic_3,-125,.,.,-50,Village,angryBlack_0,125,Owl,angry_0,80,0,empty,0,0,-999,-999
18,3,1,a0020,Village,아니야! 우리는 괜찮으니 마법사님은 건드리지 마!,No! We're okay+o so don't touch the wizard!,ちがう！私たちは大丈夫だから、\n魔法使い様には手を出すな！,Yongsa,panic_3,-125,.,.,-50,Village,angry_0,80,Owl,angry_0,125,0,empty,0,0,-999,-999
18,4,1,a0011,Flutter,여러분…,Everyone...,皆さん…,Yongsa,panic_3,-125,.,.,-50,Village,angryBlack_0,80,Owl,sad_1,125,0,empty,0,0,-999,-999
18,5,1,a1010,Ail Shell,(…왜인지 나 엄청 나쁜 놈이 된거 같은데?),(...Why do I feel like I've become a really bad guy?),（…なぜか俺、とんでもない悪者になった気がするんだが…）,Yongsa,panic_0,-125,.,.,-50,Village,angryBlack_0,80,Owl,sad_1,125,0,empty,0,0,-999,-999
18,6,1,a1010,Ail Shell,하… 그린. 이제 포탈은 열 수 있는 거지?,Ha... Grin. You can open portal now+o right?,はあ…グリン、これでポータルは開けるんだろ？,Yongsa,doubt_0,-125,.,.,-50,Village,angryBlack_0,100,Owl,sad_1,125,0,empty,0,0,-999,-999
18,4,1,a0011,Flutter,그린?,Grin?,…グリン？,Yongsa,doubt_0,-125,Witch,smile_2,-300,Village,angryBlack_0,80,Owl,panic_0,125,0,empty,0,0,-999,-999
18,7,1,a0310,Grin,선배!!!,Senior!!!,先輩！！！,Yongsa,doubt_0,-125,Witch,smile_2,-50,Village,angryBlack_0,100,Owl,panic_0,125,0,empty,0,0,-999,-999
18,8,1,a0012,Flutter,그린?! 진짜야? 네가 왜 거기서 나오는거야?!,Grin?! Is that really you? Why are you coming out from there?!,グリン！？　なんで！？なんであなたがそこから出てくるの！？,Yongsa,doubt_0,-125,Witch,smile_2,-50,Village,angryBlack_0,125,Owl,sad_0,50,0,empty,0,0,-999,-999
18,9,1,a1010,Ail Shell,아까부터 말했잖아요… 우린 당신들 구하러 왔다니까.,I've been saying it since earlier... I came to save you.,さっきから言ってるだろ…俺らはあんたたちを助けに来たと。,Yongsa,smile_0,-125,Witch,smile_2,-50,Village,angryBlack_0,125,Owl,sad_0,50,0,empty,0,0,-999,-999
18,10,1,a0110,Grin,선배… 이건 그러니까…,Senior... this is...,先輩…これはつまり…,Yongsa,doubt_0,-125,Witch,sad_1,-50,Village,angryBlack_0,125,Owl,sad_0,50,0,empty,0,0,-999,-999
18,11,1,a0011,Flutter,…설명은 나중에 하자.,...Explanation later.,…説明はあとに。,Yongsa,doubt_0,-125,Witch,sad_1,-50,Village,angryBlack_0,125,Owl,idle_1,50,0,empty,0,0,-999,-999
18,12,1,a0011,Flutter,일단은 사람들을 구하는 게 먼저니까.,Saving people is the priority for now.,まずは人々を助けるのが先よ。,Yongsa,doubt_0,-125,Witch,sad_1,-50,Village,angryBlack_0,125,Owl,eyeClose_1,50,0,empty,0,0,-999,-999
18,13,1,a0110,Grin,…넵.,...Yes.,…はい。,Yongsa,doubt_0,-125,Witch,sad_2,-50,Village,angryBlack_0,125,Owl,eyeClose_1,50,0,empty,0,0,-999,16
18,14,1,a1010,Ail Shell,(기가 죽었네. 선배는 선배인가.),(Grin's subdued. That's unexpected...),（意気消沈してる。やっぱり先輩は先輩か。）,Yongsa,panic_3,-125,Witch,sad_2,-50,Village,angryBlack_0,125,Owl,eyeClose_1,50,0,empty,0,0,-999,-999
18,19,1,a0110,Grin,이... 일단 이쪽으로 빠져나오시죠! 다른 분들도 같이요!,Let's get out of here first! Everyone else too!,と…とにかくこちらへ！　他の皆さんも一緒に！,Yongsa,panic_3,-125,Witch,panic_0,-50,Village,angryBlack_0,125,Owl,idle_0,125,0,empty,0,0,-999,-999
18,20,1,a0011,Flutter,…그래.,...Okay.,…そうだね。,Yongsa,panic_3,-125,Witch,panic_0,-50,Village,angryBlack_0,100,Owl,eyeClose_0,125,0,empty,0,0,-999,-999
18,21,1,a0012,Flutter,다들 고생하셨어요! 이 포탈로 모두 돌아갈 수 있습니다!,Everyone+o you've worked hard!\nYou can all go back through this portal!,皆さん！このポータルで村に帰れます！！\n本当にお疲れさまでした！！,Yongsa,panic_3,-125,Witch,panic_0,-50,Village,angryBlack_0,100,Owl,smile_0,125,0,empty,0,0,-999,-999
18,22,1,a0010,Villager A,사… 산 건가?,A... Are we alive?,た…助かった？,Yongsa,panic_3,-125,Witch,panic_0,-50,Village,happyA_0,100,Owl,say_0,125,0,empty,0,0,-999,-999
18,23,1,a0010,Villager B,살았다! 마을로 돌아갈 수 있어!,We're alive! We can go back to the village!,助かった！村に帰れる！,Yongsa,panic_3,-125,Witch,panic_0,-50,Village,happyB_0,-300,Owl,say_0,125,0,empty,0,0,-999,17
18,24,1,a0100,Grin,던전을 탐험하다가 사람들을 구하다니…,Explore the dungeon and save people...,ダンジョン探索中に人を助けるなんて…,Yongsa,panic_3,-125,Witch,eyeClose_0,-50,.,.,100,Owl,say_0,125,0,empty,0,0,-999,-999
18,25,1,a0200,Grin,의도하진 않았지만 잘 되었네요! 마치 영웅 같아요!,I didn't intend to+o but it turned out well! You are like being a hero!,狙ったわけじゃないけど、いい結果になりましたね！\n英雄みたいです！,Yongsa,panic_3,-125,Witch,smile_2,-50,.,.,100,Owl,say_0,125,0,empty,0,0,-999,31
18,26,1,a1000,Ail Shell,…그렇네.,...That's right.,…そうだな。,Yongsa,eyeClose_0,-125,Witch,smile_2,-50,.,.,100,Owl,say_0,125,0,empty,0,0,-999,-999
18,27,1,a1000,Ail Shell,이제 마음놓고 기억을 찾으러 다닐 수 있겠군.,Now I can search for my memories with peace of mind.,これで安心して記憶を探しに行けそうだ。,Yongsa,smile_0,-125,Witch,smile_2,-50,.,.,100,Owl,say_0,125,0,empty,0,0,-999,-999
18,28,1,a0001,Flutter,…? 그게 무슨 말씀…,...? What do you mean...,…？ それはどういう意味…,Yongsa,smile_0,-125,Witch,smile_2,-50,.,.,100,Owl,idle_0,125,0,empty,0,0,-999,18
18,29,1,a0100,Grin,선배. 나중에 따로 이야기 하고… 일단 돌아가도록 할까요?,Senior. Let's talk about it later... shall we go back for now?,先輩、話は後でゆっくり… とりあえず戻りませんか？,Yongsa,smile_0,-125,Witch,panic_0,-50,.,.,100,Owl,idle_0,125,0,empty,0,0,-999,16
18,30,1,a0100,Grin,사람들에게 어떤 일이 있었는지 들어도 볼 겸사해서요!,I wanna hear what happened to the people!,人々から何があったか話を聞くついでに！,Yongsa,smile_0,-125,Witch,idle_0,-50,.,.,100,Owl,idle_0,125,0,empty,0,0,-999,-999
18,31,1,a0001,Flutter,어… 일단 알겠어. 언제나처럼 도서관에 있을 테니까. 그쪽으로 와.,Uh... okay+o I'll be in the library as always. Come there.,うん…わかったわ。いつもの図書館で待ってるから。,Yongsa,smile_0,-125,Witch,idle_0,-50,.,.,100,Owl,panic_0,125,0,empty,0,0,-999,-999
18,32,1,a0100,Grin,네! 저희도 가도록 하죠! 아… 이것도 챙기고요.,Yes! We'll go too! Ah... and take this too.,はい！私たちも行きましょう！ あ…これも持っていきますね。,Yongsa,smile_0,-125,Witch,say_0,-50,.,.,100,Owl,panic_0,-300,0,empty,0,0,-999,-999
18,33,1,a0000, , , , ,Yongsa,smile_0,-125,Witch,say_0,-50,.,.,100,.,.,125,0,empty,1,55,-999,26
18,34,1,a2000,Ail Shell,이런 곳에도 있었구나! 운이 좋았네.,It was in a place like this! Lucky!,こんな場所にもあったのか！これは運が良い。,Yongsa,shine_0,-125,Witch,say_0,-50,.,.,100,.,.,125,0,empty,2,55,-999,-999
18,35,1,a1000,Ail Shell,그럼 바로 가서 기억을 되찾아보자고.,Then let's go right away and get my memory back.,じゃあ、すぐに行って記憶を取り戻そう。,Yongsa,smile_0,-125,Witch,say_0,-50,.,.,100,.,.,125,0,empty,2,55,-999,-999
18,36,1,a0100,Grin,…네.,...Yes.,…はい。,Yongsa,smile_0,-300,Witch,idle_0,-50,.,.,100,.,.,100,0,empty,0,0,-999,-999
18,37,1,a0100,Grin,그렇게 하죠.,Let's do that.,そうしましょう。,.,.,-300,Witch,noise,-50,.,.,100,.,.,0,0,empty,0,0,-999,-999
19,0,0,a0000, , , , ,.,.,-125,.,.,-100,.,.,100,.,.,125,0,black,0,0,-999,-999
19,1,0,a0000, ,챕터 1을 클리어 하셨습니다!,You've cleared Chapter 1!,チャプター1をクリアしました！,.,.,-125,.,.,-100,.,.,100,.,.,125,0,black,0,0,-999,-999
19,2,0,a0000, ,운명 마법 <더하기>를 Flutter에게서 배웠습니다!,You've learned the spells <Add> from Flutter!,運命魔法<ADD>をフラッターから学びました！,.,.,-125,.,.,-100,.,.,100,.,.,125,0,black,1,92,-999,-999
19,3,0,a0000, ,1씩 더하는 마법으로\n전투를 더 편하게 진행해보세요!,Use the spells that add by 1 to make battles easier!,1ずつ加算する魔法で\n戦闘をより楽に進めてみてください！,.,.,-125,.,.,-100,.,.,100,.,.,125,0,black,1,92,-999,-999
19,4,0,a0000, ,Flutter가 도서관 (1단계) 과 기록 보관소를 개방해주었습니다!,Flutter has opened the Library and Record archive for you!,フラッターが図書館（1段階）と\n記録保管所を開放してくれました！,.,.,-125,.,.,-100,.,.,100,.,.,125,0,black,1,91,-999,-999
19,5,0,a0000, ,도서관에서는 모험 중 만난 동료들의 운명을 인형에 불러와서\n함께 모험하는 것이 가능합니다.,In the Library+o you can recall destiny of companions you've met during adventures\ninto doll and join them on next adventure!,図書館では、冒険中に出会った仲間たちの運命を\n人形に呼び寄せて一緒に冒険することが可能です。,.,.,-125,.,.,-100,.,.,100,.,.,125,0,black,1,91,-999,-999
19,6,0,a0000, ,기록 보관소에서는 모험 중 만난 이벤트를 다시 확인하는 것이 가능합니다.,In the Record archive+o you can review the events you encountered during adventure.,記録保管所では、冒険中に出会ったイベントを再確認することが可能です。,.,.,-125,.,.,-100,.,.,100,.,.,125,0,black,1,91,-999,-999
19,7,0,a0000, ,또한 만날 수 있는 아이템과 동료들이 추가되었습니다.\n더 다양한 만남을 겪고 탐험을 해보세요!,Additionally+o new companions and items have been added.\nExperience a wider variety of encounters and explore!,また、出会えるアイテムと仲間たちが追加されました。\nより多様な出会いを体験し、探検してみてください！,.,.,-125,.,.,-100,.,.,100,.,.,125,0,black,1,106,-999,-999
19,8,0,a0000, ,갈 수 있는 스테이지가 추가되었습니다.\n던전의 더 깊은 곳에 도전해보세요!,New stages have been added.\nChallenge the deeper parts of the dungeon!,行けるステージが追加されました。\nダンジョンのより深いところに挑戦してみてください！,.,.,-125,.,.,-100,.,.,100,.,.,125,0,black,1,105,-999,-999
20,50,1,a1000,Grin,오… 전리품이에요!,Oh+o This is Loot!,おお…戦利品です！,Witch,shine_0,-300,.,.,-100,.,.,100,.,.,125,0,empty,0,0,-999,-999
20,50,1,a3000,Grin,금화하고 운명 조각을 모으셨네요!,You've collected gold coins and Destiny Fragments!,金貨と運命のカケラを集めましたね！,Witch,smile_2,-125,.,.,-100,.,.,100,.,.,125,0,empty,0,0,-999,-999
20,50,1,a1000,Grin,금화는 도서관에서 능력을 해금할 때 사용할 수 있어요!,Gold coins can be used to unlock abilities in the library!,金貨は図書館で能力を解放するときに使えます！,Witch,say_0,-125,.,.,-100,.,.,100,.,.,125,0,empty,0,0,-999,-999
20,50,1,a1000,Grin,그리고 다른 이들의 운명 조각은 일정 이상 모으면…,And if you collect a certain amount of other people's Destiny Fragments...,そして、他の人の運命のカケラは、一定数集めると…,Witch,idle_0,-125,.,.,-100,.,.,100,.,.,125,0,empty,0,0,-999,-999
20,50,1,a2000,Grin,무려 운명 조각의 주인으로 변신할 수 있답니다!,You can even transform into the owner of the Destiny Fragment!,なんと、その運命のカケラの持ち主に変身できるんです！,Witch,smile_2,-125,.,.,-100,.,.,100,.,.,125,0,empty,0,0,-999,-999
20,50,1,a1000,Grin,뭐… 아직은 설비도 없고 해서 힘들지만요… 언젠가 설비가 준비되면 시도해 보죠!,Well... It's difficult because there's no equipment yet…\nLet's try it someday when the equipment is ready!,まあ…今は設備もなくて難しいですけど…\nいつか設備が整ったら試してみましょう！,Witch,panic_0,-125,.,.,-100,.,.,100,.,.,125,0,empty,0,0,-999,-999
21,50,1,a1000,Ail Shell,웃차…,Oof...,ふう…,Yongsa,smile_0,-300,.,.,-300,.,.,100,.,.,125,0,empty,0,0,-999,-999
21,50,1,a1000,Ail Shell,일단 나아가긴 했는데… 뭐야 이 이상한 공간은?,I've managed to move forward... but what is this strange space?,とりあえず進んではみたが…なんだ、この妙な空間は？,Yongsa,doubt_0,-125,Witch,idle_0,-300,.,.,100,.,.,125,0,empty,0,0,-999,18
21,50,1,a0100,Grin,차원의 틈새군요. 수고하셨어요 애일 씨!,It's a rift in dimensions.,次元の狭間ですね。お疲れさまでした、エイルさん！,Yongsa,doubt_0,-75,Witch,say_0,-125,.,.,100,.,.,125,0,empty,0,0,-999,-999
21,50,1,a0100,Grin,이제 하나가 끝났으니 다음 공간으로 넘어갈 수 있겠어요!,Now that one is over+o we can move on to the next space!,これでひとつ終わったので、次の空間に進めそうです！,Yongsa,doubt_0,-75,Witch,smile_2,-125,.,.,100,.,.,125,0,empty,0,0,-999,21
21,50,1,a1000,Ail Shell,…아직 끝이 아닌 거냐.,...It's not over yet?,…まだ終わりじゃないのか。,Yongsa,panic_3,-75,Witch,smile_2,-125,.,.,100,.,.,125,0,empty,0,0,-999,16
21,50,1,a0100,Grin,하하… 그래도 이 앞에 아마 엄청 큰 운명 조각이…,Haha... but there's probably a huge fragment of Destiny ahead...,はは…でもこの先に、きっと大きな運命のカケラが…,Yongsa,panic_3,-75,Witch,panic_0,-125,.,.,100,.,.,125,0,empty,0,0,-999,-999
21,50,1,a1000,Ail Shell,잠깐.,Wait.,待て。,Yongsa,idle_0,-75,Witch,panic_0,-125,.,.,100,.,.,125,0,empty,0,0,-999,-999
21,50,1,a0100,Grin,?,?,？,Yongsa,idle_0,-75,Witch,idle_0,-125,.,.,100,.,.,125,0,empty,0,0,-999,18
21,50,1,a1000,Ail Shell,…누군가 있다.,...There's someone there.,…誰かいる。,Yongsa,doubt_0,-75,Witch,idle_0,-125,.,.,100,.,.,125,0,empty,0,0,-999,-999
21,50,1,a1010,???,으아아앙!!,Waaaaah!!,うわああん！！,Yongsa,doubt_0,-125,Witch,idle_0,-150,Village,black_0,300,.,.,125,0,empty,0,0,-999,-999
21,50,1,a0010,???,마법사님. 이제 식량이 얼마 없습니다. 이제 어떻게 하죠?,Wizard. We don't have much food left. What do we do now?,魔法使い様、もう食料があまりありません。\nこれからどうすれば…？,Yongsa,doubt_0,-125,Witch,idle_0,-150,Village,talkA_0,50,Owl,glass_eyeClose_0,300,0,empty,0,0,-999,-999
21,50,1,a0011,???,어쩔 수 없이 결계 마법을 해제하고 다른 곳을 둘러봐야겠네요.,We have no choice but to release the barrier magic and look around elsewhere.,仕方ありません、結界魔法を解除して、\n別の場所を探すのです。,Yongsa,doubt_0,-125,Witch,idle_0,-150,Village,black_0,0,Owl,glass_idle_0,125,0,empty,0,0,-999,-999
21,50,1,a0010,???,마법사님… 저희... 무사히 돌아갈 수 있는 거 겠죠?,Wizard... we... we'll be able to return safely+o right?,魔法使い様…俺たちは無事に帰れるのでしょうか…。,Yongsa,doubt_0,-125,Witch,idle_0,-150,Village,talkB_0,0,Owl,glass_idle_0,125,0,empty,0,0,-999,-999
21,50,1,a0011,???,…노력해봐야죠. 일단 기사 분들을 모아서...,...We'll have to try. First+o gather the knights...,…努力はいたします。まずは、騎士の方々を呼び集めて…,Yongsa,doubt_0,-125,Witch,idle_0,-150,Village,black_0,0,Owl,glass_sad_1,125,0,empty,0,0,-999,-999
21,50,1,a1010,Ail Shell,마녀. 저기 있는 사람들 잘 보이냐?,Witch+o Can you see the people over there?,魔女、あそこにいる人たちが見えるか？,Yongsa,say_0,-80,Witch,idle_0,-125,Village,black_0,125,Owl,glass_sad_1,150,0,empty,0,0,-999,-999
21,50,1,a0110,Grin,이쪽에서는 아직 잘 안 보이는데… 뭐가 있나요?,I can't see them from here yet... what's there?,こっちからはまだよく見えませんけど…誰かいるんですか？,Yongsa,say_0,-80,Witch,shine_0,-125,Village,black_0,125,Owl,glass_sad_1,150,0,empty,0,0,-999,18
21,50,1,a1010,Ail Shell,아무래도 빨려 들어갔다는 사람들을 찾은 것 같아.,It looks like I found the people who were sucked in.,どうやら吸い込まれたっていう人たちを見つけたみたいだ。,Yongsa,smile_0,-80,Witch,shine_0,-125,Village,black_0,125,Owl,glass_sad_1,150,0,empty,0,0,-999,-999
21,50,1,a0110,Grin,빨려... 들어간 사람들이요?,Sucked... in people?,吸い込まれた…人たち？,Yongsa,smile_0,-80,Witch,panic_0,-125,Village,black_0,125,Owl,glass_sad_1,150,0,empty,0,0,-999,-999
21,50,1,a1010,Ail Shell,?,?,？,Yongsa,panic_2,-80,Witch,panic_0,-125,Village,black_0,125,Owl,glass_sad_1,150,0,empty,0,0,-999,18
21,50,1,a0110,Grin,?,?,？,Yongsa,panic_2,-80,Witch,idle_0,-125,Village,black_0,125,Owl,glass_sad_1,150,0,empty,0,0,-999,18
21,50,1,a0210,Grin,아… 아! 던전에 말이죠! 드… 드디어 찾았네요!,Ah... Ah! In the dungeon! We... we finally found them!,あ…ああ！ダンジョンのことですね！やっ…やっと見つけました！,Yongsa,panic_2,-80,Witch,sad_1,-125,Village,black_0,125,Owl,glass_sad_1,150,0,empty,0,0,-999,-999
21,50,1,a0110,Grin,일단 다가가 볼까요? 포탈을 열어서 구출해야 하니까요!,Should you approach them first?\nWell… We need to open a portal to rescue them! Right?,とりあえず近づいてみませんか？\nポータルを開いて救出しないといけませんから！,Yongsa,panic_2,-80,Witch,lie_0,-125,Village,black_0,125,Owl,glass_sad_1,150,0,empty,0,0,-999,21
21,50,1,a1010,Ail Shell,…그래. 거기 여러분!,...Okay. Hey+o everyone!,…ああ。そこの皆さん！,Yongsa,panic_3,-50,Witch,lie_0,-300,Village,black_0,125,Owl,glass_sad_1,150,0,empty,0,0,-999,-999
21,50,1,a0012,???,뭐야?! 여기에 왜 사람이!,What?! Why is a boy here alone!,な、なんだ？！ここに人がいるだと！,Yongsa,panic_3,-80,.,.,-300,Village,black_0,150,Owl,glass_angry_0,50,0,empty,0,0,-999,16
21,50,1,a1010,Ail Shell,그러니까… 저는 스캐빈저 기사단의 기사 애일입니다.,I'm Ail Shell+o a knight of the Scavenger Knights.,こちらは…スキャベンジャー騎士団の騎士、エイルという者です。,Yongsa,say_0,-80,.,.,-300,Village,black_0,150,Owl,glass_angry_0,50,0,empty,0,0,-999,-999
21,50,1,a1010,Ail Shell,여러분을 구해드리러 왔습니다.,I've come to rescue you.,皆さんを助けに来ました。,Yongsa,smile_0,-80,.,.,-300,Village,black_0,150,Owl,glass_angry_0,50,0,empty,0,0,-999,-999
21,50,1,a0010,Villager A,…이 마을에 그런 기사단이 있었던가?,...Was there such a Order in this town?,…この村にそんな騎士団があったか？,Yongsa,smile_0,-80,.,.,-300,Village,talkA_0,80,Owl,glass_angry_0,125,0,empty,0,0,-999,18
21,50,1,a0010,Villager B,아까처럼 이 던전이 환상을 보여주고 있는 거 아니야?,Isn't this dungeon showing us illusions like before?,さっきみたいに、\nこのダンジョンが幻を見せてるだけじゃないの？,Yongsa,smile_0,-80,.,.,-300,Village,talkB_0,0,Owl,glass_angry_0,125,0,empty,0,0,-999,-999
21,50,1,a0020,Villager C,그래도 구하러 왔다는 데… 일단 믿어보는 것도…,But he says he've come to save us…,それでも助けに来たって言ってるんだ…\nとりあえず信じてみるのも…,Yongsa,smile_0,-80,.,.,-300,Village,talkC_0,80,Owl,glass_angry_0,125,0,empty,0,0,-999,-999
21,50,1,a0011,???,모두 진정하세요.,Everyone+o calm down.,皆さん、どうかご冷静に。,Yongsa,smile_0,-80,.,.,-300,Village,black_0,125,Owl,glass_idle_0,100,0,empty,0,0,-999,17
21,50,1,a0011,???,환상인지 아닌지는 제가 판단할 수 있습니다.,I can tell whether it's an illusion or not.,これが幻なのかどうかは…わたくしが判断いたします。,Yongsa,smile_0,-80,.,.,-300,Village,black_0,125,Owl,glass_eyeClose_0,75,0,empty,0,0,-999,-999
21,50,1,a0010,Villager A,맞아! 우리한테는 운명 마법을 쓸 수 있는 마법사 님이 계셔!,That's right! We have a wizard who can use destiny magic!,そうだ！私たちには運命魔法を使える魔法使い様がいる！,Yongsa,smile_0,-80,.,.,-300,Village,cheerA_0,150,Owl,glass_eyeClose_0,75,0,empty,0,0,-999,-999
21,50,1,a0010,Villager B,마법사 님의 판단이라면 믿을 수 있지!,We can trust the wizard's judgment!,魔法使い様の判断なら信じられるわ！,Yongsa,smile_0,-80,.,.,-300,Village,cheerB_0,100,Owl,glass_eyeClose_0,75,0,empty,0,0,-999,-999
21,50,1,a0030,Village,마법사님! 마법사님!,Wizard! Wizard!,魔法使い様！魔法使い様！,Yongsa,smile_0,-80,.,.,-300,Village,cheer_0,125,Owl,glass_eyeClose_0,75,0,empty,0,0,-999,-999
21,50,1,a0011,???,(우쭐),(Smug),（ドヤァ）,Yongsa,smile_0,-80,.,.,-300,Village,cheerBlack_0,125,Owl,glass_proud_0,75,0,empty,0,0,-999,28
21,50,1,a1010,Ail Shell,(…? 잘은 모르겠지만.),(...? I don't really know+o but...),（…？まあいい。）,Yongsa,panic_2,-80,.,.,-300,Village,cheerBlack_0,125,Owl,glass_proud_0,75,0,empty,0,0,-999,-999
21,50,1,a1010,Ail Shell,(이러니 저러니 해도 마법사의 보증이 있다면 말이 빠르지.),(Whether it's this or that+o if there's a wizard's guarantee+o things will go faster.),（なんだかんだ言っても、\n魔法使いのお墨付きがあれば話は早い。）,Yongsa,idle_0,-80,.,.,-300,Village,cheerBlack_0,125,Owl,glass_proud_0,75,0,empty,0,0,-999,-999
21,50,1,a1010,Ail Shell,그래. 좀 부탁한다 참새야.,Okay. I'll leave it to you+o Sparrow.,よし、頼むぞ、スズメ。,Yongsa,smile_0,-80,.,.,-300,Village,cheerBlack_0,125,Owl,glass_proud_0,75,0,empty,0,0,-999,-999
21,50,1,a0011,???,참새가 아니라 가면올빼미거든요!,I'm not a Sparrow+o I'm a Barn Owl!,スズメではなく、メンフクロウです！,Yongsa,idle_0,-80,.,.,-300,Village,cheerBlack_0,125,Owl,glass_angry_1,75,0,empty,0,0,-999,24
21,50,1,a0011,???,크흠… 아무튼 마력 탐지 결과. 저 기사는...,Ahem... Anyway+o as a result of magic detection. That knight is...,コホン…ともかく、\n魔力探知の結果――あの騎士と名乗る人物は…,Yongsa,idle_0,-80,.,.,-300,Village,cheerBlack_0,125,Owl,glass_eyeClose_2,75,0,empty,0,0,-999,-999
21,50,1,a0012,???,가짜입니다!,A fake!,偽物です！,Yongsa,idle_0,-80,.,.,-300,Village,cheerBlack_0,125,Owl,glass_angry_0,50,0,empty,0,0,-999,14
21,50,1,a0011,???,사람처럼 보이지만… 운명 마법으로 움직이는 인형임이 틀림없습니다!,It looks like a person+o but... it must be a doll moved by destiny magic!,人間のように見えますが…運命魔法で動く人形に違いないのです！,Yongsa,idle_0,-80,.,.,-300,Village,cheerBlack_0,125,Owl,glass_eyeClose_2,50,0,empty,0,0,-999,-999
21,50,1,a1010,Ail Shell,그래요. 제가 바로 그 기사…,Okay. I'm that knight...,そうです。私がまさにその騎士…,Yongsa,smile_0,-80,.,.,-300,Village,cheerBlack_0,125,Owl,glass_eyeClose_2,50,0,empty,0,0,-999,-999
21,50,1,a1010,Ail Shell,잠깐… 네? 뭐라고요?,Wait... what? What did you say?,ちょっと…はい？ なんですって？,Yongsa,panic_2,-80,.,.,-300,Village,cheerBlack_0,125,Owl,glass_eyeClose_2,50,0,empty,0,0,-999,-999
21,50,1,a0011,???,던전에 속한 저 기사를 따라가도 아마 탈출하는 건 불가능하겠죠.,If we follow that knight belonging+o we probably won't be able to escape to the dungeon.,ダンジョンに属するあるあの騎士に同行したとしても、\n脱出の可能性はきわめて低いかと。,Yongsa,panic_2,-80,.,.,-300,Village,cheerBlack_0,125,Owl,glass_angry_0,50,0,empty,0,0,-999,-999
21,50,1,a2010,Ail Shell,자… 잠깐 그게 무슨 소리야? 이럴 때 장난치지 마!,Wa... wait+o what are you talking about?\nDon't joke around at a time like this!,な…なに言っている？？ こんな時にふざけるな！,Yongsa,angry_0,-80,.,.,-300,Village,cheerBlack_0,125,Owl,glass_angry_0,50,0,empty,0,0,-999,16
21,50,1,a1010,Ail Shell,참새라고 부른 거 때문에 그런 거면 사과할테니까!,If it's because I called you Sparrow+o I'll apologize!,スズメって呼んだことが原因なら謝るから！,Yongsa,panic_2,-80,.,.,-300,Village,cheerBlack_0,125,Owl,glass_angry_0,50,0,empty,0,0,-999,-999
21,50,1,a0013,???,그런 거 아니거든요?!,That's not it?!,そういうことではありません！！,Yongsa,panic_2,-80,.,.,-300,Village,cheerBlack_0,125,Owl,glass_angry_1,50,0,empty,0,0,-999,24
21,50,1,a0010,Villager A,마법사님이 적을 간파하셨다! 하마터면 속을 뻔했어!,The wizard has seen through the enemy! We almost got fooled!,魔法使い様が敵を見抜かれた！\n危うく騙されるところだったぞ！,Yongsa,panic_2,-100,.,.,-300,Village,angry_0,80,Owl,glass_angry_1,125,0,empty,0,0,-999,-999
21,50,1,a0010,Villager B,역시 던전에서 믿을 건 마법사님 밖에 없어!,As expected+o the only one we can trust in the dungeon is the wizard!,やっぱりダンジョンで信じられるのは魔法使い様だけよ！,Yongsa,panic_2,-125,.,.,-300,Village,cheerB_0,100,Owl,glass_angry_1,125,0,empty,0,0,-999,-999
21,50,1,a0030,Village,마법사님! 마법사님!,Wizard! Wizard!,魔法使い様！ 魔法使い様！,Yongsa,panic_2,-125,.,.,-300,Village,cheer_0,0,Owl,glass_angry_1,125,0,empty,0,0,-999,-999
21,50,1,a0011,???,(우쭐),(Smug),（ドヤァ）,Yongsa,panic_2,-125,.,.,-300,Village,cheerBlack_0,50,Owl,glass_proud_1,125,0,empty,0,0,-999,28
21,50,1,a1010,Ail Shell,자… 잠깐! 그래… 여기도 운명 마법사가 있어요!,Wa... wait! Wizard is here too!,ちょ…ちょっと待て！こ…こっちにも運命魔法使いがいる！,Yongsa,panic_0,-50,.,.,-300,Village,cheerBlack_0,50,Owl,glass_proud_1,125,0,empty,0,0,-999,-999
21,50,1,a3010,Ail Shell,마녀! 뭐해! 빨리 포탈 좀 열어봐!,Witch! What are you doing? Open the portal quickly!,魔女！何をしてる！早くポータルを開けろ！,Yongsa,panic_1,-50,Witch,panic_0,-300,Village,cheerBlack_0,50,Owl,glass_proud_1,125,0,empty,0,0,-999,-999
21,50,1,a0110,Grin,그… 아까부터 시도하고 있는데…,I... I've been trying since earlier… but…,そ…それが、さっきから試してるんですけど…,Yongsa,panic_1,-50,Witch,sad_1,-125,Village,cheerBlack_0,50,Owl,glass_proud_1,125,0,empty,0,0,-999,-999
21,50,1,a0110,Grin,...안 열려요.,...It won't open.,…開きません。,Yongsa,panic_1,-50,Witch,sad_0,-125,Village,cheerBlack_0,50,Owl,glass_proud_1,125,0,empty,0,0,-999,-999
21,50,1,a1010,Ail Shell,뭐?!,What?!,なんだと！？,Yongsa,panic_0,-50,Witch,sad_0,-125,Village,cheerBlack_0,50,Owl,glass_proud_1,125,0,empty,0,0,-999,-999
21,50,1,a0110,Grin,이럴 리 없는데? …설마 누가 방어 마법을...?,That can't be? ...Could someone be using defensive magic...?,こんなはずが…まさか誰かが防御魔法を…？,Yongsa,panic_0,-50,Witch,panic_0,-125,Village,cheerBlack_0,50,Owl,glass_proud_1,125,0,empty,0,0,-999,-999
21,50,1,a1010,Ail Shell,마법사로 보이는 녀석이 있는데… 설마 저녀석이…,There's a girl who looks like a wizard... could it be her...?,魔法使いに見えるやつがいるんだが…まさかそいつが…,Yongsa,doubt_0,-50,Witch,panic_0,-125,Village,cheerBlack_0,50,Owl,glass_proud_1,125,0,empty,0,0,-999,-999
21,50,1,a0110,Grin,마법사요? 아 이쪽에서도 보인...,Wizard? Ah+o I can see her from here too...,魔法使いですって？あ、こっちからも見え…,Yongsa,doubt_0,-50,Witch,idle_0,-125,Village,cheerBlack_0,50,Owl,glass_proud_1,125,0,empty,0,0,-999,-999
21,50,1,a0210,Grin,프… 플러터 선배님?!,F... Flutter Senior?!,フ…フラッター先輩！？,Yongsa,doubt_0,-50,Witch,panic_0,-125,Village,cheerBlack_0,50,Owl,glass_proud_1,125,0,empty,0,0,-999,16
21,50,1,a1010,Ail Shell,뭣… 선배라고?,Wh... Senior?,なに…先輩だと？,Yongsa,panic_1,-50,Witch,panic_0,-125,Village,cheerBlack_0,50,Owl,glass_proud_1,125,0,empty,0,0,-999,-999
21,50,1,a0110,Grin,네. 확실해요.,Yes. I'm sure of it.,はい。間違いありません。,Yongsa,panic_1,-50,Witch,panic_0,-125,Village,cheerBlack_0,50,Owl,glass_proud_1,125,0,empty,0,0,-999,-999
21,50,1,a0011,Grin,작은 키에 저 머리색… 저 복장…,Short height+o that hair color... that outfit...,低い身長にあの髪色…あの服装…,Yongsa,panic_1,-50,Witch,panic_0,-125,Village,cheerBlack_0,50,Owl,glass_proud_1,125,0,empty,0,0,-999,-999
21,50,1,a0011,Grin,올빼미 수인인데 자꾸 참새라고 오해받아서 쓴 붉은 안경...,An owl beastman who keeps getting mistaken for a sparrow+o wearing red glasses...,フクロウの獣人なのに、\nいつもスズメと間違われてかけてる赤い眼鏡…,Yongsa,panic_1,-50,Witch,panic_0,-125,Village,cheerBlack_0,50,Owl,glass_proud_1,125,0,empty,0,0,-999,-999
21,50,1,a0011,Grin,무엇보다 이 강한 마력과… 작은 키…,Above all+o this strong magic and... short height...,何よりも、この強い魔力と…低い身長…,Yongsa,panic_1,-50,Witch,panic_0,-125,Village,cheerBlack_0,50,Owl,glass_proud_1,125,0,empty,0,0,-999,-999
21,50,1,a1010,Ail Shell,(...선배한테 좀 너무 한데?),(...Is that a bit too much for your senior?),（いくらなんでも、先輩に対して失礼じゃないか？）,Yongsa,panic_0,-50,Witch,panic_0,-125,Village,cheerBlack_0,50,Owl,glass_proud_1,125,0,empty,0,0,-999,16
21,50,1,a0110,Grin,으으… 방법이 없네요.,Ugh... there's no other way.,うぅ…仕方がありません。,Yongsa,panic_0,-50,Witch,eyeClose_0,-125,Village,cheerBlack_0,50,Owl,glass_proud_1,125,0,empty,0,0,-999,-999
21,50,1,a0110,Grin,애일 씨. 마법사… 아니 선배님을 무력화해 주세요! ,Ail+o please disarm the my Senior!,エイルさん。魔法使…じゃなくて、\n先輩を無力化してください！,Yongsa,panic_0,-50,Witch,say_0,-125,Village,cheerBlack_0,50,Owl,glass_proud_1,125,0,empty,0,0,-999,-999
21,50,1,a0110,Grin,그러면 이쪽에서도 포탈을 열 수 있을 거예요!,Then I'll be able to open the portal from here!,そうすれば、\nこちらからもポータルを開けるはずです！,Yongsa,panic_0,-50,Witch,sad_0,-125,Village,cheerBlack_0,50,Owl,glass_proud_1,125,0,empty,0,0,-999,-999
21,50,1,a1010,Ail Shell,네 선배를 무력화 시키라고?!,Disarm your senior?!,お前、先輩を無力化しろって言うのか！？,Yongsa,panic_0,-50,Witch,sad_0,-300,Village,cheerBlack_0,50,Owl,glass_proud_1,125,0,empty,0,0,-999,-999
21,50,1,a1010,Ail Shell,…어쩔 수 없나. 민간인을 공격하는 건 원하던 바가 아니지만…,...I guess there's no choice. Attacking civilians isn't what I wanted...,…仕方ないか。\n村の住民を攻撃するのは本意じゃないが…,Yongsa,panic_1,-50,.,.,-300,Village,cheerBlack_0,50,Owl,glass_proud_1,125,0,empty,0,0,-999,-999
21,50,1,a1010,Ail Shell,사람 구하는 일이니 어쩔 수 없나?!,But saving people is more important+o right?!,人を救うためなら、やむを得ないか！！,Yongsa,doubt_0,-50,.,.,-300,Village,cheerBlack_0,50,Owl,glass_proud_1,125,0,empty,0,0,-999,-999
21,50,1,a1011,Village,이 녀석 각오해라!!!,Get ready for this!!!,この野郎、覚悟しろ！！！,Yongsa,angry_0,-50,.,.,-300,Village,angry_0,25,Owl,glass_angry_0,75,0,empty,0,0,-999,-999
22,0,1,a0001, , , , ,.,.,0,.,.,0,.,.,0,.,.,125,0,empty,1,52,-999,-999
22,0,1,a0001,Flutter,모두 당해버리다니…!,Everyone's been defeated...!,全員やられてしまうなんて…！,.,.,0,.,.,0,.,.,0,Owl,glass_sad_0,125,0,empty,2,52,-999,-999
22,1,1,a0001,Flutter,하지만 모두를 위험하게 만들 수는 없어!,But I can't put everyone in danger!,でも、これ以上みんなを危険にはできない！,.,.,0,.,.,0,.,.,0,Owl,angry_0,125,0,empty,2,52,-999,-999
22,2,1,a0001,Flutter,이렇게 된 이상 최후의 수단이다!,In this case+o it's the last resort!,もうこうなったら最後の手段だ…！,.,.,0,.,.,0,.,.,0,Owl,angry_1,0,0,empty,2,52,-999,-999
22,2,1,a0000, , , , ,.,.,0,.,.,0,.,.,0,.,.,0,0,empty,1,53,-999,11
22,2,1,a0000,Flutter,운명 마법을 사용하는 수 밖에!,I have no choice but to use destiny magic!,運命魔法を発動するしかない！,.,.,0,.,.,0,.,.,0,.,.,0,0,empty,2,53,-999,-999
23,0,1,a1000,Ail Shell,으아… 지쳤다!,Ugh... I'm tired!,ふぅ…疲れたな…,Yongsa,panic_0,300,.,.,-50,.,.,50,Witch,idle_0,300,1,home,0,0,1,23
23,1,1,a0001,Grin,그래도 잘하셨어요. 소질 있으시던 걸요?,You did a great job+o though. You have a knack for it?,でもよくやりましたよ。才能ありますよ、きっと。,Yongsa,panic_0,-125,.,.,-50,.,.,50,Witch,idle_0,125,0,home,0,0,1,-999
23,2,1,a1000,Ail Shell,뭐 늘 해오던 게 이런 일이니...,Well+o I've always done things like this...,まあ、いつもやってきたことだしな…,Yongsa,eyeClose_1,-125,.,.,-50,.,.,50,Witch,idle_0,125,0,home,0,0,1,-999
23,3,1,a1000,Ail Shell,어 물이다. 마침 목말랐는데 잘되었네.,Oh+o water. I was thirsty+o so it's good.,お、水だ。ちょうど喉が渇いてたんだ。助かる。,Yongsa,smile_0,-125,.,.,-50,.,.,50,Witch,idle_0,125,0,home,2,26,1,-999
23,4,1,a1000,Ail Shell,(꿀꺽 꿀꺽),(Gulp+o gulp),（ゴクゴク）,Yongsa,smile_0,300,.,.,-50,.,.,50,Witch,idle_0,125,0,home,2,26,1,-999
23,5,1,a2000,Ail Shell,키야! 얼마나 고생했으면 물이 이렇게 다냐?,Kya! How hard did I work for the water to taste so sweet?,くぅ～！うまい！疲れたときの水はうまい！,Yongsa,shine_0,-125,.,.,-50,.,.,50,Witch,idle_0,125,0,home,2,26,1,21
23,6,1,a0001,Grin,그거 사이다인데요?,That's cider?,それ、サイダーですよ？,Yongsa,shine_0,-125,.,.,-50,.,.,50,Witch,say_0,125,0,home,2,26,1,-999
23,7,1,a0001,Grin,아까 올려두고 깜빡했네요.,I forgot I put it up earlier.,さっきそこに置いたのに忘れてました。,Yongsa,shine_0,-125,.,.,-50,.,.,50,Witch,idle_0,125,0,home,2,26,1,-999
23,8,1,a1000,Ail Shell,…,...,……,Yongsa,panic_2,-125,.,.,-50,.,.,50,Witch,idle_0,125,0,home,2,26,1,-999
23,9,1,a1000,Ail Shell,그냥 찾아본 기억이나 확인하자...,Let's just check the memories we found...,とりあえず、見つけた記憶を確認しよう…。,Yongsa,panic_1,-125,.,.,-50,.,.,50,Witch,idle_0,125,0,home,0,0,1,16
23,10,1,a0001,Grin,네! 무슨 기억이 있을지 궁금하네요!,Yes! I wonder what memories you have!,はい！どんな記憶があるのか楽しみですね！,Yongsa,idle_0,-125,.,.,-50,.,.,50,Witch,smile_2,125,0,home,0,0,1,-999
23,11,1,a1000,Ail Shell,이번에도 이미지 하나로 끝나려나?,Is it going to end with just one image this time?,今回もイメージ一つで終わりかな？,Yongsa,say_0,-125,.,.,-50,.,.,50,Witch,smile_2,125,0,home,0,0,1,-999
23,12,1,a0001,Grin,조각이 꽤 크니까 기억이 많이 돌아올 거예요!,The fragment is quite large+o so you'll get a lot of memories back!,欠片がかなり大きいから、\nきっとたくさん思い出せますよ！,Yongsa,say_0,-125,.,.,-50,.,.,50,Witch,smile_1,125,0,home,0,0,1,-999
23,13,1,a0001,Grin,그래도 어떤 부작용이 있을 지 모르니까...,But we don't know what side effects there will be...,でも、どんな副作用があるかわからないですし…,Yongsa,say_0,-125,.,.,-50,.,.,50,Witch,panic_0,125,0,home,0,0,1,-999
23,14,1,a0002,Grin,앞으로 기억을 되돌릴 때는 집에서 하도록 할까요?,Should we restore our memories at home from now on?,これからは、記憶を戻すときは家でやることにしませんか？,Yongsa,say_0,-125,.,.,-50,.,.,50,Witch,idle_0,125,0,home,0,0,1,-999
23,15,1,a1000,Ail Shell,뭐… 적들 사이에서 무방비하게 있을 수는 없으니까.,Well... we can't be defenseless among enemies.,まあ…敵地で無防備にしているわけにもいかないしな。,Yongsa,idle_0,-125,.,.,-50,.,.,50,Witch,idle_0,125,0,home,0,0,1,-999
23,16,1,a1000,Ail Shell,그렇게 하자.,Let's do that.,そうしよう。,Yongsa,eyeClose_1,-125,.,.,-50,.,.,50,Witch,idle_0,125,0,home,0,0,1,-999
23,17,1,a1000,Ail Shell,…,...,……,Yongsa,eyeClose_0,-125,.,.,-50,.,.,50,Witch,idle_0,125,0,home,0,0,1,-999
23,18,1,a1000,Ail Shell,혹시나 해서 물어보는 건데 기억 되돌릴 때,I'm just asking in case+o but when I restore my memories,念のために聞くが、記憶を戻すとき,Yongsa,doubt_0,-125,.,.,-50,.,.,50,Witch,idle_0,125,0,home,0,0,1,-999
23,19,1,a1000,Ail Shell,너도 보이는 거 아니지?,You can't see it either+o can you?,ひょっとして、お前にも見えるってことはないよな？,Yongsa,panic_3,-125,.,.,-50,.,.,50,Witch,idle_0,125,0,home,0,0,1,-999
23,20,1,a0001,Grin,…,...,……,Yongsa,panic_3,-125,.,.,-50,.,.,50,Witch,panic_0,125,0,home,0,0,1,16
23,21,1,a0001,Grin,아닌데요? 안 보이는 데요?,No? I can't see it?,違いますよ？ 見えませんけど？,Yongsa,panic_3,-125,.,.,-50,.,.,50,Witch,lie_0,125,0,home,0,0,1,-999
23,22,1,a1000,Ail Shell,…,...,……,Yongsa,doubt_0,-125,.,.,-50,.,.,50,Witch,lie_0,125,0,home,0,0,1,-999
23,23,1,a1000,Ail Shell,그래 뭐... 다른 선택지가 있는 건 아니니까.,Well... there's no other option.,まあいい… 他に選択肢があるわけでもないしな。,Yongsa,eyeClose_1,-125,.,.,-50,.,.,50,Witch,lie_0,125,0,home,0,0,1,-999
23,24,1,a2000,Ail Shell,자 빨리 시작하자!,Let's start quickly!,さあ、早速始めよう！,Yongsa,say_0,-125,.,.,-50,.,.,50,Witch,lie_0,125,0,home,0,0,1,-999
24,0,1,a0000, , , , ,.,.,-125,.,.,-50,.,.,50,.,.,125,1,black,0,0,-999,11
24,0,1,a0000, , , , ,.,.,-125,.,.,-50,.,.,50,.,.,125,1,black,1,24,-999,-999
24,0,1,a0000, ,스캐빈저 기사단.,The Scavenger Knights.,スキャベンジャー騎士団。,.,.,-125,.,.,-50,.,.,50,.,.,125,0,black,2,24,-999,-999
24,1,1,a0000, ,그들은 위대한 세계수의 뜻을 따르는 고결한 기사단이자,They are a noble knighthood that follows the will of the great World Tree,彼らは偉大なる世界樹の意志に従う高潔な騎士団であり、,.,.,-125,.,.,-50,.,.,50,.,.,125,0,black,2,25,-999,-999
24,2,1,a0000, ,동시에 왕실을 지키는 창이자 방패이기도 하다.,At the same time+o it is a spear and shield that protects the royal family.,同時に、王室を守る槍であり盾でもある。,.,.,-125,.,.,-50,.,.,50,.,.,125,0,black,2,25,-999,-999
24,3,1,a0000, ,거짓을 없애고 진실을 드러낸다는 신성한 의무를 짊어진 그들.,They bear the sacred duty of eliminating lies and revealing the truth.,虚偽を打ち砕き、\n真実を明らかにするという神聖な使命を背負った者たち。,.,.,-125,.,.,-50,.,.,50,.,.,125,0,black,2,25,-999,-999
24,4,1,a0010,???,그러나 그들 중에서도 가장 돋보이는 자가 있었으니…,But among them+o there was one who stood out the most...,だが、その中でもひときわ輝く存在がいた――,.,.,-125,.,.,-50,Grace,black_0,0,.,.,125,0,focus,2,25,-999,-999
24,5,1,a0030,Grace,그게 바로 나! 용사 그레이스였다.,That was me! The hero Grace.,それがこの私！ 勇者グレースよ！,.,.,-125,.,.,-50,Grace,smile_0,0,Yongsa,black_0,125,1,focus,0,0,-999,14
24,6,1,a0001,Ail Shell,…아니. 들어온 지 얼마나 되었다고 벌써 그러고 있어.,...No. How long have you been here to already be doing that?,…おいおい、\n入ってきてまだ間もないのにもうそんな調子か。,.,.,-125,.,.,-50,Grace,smile_0,-50,Yongsa,panic_3,125,0,focus,0,0,4,-999
24,7,1,a0010,Grace,후후… 원래 신입은 포부가 중요한 거라고 했어.,Hehe... they say ambition is important for newcomers.,ふふ…新人は志が大事って言うでしょ。,.,.,-125,.,.,-50,Grace,smile_1,-50,Yongsa,panic_3,125,1,trainningRoom,0,0,4,-999
24,8,1,a0001,Ail Shell,이봐 그레이스... 하던 청소나 확실하게 하라고.,Hey Grace... make sure you do your cleaning properly.,グレース…掃除はちゃんとやっておけよ。,.,.,-125,.,.,-50,Grace,smile_1,-50,Yongsa,eyeClose_0,125,0,trainningRoom,0,0,4,-999
24,9,1,a0001,Ail Shell,에휴... 내가 기사단에 온 건지 애를 보러 온 건지...,Sigh... I don't know if I came to the knighthood or to take care of a child...,はあ…俺は騎士団に来たんだか、\nそれとも子守をしに来たんだか…。,.,.,-125,.,.,-50,Grace,smile_1,-50,Yongsa,eyeClose_1,125,0,trainningRoom,0,0,4,-999
24,10,1,a0001,Ail Shell,(나는 애일.),(I'm Ail.),（俺はエイル。）,.,.,-125,.,.,-50,Grace,smile_1,-125,Yongsa,idle_0,0,0,trainningRoom,0,0,4,-999
24,11,1,a0001,Ail Shell,(세계수 고아원에서 길러진 이른바 천애고아로...),(I'm a so-called orphan raised in the mercenary group...),傭兵団で育った、いわゆる天涯孤独の身…,.,.,-125,.,.,-50,Grace,smile_1,-125,Yongsa,eyeClose_0,0,0,trainningRoom,0,0,4,-999
24,12,1,a0001,Ail Shell,(일단은 이 기사단의 견습 기사다.),(For now+o I'm an apprentice knight in this knighthood.),（今は一応、この騎士団の見習い騎士だ。）,.,.,-125,.,.,-50,Grace,smile_1,-125,Yongsa,idle_0,0,0,trainningRoom,0,0,4,-999
24,13,1,a0010,Grace,뭐!? 너 나랑 나이 차이도 얼마 안나잖아!,What!? There's not much age difference between you and me!,何よ！？\nあんたと私、年もそんなに変わらないじゃない！,.,.,-125,.,.,-50,Grace,angry_0,-50,Yongsa,idle_0,125,0,trainningRoom,0,0,4,24
24,14,1,a0010,Grace,게다가… 지금 청소를 할 때야?,Besides... is this the time to be cleaning?,それに…今は掃除なんてしてる場合じゃないでしょ？,.,.,-125,.,.,-50,Grace,eyeClose_0,-50,Yongsa,idle_0,125,0,trainningRoom,0,0,4,-999
24,15,1,a0030,Grace,열심히 훈련해서 빨리 기사단장이 되는 게 장기적으로 이득이라고!,It's more beneficial in the long run to train hard\nand become the leader of the knighthood quickly!,必死に訓練して、\n早く騎士団長になる方が長期的には得だってば！,.,.,-125,.,.,-50,Grace,smile_2,-50,Yongsa,idle_0,125,0,trainningRoom,0,0,4,-999
24,16,1,a0010,Ail Shell,(그리고 저 시끄러운 녀석은 그레이스.),(And that noisy girl is Grace.),（そして、この騒がしい奴がグレース。）,.,.,-125,.,.,-50,Grace,smile_2,0,Yongsa,eyeClose_0,150,0,trainningRoom,0,0,4,-999
24,17,1,a0010,Ail Shell,(나와 마찬가지로 견습 기사다.),(Like me+o she's an apprentice knight.),（俺と同じく見習い騎士だ。）,.,.,-125,.,.,-50,Grace,smile_2,0,Yongsa,idle_0,150,0,trainningRoom,0,0,4,-999
24,18,1,a0010,Ail Shell,(듣기로는 어느 귀족 가문의 자제인데),(I heard she's the daughter of a noble family),（聞いた話じゃ、どこかの貴族の家柄らしい。）,.,.,-125,.,.,-50,Grace,smile_2,0,Yongsa,doubt_0,150,0,trainningRoom,0,0,4,-999
24,19,1,a0010,Grace,그래야만 더 용사에 가까워 질거란 말이야!,That's the only way to get closer to being a hero!,そうすれば勇者に一歩近づけるんだから！,.,.,-125,.,.,-50,Grace,smile_0,0,Yongsa,doubt_0,150,0,trainningRoom,0,0,4,-999
24,20,1,a0010,Ail Shell,(…용사가 꿈이라서 이곳에 왔다는 듯 하다.),(...It seems that she came here because she dreams of being a hero.),（…勇者になるのが夢でここに来たらしい。）,.,.,-125,.,.,-50,Grace,smile_0,0,Yongsa,panic_0,150,0,trainningRoom,0,0,4,-999
24,21,1,a0001,Ail Shell,(이런이런… 아무래도 잠시 현실을 알려줘야 겠구만...),(Oh dear... I think I need to tell her the reality for a while...),（やれやれ…少し現実を教えてやる必要がありそうだな…）,.,.,-125,.,.,-50,Grace,smile_0,-50,Yongsa,smile_0,125,0,trainningRoom,0,0,4,-999
24,22,1,a0001,Ail Shell,그레이스. 네 말은 옳아.,Grace. You're right.,グレース。お前の言うことは正しい。,.,.,-125,.,.,-50,Grace,smile_0,-50,Yongsa,eyeClose_0,125,0,trainningRoom,0,0,4,-999
24,23,1,a0001,Ail Shell,이런 청소 따위 강해지는 데 아무런 도움도 되지 않지.,Cleaning like this doesn't help you get stronger at all.,こんな掃除なんて、強くなるのに何の役にも立たない。,.,.,-125,.,.,-50,Grace,smile_0,-50,Yongsa,idle_0,125,0,trainningRoom,0,0,4,-999
24,24,1,a0010,Grace,그치? 그러니까 청소는 때려치고…,Right? So let's quit cleaning and...,でしょ？　だから掃除なんかやめて――,.,.,-125,.,.,-50,Grace,smile_1,-50,Yongsa,idle_0,125,0,trainningRoom,0,0,4,-999
24,25,1,a0001,Ail Shell,하지만 한가지 틀린 게 있어.,But there's one thing you're wrong about.,しかしな、お前は一つ間違っている。,.,.,-125,.,.,-50,Grace,smile_1,-50,Yongsa,smile_0,125,0,trainningRoom,0,0,4,-999
24,26,1,a0010,Grace,응? 뭐가?,Huh? What?,ん？なにを？,.,.,-125,.,.,-50,Grace,panic_0,-50,Yongsa,smile_0,125,0,trainningRoom,0,0,4,-999
24,27,1,a0001,Ail Shell,용사가 되는 게 목표라면...,If your goal is to become a hero...,勇者になるのが目標なら…,.,.,-125,.,.,-50,Grace,panic_0,-50,Yongsa,eyeClose_1,125,0,trainningRoom,0,0,4,-999
24,28,1,a0003,Ail Shell,기사가 아니라 밖에서 용병 일을 해야지!,You should be working as a mercenary outside+o not as a knight!,騎士じゃなくて、外で傭兵の仕事をしないとだろ！,.,.,-125,.,.,-50,Grace,panic_0,-50,Yongsa,shine_0,125,0,trainningRoom,0,0,4,-999
24,29,1,a0002,Ail Shell,(그래! 용사는 용병에서 나온다고!),(That's right! Heroes come from mercenaries!),（そう！勇者は傭兵から生まれるもんだ！）,.,.,-125,.,.,-50,Grace,panic_0,-50,Yongsa,angry_2,75,0,trainningRoom,0,0,4,-999
24,30,1,a0010,Grace,뭐어? 당연히 높은 기사가 되어야지!,It can't be!,なにそれ？当然、高位の騎士になるべきでしょ！,.,.,-125,.,.,-50,Grace,smile_2,-50,Yongsa,angry_2,125,0,trainningRoom,0,0,4,-999
24,31,1,a0001,Ail Shell,후후… 몰랐나 보군. 지금까지 위대한 용사들은...,You don't know anything!,ふふ…知らなかったのか。\nこれまでの偉大な勇者たちは…,.,.,-125,.,.,-50,Grace,smile_2,-100,Yongsa,smile_0,100,0,trainningRoom,0,0,4,-999
24,32,1,a0001,Ail Shell,다들 용병 일을 하며 마을 사람들을 도왔다더군.,All Heros did mercenary work and helped people.,みんな傭兵として働き、村人を助けてきたそうだ。,.,.,-125,.,.,-50,Grace,smile_2,-100,Yongsa,say_0,100,0,trainningRoom,0,0,4,-999
24,33,1,a0002,Ail Shell,고로! 용사의 근본은 용병이다 이거야!,Therefore... to become a Hero... you must be a mercenary!,つまり！勇者の原点は傭兵ってわけだ！,.,.,-125,.,.,-50,Grace,smile_2,-100,Yongsa,angry_2,100,0,trainningRoom,0,0,4,-999
24,34,1,a0010,Grace,흐… 흥! 그런 놈이 여기는 왜 왔다냐.,Hmph... Then why did someone like you come here?,ふ、ふん！そんなやつがなんでここに来たんだよ。,.,.,-125,.,.,-50,Grace,angry_0,-100,Yongsa,angry_2,100,0,trainningRoom,0,0,4,-999
24,35,1,a0020,Grace,그렇게 치면 너도 용사는 못된다는 거 아니야!,If that's the case+o you can't be a hero either!,だったら、あんただって勇者になれないじゃない！,.,.,-125,.,.,-50,Grace,angry_1,-100,Yongsa,angry_2,100,0,trainningRoom,0,0,4,16
24,36,1,a0001,Ail Shell,난 용병단 일하다가 기사단장한테 억지로 끌려온 거 거든...,I was working for a mercenary group and\nthe leader of the knighthood forced me to come here...,傭兵団で働いてたら、\n団長に無理やり連れてこられたんだよ…,.,.,-125,.,.,-50,Grace,angry_1,-100,Yongsa,doubt_0,100,0,trainningRoom,0,0,4,-999
24,37,1,a0003,Ail Shell,겸직 안된다는 걸 알았으면 오지도 않았을 거라고!,If I had known that I couldn't hold both positions+o I wouldn't have come!,兼業禁止って知ってたら来なかった！,.,.,-125,.,.,-50,Grace,angry_1,-100,Yongsa,angry_2,100,0,trainningRoom,0,0,4,-999
24,38,1,a0010,Grace,그럼 기사단에서 나가 버리라구!,Then get out of the knighthood!,じゃあ騎士団から出ていきなさいよ！,.,.,-125,.,.,-50,Grace,angry_0,-80,Yongsa,angry_2,100,0,trainningRoom,0,0,4,24
24,39,1,a0030,Grace,너같은 녀석이 있으면 기사단의 수치야! 수치!,You're a disgrace to the knighthood! A disgrace!,あんたなんか、騎士団の恥だよ！恥！,.,.,-125,.,.,-50,Grace,angry_1,-50,Yongsa,angry_2,125,0,trainningRoom,0,0,4,-999
24,40,1,a0001,Ail Shell,안그래도 그럴 거다! 월급만 받고 무기고 장비 몇 개를 훔쳐서...,I'm going to do that anyway!\nI'll just take my salary and steal some armory equipment...,ああ、そうするさ！\n給料だけもらって武器庫から装備を何点か拝借して…,.,.,-125,.,.,-50,Grace,angry_1,-100,Yongsa,doubt_0,100,0,trainningRoom,0,0,4,-999
24,41,1,a0003,Ail Shell,그 장비들로 너보다 먼저 용사가 되버릴 테니까!,And I'll become a hero before you with that equipment!,その装備でお前より先に勇者になってやる！,.,.,-125,.,.,300,Grace,angry_1,-100,Yongsa,smile_0,100,0,trainningRoom,0,0,4,-999
24,42,1,a0010,Grace,으…,Ugh...,うっ…,.,.,-125,Bard,black_0,300,Grace,angry_0,-100,Yongsa,smile_0,100,0,trainningRoom,0,0,4,16
24,43,1,a0100,???,위대하신 세계수시여…,O great World Tree...,偉大なる世界樹よ…,.,.,-125,Bard,black_0,150,Grace,angry_0,-100,Yongsa,smile_0,100,0,trainningRoom,0,0,4,-999
24,44,1,a0100,???,거짓된 자가 앞으로 나아갈 수 있게 하소서. ,Allow the false one to move forward.,偽りの者が、再び前へ進めるよう導きたまえ。,.,.,-125,Bard,eyeClose_0,125,Grace,angry_0,-100,Yongsa,smile_0,100,0,trainningRoom,0,0,4,-999
24,45,1,a0000, ,( 깡! ),(Clang!),（ドカッ！）,.,.,-125,.,.,-50,.,.,50,.,.,125,0,trainningRoom,1,27,4,29
24,48,1,a0002,Ail Shell,아팟?!,Ouch?!,イタっ！！,.,.,-125,Bard,idle_0,125,Grace,angry_0,-125,Yongsa,sad_0,25,0,trainningRoom,2,27,4,-999
24,46,1,a0100,Bard,스캐빈저 기사단장. 바르드.,Scavenger Knight Commander. Bard.,スキャベンジャー騎士団長、バルドです。,.,.,-125,Bard,say_0,125,Grace,angry_0,-125,Yongsa,sad_0,25,0,trainningRoom,0,0,4,-999
24,47,1,a0100,Bard,그 분의 뜻을 행했습니다.,I have carried out your will.,あの方のご意志を遂げました。,.,.,-125,Bard,idle_0,125,Grace,angry_0,-125,Yongsa,sad_0,25,0,trainningRoom,0,0,4,-999
24,49,1,a0010,Grace,바르드 기사단장님!,Knight Commander Bard!,バルド団長！,.,.,-125,Bard,idle_0,125,Grace,smile_0,-100,Yongsa,sad_0,25,0,trainningRoom,0,0,4,-999
24,50,1,a0100,Bard,아직 인사말이 입에 익지 않았나보군요. 그레이스 양.,It seems you haven't gotten used to the greeting yet. Miss Grace.,まだ挨拶の言葉を覚えていないようですね、\nグレイスさん。,.,.,-125,Bard,eyeClose_1,125,Grace,smile_0,-100,Yongsa,sad_0,25,0,trainningRoom,0,0,4,-999
24,51,1,a0010,Grace,그… 아!,Th... Ah!,あ…！,.,.,-125,Bard,eyeClose_1,125,Grace,panic_0,-100,Yongsa,sad_0,25,0,trainningRoom,0,0,4,-999
24,52,1,a0030,Grace,명예로운 아침입니다. 기사단장님!,Salute! Knight Commander!,名誉ある朝を、団長！,.,.,-125,Bard,eyeClose_1,125,Grace,smile_2,-100,Yongsa,sad_0,25,0,trainningRoom,0,0,4,-999
24,53,1,a0100,Bard,좋습니다. 그리고 애일…,Good. And Ail...,いいでしょう。それから、エイル…,.,.,-125,Bard,smile_0,125,Grace,smile_2,-100,Yongsa,sad_0,25,0,trainningRoom,0,0,4,-999
24,54,1,a0001,Ail Shell,…,...,……,.,.,-125,Bard,smile_0,125,Grace,smile_2,-100,Yongsa,eyeClose_0,25,0,trainningRoom,0,0,4,-999
24,55,1,a0001,Ail Shell,적들 끝장낼 때 외우는 기도를 나한테 하니까 기분 좋아요?,Does it feel good to say the prayer you memorize\nwhen you finish off enemies to me?,敵を仕留めるときの祈りなんか言われて、\n挨拶する気になれると思いますか？,.,.,-125,Bard,smile_0,125,Grace,smile_2,-100,Yongsa,doubt_0,25,0,trainningRoom,0,0,4,24
24,56,1,a0100,Bard,인사.,Greeting.,挨拶だ。,.,.,-125,Bard,eyeClose_0,100,Grace,smile_2,-100,Yongsa,doubt_0,25,0,trainningRoom,0,0,4,-999
24,57,1,a0001,Ail Shell,…,...,……,.,.,-125,Bard,eyeClose_0,125,Grace,smile_2,-100,Yongsa,eyeClose_0,-25,0,trainningRoom,0,0,4,-999
24,58,1,a0001,Ail Shell,거 참 좋은 아침입니다. 바르드 길드장님…,Good morning to you+o Bard...,なんてすばらしい朝でしょうね、ギルド長…,.,.,-125,Bard,eyeClose_0,125,Grace,smile_2,-100,Yongsa,lie_0,0,0,trainningRoom,0,0,4,16
24,59,1,a0000, ,(깡),(Clang),（ドカッ！）,.,.,-125,.,.,125,.,.,-100,.,.,0,0,trainningRoom,2,27,4,29
24,60,1,a0002,Ail Shell,으악! 때린 곳 또 때리지 마요!,Ugh! Don't hit the same spot again!,イタっ！同じところ殴るな！！,.,.,-125,Bard,eyeClose_0,125,Grace,smile_2,-100,Yongsa,angry_2,0,0,trainningRoom,0,0,4,-999
24,61,1,a0100,Bard,후우… 저번에 알려준 기사단 예절법. 다시 공부해오도록.,Study the knighthood etiquette\nI told you about last time again.,ふう…前に教えた騎士団の礼儀作法、\nもう一度勉強してくるように。,.,.,-125,Bard,idle_0,125,Grace,smile_2,-100,Yongsa,angry_2,0,0,trainningRoom,0,0,4,-999
24,62,1,a0100,Bard,그리고 1인분 할 때까지 월급은 없으니까 말이야.,And there's no salary until you do your part.,それと、一人前になるまで給料はなしだからな。,.,.,-125,Bard,eyeClose_1,125,Grace,smile_2,-100,Yongsa,angry_2,0,0,trainningRoom,0,0,4,-999
24,63,1,a0003,Ail Shell,그러는 게 어딨어!,How can you do that!,それはおかしい！,.,.,-125,Bard,eyeClose_1,125,Grace,smile_2,-100,Yongsa,panic_0,0,0,trainningRoom,0,0,4,24
24,64,1,a0001,Ail Shell,길드장이나 기사단장이나 사람 굴리는 건 거기서 거기잖아!,Whether you're a guild leader or a knight commander+o\nyou're all the same when it comes to exploiting people!,ギルド長だろうが騎士団長だろうが、\n人のこき使いっぷりは同じじゃないか！,.,.,-125,Bard,eyeClose_1,125,Grace,smile_2,-100,Yongsa,angry_2,0,0,trainningRoom,0,0,4,-999
24,65,1,a0001,Ail Shell,의식주랑 신원 보증 해주면 이렇게 막굴려도 되는거야?!,Does providing food+o clothing+o and shelter\nand guaranteeing identity mean you can exploit people like this?!,衣食住と身元保証さえしてくれれば、\nこんなふうにこき使っていいのか！？,.,.,-125,Bard,eyeClose_1,125,Grace,smile_2,-100,Yongsa,doubt_0,0,0,trainningRoom,0,0,4,-999
24,66,1,a0010,Grace,…그냥 다 해준 거 아닌가?,(...Isn't that all he's done?),…何から何までやってもらってるじゃない。,.,.,-125,Bard,eyeClose_1,125,Grace,panic_0,-100,Yongsa,doubt_0,0,0,trainningRoom,0,0,4,16
24,67,1,a0100,Bard,허허. 고놈 성질 머리봐라...,Haha. Look at that temper...,ははは、まったくこの気の荒さよ…,Bob,idle_0,-300,Bard,smile_0,125,Grace,panic_0,-100,Yongsa,doubt_0,0,0,trainningRoom,0,0,4,-999
24,68,1,a1000,Bob,충성! 명예로운 아침입니다! 바르드 기사단장님.,Salute! A glorious morning to you+o Commander Bard of the Knights!,名誉ある朝を！ バルド団長！,Bob,idle_0,20,Bard,smile_0,125,Grace,panic_0,-125,Yongsa,doubt_0,-75,0,trainningRoom,0,0,4,17
24,69,1,a0100,Bard,밥 대원! 명예로운 아침이네! 출정 준비가 다 되었나 보군?,Bob! Good morning! It seems you're ready for departure?,ボブ隊員！ 名誉ある朝だな！ 出征の準備はもうできたか？,Bob,idle_0,20,Bard,smile_1,125,Grace,panic_0,-125,Yongsa,doubt_0,-75,0,trainningRoom,0,0,4,-999
24,70,1,a1000,Bob,그렇습니다!,Yes!,そうでございます！,Bob,idle_0,20,Bard,smile_1,125,Grace,panic_0,-125,Yongsa,doubt_0,-75,0,trainningRoom,0,0,4,-999
24,71,1,a0100,Bard,연인은 아직 없고?,Still no lover?,恋人はまだいないのか？,Bob,idle_0,20,Bard,smile_0,125,Grace,panic_0,-125,Yongsa,doubt_0,-75,0,trainningRoom,0,0,4,-999
24,72,1,a2000,Bob,하하! 농담이 심하십니다. 아시지 않습니까.,Haha! You're joking too much. Don't you know?,ははっ！ 冗談が過ぎます。もうご存じではないですか。,Bob,idle_0,20,Bard,smile_0,125,Grace,panic_0,-125,Yongsa,doubt_0,-75,0,trainningRoom,0,0,4,-999
24,73,1,a1000,Bob,저희 기사단 규칙 2조. 사망 플래그는 피해라.,Article 2 of our knighthood rules. Avoid death flags.,我が騎士団規則第二条、「死亡フラグは避けろ」。,Bob,idle_0,20,Bard,smile_0,125,Grace,panic_0,-125,Yongsa,doubt_0,-75,0,trainningRoom,0,0,4,31
24,74,1,a0100,Bard,하하! 아주 마음에 드는군.,Haha! I like that very much.,はは！いいぞ。気に入った。,Bob,idle_0,20,Bard,smile_1,125,Grace,panic_0,-125,Yongsa,doubt_0,-75,0,trainningRoom,0,0,4,-999
24,75,1,a0100,Bard,그럼 예정대로 1시간 뒤에 출발한다고 모두에게 전파하도록.,Then tell everyone that we'll depart in an hour as planned.,では予定通り、一時間後に出発すると皆に伝えてくれ。,Bob,idle_0,20,Bard,say_0,125,Grace,panic_0,-125,Yongsa,doubt_0,-75,0,trainningRoom,0,0,4,-999
24,76,1,a1000,Bob,넵! 명예로운 아침 되십시오!,Yes! A glorious morning to you!,はい！ 名誉ある朝を！,Bob,idle_0,20,Bard,say_0,125,Grace,panic_0,-125,Yongsa,doubt_0,-75,0,trainningRoom,0,0,4,-999
24,77,1,a1000,Bob,(후다닥),(Hurriedly),（ダダッ）,Bob,idle_0,300,Bard,say_0,125,Grace,panic_0,-125,Yongsa,doubt_0,-75,0,trainningRoom,0,0,4,17
24,78,1,a0001,Ail Shell,...무슨 일있어?,...What's wrong?,…何かあったのか？,.,.,-125,Bard,say_0,125,Grace,panic_0,-125,Yongsa,idle_0,0,0,trainningRoom,0,0,4,-999
24,79,1,a0100,Bard,늘 있는 일이지. 던전이 만들어지면서 근처 마을이 통째로 실종.,It's the usual.\nA nearby village disappeared entirely as a dungeon was created.,ああ、よくあることだ。\nダンジョンが出現し、近くの村が丸ごと消える。,.,.,-125,Bard,eyeClose_1,125,Grace,panic_0,-125,Yongsa,idle_0,0,0,trainningRoom,0,0,4,-999
24,80,1,a0100,Bard,마법사 말로는 과거를 재현하는 던전이라는 데…,The royal wizard says it's a dungeon that recreates the past...,魔法使いの話では、\n過去を再現するタイプのダンジョンらしいが…,.,.,-125,Bard,eyeClose_0,125,Grace,panic_0,-125,Yongsa,idle_0,0,0,trainningRoom,0,0,4,-999
24,81,1,a0100,Bard,뭐… 일반적인 던전이랑 별로 다를 거 없겠지.,Well... it's probably not much different from a normal dungeon.,まあ、普通のダンジョンと大して変わらんだろう。,.,.,-125,Bard,say_0,125,Grace,panic_0,-125,Yongsa,idle_0,0,0,trainningRoom,0,0,4,-999
24,82,1,a0100,Bard,영구적인 던전과 다르게 던전을 소환한 던전 주인을 쓰러트리거나,Unlike permanent dungeons+o it ends\nwhen you defeat the dungeon owner who summoned the dungeon or,恒久的なダンジョンと違って、召喚した主を倒すか、,.,.,-125,Bard,idle_0,125,Grace,panic_0,-125,Yongsa,idle_0,0,0,trainningRoom,0,0,4,-999
24,83,1,a0100,Bard,소환에 사용된 제물 중 하나를 처치하면 끝이라더군..,When we kill one of the sacrifices used for the summoning.,召喚に使われた生け贄のどれかを討てば終わるらしい。,.,.,-125,Bard,smile_0,125,Grace,panic_0,-125,Yongsa,idle_0,0,0,trainningRoom,0,0,4,-999
24,84,1,a0001,Ail Shell,생각보다 단순하네.,It's simpler than I thought.,思ったより簡単だな。,.,.,-125,Bard,smile_0,125,Grace,panic_0,-125,Yongsa,smile_0,0,0,trainningRoom,0,0,4,-999
24,85,1,a0001,Ail Shell,...도움 필요해?,...Need help?,…手伝おうか？,.,.,-125,Bard,smile_0,125,Grace,panic_0,-125,Yongsa,doubt_0,0,0,trainningRoom,0,0,4,-999
24,86,1,a0100,Bard,하! 너같은 꼬맹이 도움을 받을 바에 기사단장을 내려놓고 만다.,Ha! I'd rather give up being the knight commander than\nget help from a kid like you.,ハッ！　お前みたいな小僧の世話になるくらいなら、\n騎士団長なんざ辞めてやるぞ。,.,.,-125,Bard,smile_1,125,Grace,panic_0,-125,Yongsa,doubt_0,0,0,trainningRoom,0,0,4,31
24,87,1,a1000,???,그 말 취소하는 게 좋을 걸요?,You might want to take that back?,その言葉、取り消した方がいいのでは？,Greret,black_0,-300,Bard,smile_1,125,Grace,panic_0,-125,Yongsa,doubt_0,0,0,trainningRoom,0,0,4,-999
24,88,1,a1000,???,(스윽),(Swish),（スーッ）,Greret,black_0,-125,Bard,smile_1,125,Grace,panic_0,-50,Yongsa,doubt_0,20,0,trainningRoom,0,0,4,17
24,89,1,a0100,Bard,…왕실 마법사.,...Royal Wizard.,…王室魔法使い。,Greret,black_0,-125,Bard,doubt_0,125,Grace,panic_0,-50,Yongsa,doubt_0,20,0,trainningRoom,0,0,4,16
24,90,1,a1000,???,안녕하세요. 바르드 장군.,Hello. General Bard.,ごきげんよう、バルド将軍。,Greret,eyeClose_1,-125,Bard,doubt_0,125,Grace,panic_0,-50,Yongsa,doubt_0,20,0,trainningRoom,0,0,4,-999
24,91,1,a1000,Greret,이번 작전 지휘를 맡은 운명 마법사. 그리렛입니다.,I'm Greret+o the destiny wizard in charge of this operation.,今回の作戦指揮を務める、運命魔法使いのグリレットです。,Greret,idle_0,-125,Bard,doubt_0,125,Grace,panic_0,-50,Yongsa,doubt_0,20,0,trainningRoom,0,0,4,-999
24,92,1,a0001,Ail Shell,(운명 마법사…?),(destiny Wizard...?),（運命魔法使い…？）,Greret,idle_0,-125,Bard,doubt_0,125,Grace,panic_0,-50,Yongsa,idle_0,20,0,trainningRoom,0,0,4,-999
24,93,1,a0100,Bard,확실히 그런 이름이었지.,That was definitely the name.,確かにそんな名前だったな。,Greret,idle_0,-125,Bard,eyeClose_1,125,Grace,panic_0,-50,Yongsa,idle_0,20,0,trainningRoom,0,0,4,-999
24,94,1,a0100,Bard,내 지휘권을 억지로 뺏어간 마법사 이름이.,The name of the wizard who forcibly took away my command.,俺の指揮権を無理やり奪った魔法使いの名前だ。,Greret,idle_0,-125,Bard,doubt_0,100,Grace,panic_0,-50,Yongsa,idle_0,20,0,trainningRoom,0,0,4,24
24,95,1,a1000,Greret,그건 어쩔 수 없었다니까요.,I couldn't help it.,それは仕方なかったんです。,Greret,eyeClose_0,-125,Bard,doubt_0,125,Grace,panic_0,-50,Yongsa,idle_0,20,0,trainningRoom,0,0,4,-999
24,96,1,a1000,Greret,이번 던전은 운명 마법으로 만들어진 것.,This dungeon was created with destiny magic.,今回のダンジョンは、運命魔法で作られたもの。,Greret,eyeClose_1,-100,Bard,doubt_0,125,Grace,panic_0,-40,Yongsa,idle_0,30,0,trainningRoom,0,0,4,-999
24,97,1,a1000,Greret,마법 특성상 던전의 모든 이동은 던전 주인의 통제 하일 거예요.,Due to the nature of the magic+o all movement in the dungeon\nwill be under the control of the dungeon owner.,魔法の特性上、\nダンジョン内のすべての移動はダンジョン主の支配下にあるはずです。,Greret,idle_0,-100,Bard,doubt_0,125,Grace,panic_0,-40,Yongsa,idle_0,30,0,trainningRoom,0,0,4,-999
24,98,1,a1000,Greret,만약 저의 안내가 없다면... 던전 클리어는커녕 영원히 헤매고 말걸요?,If you don't have my guidance…\nyou'll be wandering forever+o let alone clearing the dungeon?,もし私の案内がなければ…ダンジョンを攻略するどころか、\n永遠に迷うことになりますよ？,Greret,smile_0,-75,Bard,doubt_0,125,Grace,panic_0,-20,Yongsa,idle_0,40,0,trainningRoom,0,0,4,-999
24,99,1,a0100,Bard,…제길. 마법이라도 좀 배워둘 걸 그랬군.,...Damn it. I should have learned some magic.,…ちくしょう。魔法くらい、少しでも習っておくんだった。,Greret,smile_0,-125,Bard,angry_0,100,Grace,panic_0,-50,Yongsa,idle_0,20,0,trainningRoom,0,0,4,16
24,100,1,a1000,Greret,후후. 납득이 빨라서 좋네요.,I'm glad you understand quickly.,ふふ、物分かりが早くて助かります。,Greret,idle_0,-125,Bard,angry_0,125,Grace,panic_0,-50,Yongsa,idle_0,20,0,trainningRoom,0,0,4,31
24,101,1,a1000,Greret,그나저나…,By the way...,それはそうと…,Greret,eyeClose_1,-125,Bard,angry_0,125,Grace,panic_0,-50,Yongsa,idle_0,20,0,trainningRoom,0,0,4,-999
24,102,1,a1000,Greret,(힐끗),(Glances),（ちらっ）,Greret,eyeClose_2,-110,Bard,angry_0,125,Grace,panic_0,-50,Yongsa,idle_0,20,0,trainningRoom,0,0,4,-999
24,103,1,a0001,Ail Shell,…?,...?,…？,Greret,eyeClose_2,-125,Bard,angry_0,125,Grace,panic_0,-50,Yongsa,doubt_0,30,0,trainningRoom,0,0,4,18
24,104,1,a1000,Greret,저의 권한에는 병사 추가랑 고용도 있었죠?,Surely my authority included adding and hiring soldiers+o right?,確かに私の権限には、\n兵士の増員や雇用も含まれていましたよね？,Greret,eyeClose_1,-125,Bard,angry_0,125,Grace,panic_0,-50,Yongsa,doubt_0,20,0,trainningRoom,0,0,4,-999
24,105,1,a0100,Bard,...지금 준비된 인원으로도 던전 3개는 공략하고도 남을 텐데?,...We have enough people prepared to conquer three dungeons?,…今の人員でも、ダンジョン3つは攻略して余るだろ？,Greret,eyeClose_1,-125,Bard,doubt_0,125,Grace,panic_0,-50,Yongsa,doubt_0,20,0,trainningRoom,0,0,4,-999
24,106,1,a0100,Bard,게다가 용병은 그렇게 금방 고용되는 게 아니네.,Besides+o mercenaries aren't hired that quickly.,それに傭兵は、そう簡単に雇えるもんじゃない。,Greret,eyeClose_1,-125,Bard,eyeClose_0,125,Grace,panic_0,-50,Yongsa,doubt_0,20,0,trainningRoom,0,0,4,-999
24,107,1,a0100,Bard,사망 보험금이니 치유 마법이니… 요구사항 조율만 3시간이 걸리지.,Death insurance and healing magic…\nit takes 3 hours just to negotiate the requirements.,死亡保険だの治癒魔法だの…条件交渉だけで3時間はかかる。,Greret,eyeClose_1,-125,Bard,eyeClose_1,125,Grace,panic_0,-50,Yongsa,doubt_0,20,0,trainningRoom,0,0,4,-999
24,108,1,a0100,Bard,그런데 마법사 양반은 어디서 용병을 만들어올 생각인가?,So where does the wizard plan to create mercenaries from?,それで、魔法使い殿はどこから傭兵を連れてくるおつもりで？,Greret,eyeClose_1,-125,Bard,smile_0,115,Grace,panic_0,-60,Yongsa,doubt_0,30,0,trainningRoom,0,0,4,-999
24,109,1,a1000,Greret,...기사단장 정도 되면 비꼬는 것도 수준급이 되시는 군요.,...You've become quite skilled at sarcasm as a knight commander.,…さすがは団長、皮肉の腕前も一流ですね。,Greret,smile_0,-115,Bard,smile_0,125,Grace,panic_0,-40,Yongsa,doubt_0,60,0,trainningRoom,0,0,4,-999
24,110,1,a1000,Greret,하긴 아직 철이 없을 나이시긴 하죠.,Well+o you're still young.,もっとも、まだ若いお年のようですが。,Greret,eyeClose_1,-125,Bard,smile_0,125,Grace,panic_0,-50,Yongsa,doubt_0,20,0,trainningRoom,0,0,4,-999
24,111,1,a0100,Bard,뭣…!?,What...!?,なんだと…！？,Greret,eyeClose_1,-125,Bard,angry_1,125,Grace,panic_0,-50,Yongsa,doubt_0,20,0,trainningRoom,0,0,4,24
24,112,1,a1000,Greret,후후. 농담입니다. 저도 혀가 길었네요.,Hehe. I'm just kidding. I was too long-winded.,ふふ、冗談ですよ。少し言い過ぎましたね。,Greret,eyeClose_2,-125,Bard,angry_1,125,Grace,panic_0,-50,Yongsa,doubt_0,20,0,trainningRoom,0,0,4,-999
24,113,1,a1000,Greret,그래서 인원에 대한 거 말인데... 시간 걱정할 필요 없으실 겁니다.,So about the number of people…\nyou don't have to worry about the time.,それで、人員の件ですが…時間を気にする必要はありません。,Greret,eyeClose_0,-125,Bard,angry_1,125,Grace,panic_0,-50,Yongsa,doubt_0,20,0,trainningRoom,0,0,4,-999
24,114,1,a1000,Greret,이미… 저희 앞에 준비되어있지 않습니까?,Isn't it already... prepared in front of us?,もう…私たちの目の前に用意されているではありませんか？,Greret,idle_0,-125,Bard,angry_1,125,Grace,panic_0,-50,Yongsa,doubt_0,20,0,trainningRoom,0,0,4,-999
24,115,1,a0111, ,?,?,？,Greret,idle_0,-125,Bard,idle_0,125,Grace,panic_0,-50,Yongsa,panic_2,20,0,trainningRoom,0,0,4,18
24,118,1,a1000,Greret,그래요. 꼬마 친구.,That's right. Little friend.,そうですね、坊や。,Greret,eyeClose_1,-110,Bard,idle_0,125,Grace,panic_0,-50,Yongsa,panic_2,20,0,trainningRoom,0,0,4,-999
24,119,1,a1000,Greret,저희랑 같이 출정 해주셔야 겠어요. 던전으로.,You'll have to go on an expedition with us.\nTo the dungeon.,あなたにもご同行いただきますよ。ダンジョンへ。,Greret,smile_0,-90,Bard,idle_0,125,Grace,panic_0,-30,Yongsa,panic_2,30,0,trainningRoom,0,0,4,-999
24,120,1,a0222,Ail Shell,?!,?!,！？,Greret,smile_0,-90,Bard,doubt_0,125,Grace,panic_0,-30,Yongsa,panic_0,30,0,trainningRoom,0,0,-999,16
24,121,1,a0100,Bard,무…,Wh...,な…,Greret,smile_0,-125,Bard,angry_0,125,Grace,panic_0,-50,Yongsa,panic_0,20,0,trainningRoom,0,0,-999,-999
24,122,1,a0200,Bard,무슨 소리를 하는 겁니까! ,What are you talking about!,何を言っているんですか！,Greret,smile_0,-125,Bard,angry_1,125,Grace,panic_0,-50,Yongsa,panic_0,20,0,trainningRoom,0,0,-999,24
24,123,1,a0100,Bard,이 녀석들은 실전 경험도 없는 아이들입니다!,These guys are kids with no combat experience!,この子たちは実戦経験もない新米です！,Greret,smile_0,-125,Bard,doubt_0,125,Grace,panic_0,-50,Yongsa,panic_0,20,0,trainningRoom,0,0,10,-999
24,124,1,a0100,Bard,아무리 왕실 마법사라고 해도 이런 일은…!,Even if you're a royal wizard+o this is...!,いくら王室魔法使いだからといって、こんな無茶な…！,Greret,smile_0,-125,Bard,angry_0,125,Grace,panic_0,-50,Yongsa,panic_0,20,0,trainningRoom,0,0,10,-999
24,125,1,a1000,Greret,그럴 리가요. 실전 경험이 없다니…,That can't be. No combat experience...?,そんなはずありません。実戦経験がないなんて…,Greret,eyeClose_1,-125,Bard,angry_0,125,Grace,panic_0,-50,Yongsa,panic_0,20,0,trainningRoom,0,0,10,-999
24,126,1,a1000,Greret,병사에 대한 거짓 보고는 중징계라고요?,False reports about soldiers are severely punished+o right?,兵士について虚偽の報告をしたら重い処分ですよ？,Greret,eyeClose_2,-125,Bard,angry_0,125,Grace,panic_0,-50,Yongsa,panic_0,20,0,trainningRoom,0,0,10,-999
24,127,1,a0100,Bard,…,...,……,Greret,eyeClose_2,-125,Bard,doubt_0,125,Grace,panic_0,-50,Yongsa,panic_0,20,0,trainningRoom,0,0,10,-999
24,128,1,a1000,Greret,이미 충분한 경험이 있는 병사지 않나요… 그렇지? 꼬마 친구.,Isn't he already a soldier with enough experience…\nright? Little friend.,すでに十分な経験を積んだ兵士じゃないですか…\nそうでしょう？坊や。,Greret,smile_0,-50,Bard,doubt_0,125,Grace,panic_0,0,Yongsa,panic_0,30,0,trainningRoom,0,0,10,31
24,129,1,a0001,Ail Shell,…,...,……,Greret,smile_0,-125,Bard,doubt_0,125,Grace,panic_0,-50,Yongsa,panic_3,20,0,trainningRoom,0,0,10,-999
24,130,1,a0001,Ail Shell,(대놓고 눈치를 주는 군.),(She's openly giving me a look.),（あからさまに俺の反応をうかがってる…）,Greret,smile_0,-125,Bard,doubt_0,125,Grace,panic_0,-50,Yongsa,eyeClose_0,20,0,trainningRoom,0,0,10,-999
24,131,1,a0001,Ail Shell,(참가하면 꽤나 돈 좀 될 것 같은데...),(If I participate+o I think I'll make a lot of money...),（参加すれば、けっこう金になる気もするけど…）,Greret,smile_0,-125,Bard,doubt_0,125,Grace,panic_0,-50,Yongsa,doubt_0,20,0,trainningRoom,0,0,10,-999
24,132,1,a0001,Ail Shell,(그냥 저질러 버리면...),(If I just do it...),（いっそやってしまえば…）,Greret,smile_0,-125,Bard,doubt_0,125,Grace,panic_0,-50,Yongsa,shine_0,20,0,trainningRoom,0,0,10,21
24,133,1,a0100,Bard,…,...,……,Greret,smile_0,-125,Bard,idle_0,125,Grace,panic_0,-50,Yongsa,shine_0,20,0,trainningRoom,0,0,10,-999
24,134,1,a0100,Bard,(도리도리),(Shakes head),（コホン！）,Greret,smile_0,-125,Bard,eyeClose_0,125,Grace,panic_0,-50,Yongsa,shine_0,20,0,trainningRoom,0,0,10,-999
24,135,1,a0001,Ail Shell,(네… 그러시겠죠.),(Yes... you would.),（ええ…そうでしょうね。）,Greret,smile_0,-125,Bard,eyeClose_0,125,Grace,panic_0,-50,Yongsa,eyeClose_0,20,0,trainningRoom,0,0,10,-999
24,136,1,a0001,Ail Shell,(뭐… 은혜도 있으니까. 이건 빠르게 거절해 버려야겠어.),(Well... I owe him a favor. I should quickly refuse this.),（まあ…借りもあるわけだし、これは早めに断った方がいいな。）,Greret,smile_0,-125,Bard,eyeClose_0,125,Grace,panic_0,-50,Yongsa,doubt_0,20,0,trainningRoom,0,0,10,-999
24,137,1,a0001,Ail Shell,글쎄요… 죄송하지만 저는 갈 생각이…,Well... I'm sorry+o but I don't plan to go...,そうですね…申し訳ありませんが、俺にはちょっと…,Greret,smile_0,-125,Bard,eyeClose_0,125,Grace,panic_0,-50,Yongsa,say_0,20,0,trainningRoom,0,0,10,-999
24,138,1,a0010,Grace,후후후…,Hehehe...,ふふふ…,Greret,smile_0,-125,Bard,eyeClose_0,125,Grace,smile_1,-50,Yongsa,say_0,20,0,trainningRoom,0,0,-999,-999
24,139,1,a0001,Ail Shell,?,?,？,Greret,smile_0,-125,Bard,eyeClose_0,125,Grace,smile_1,-50,Yongsa,panic_2,20,0,trainningRoom,0,0,-999,18
24,140,1,a0010,Grace,아무래도 왕실 마법사 쯤 되면 정보력이 남다르군요.,It seems that royal wizards have outstanding information.,やはり王室魔法使いともなると、情報力が並じゃないわね。,Greret,smile_0,-145,Bard,eyeClose_0,125,Grace,eyeClose_0,-50,Yongsa,panic_2,70,0,trainningRoom,0,0,-999,-999
24,141,1,a0001,Ail Shell,…너 뭐하냐?,...What are you doing?,…お前、何してるんだ？,Greret,smile_0,-125,Bard,eyeClose_0,125,Grace,eyeClose_0,-50,Yongsa,doubt_0,20,0,trainningRoom,0,0,-999,-999
24,142,1,a0010,Grace,애일. 지금까지 비밀로 해서 미안하군.,Ail. I'm sorry for keeping it a secret until now.,エイル、今まで秘密にしていて悪かった。,Greret,smile_0,-125,Bard,eyeClose_0,125,Grace,smile_1,-40,Yongsa,doubt_0,30,0,trainningRoom,0,0,-999,-999
24,143,1,a0020,Grace,사실 난… 이미 토벌 경험이 있거든!,Actually+o I... already have combat experience!,実は私…もう討伐の経験があるんだ！,Greret,smile_0,-125,Bard,eyeClose_0,125,Grace,smile_2,-30,Yongsa,doubt_0,40,0,trainningRoom,0,0,-999,-999
24,144,1,a0010,Grace,너와 다르게 말이야!,Unlike you!,あんたとは違ってね！,Greret,smile_0,-125,Bard,eyeClose_0,125,Grace,smile_0,0,Yongsa,doubt_0,50,0,trainningRoom,0,0,-999,-999
24,145,1,a0001,Ail Shell,뭐… 뭣?!,Wh... What?!,な、なんだと…！？,Greret,smile_0,-125,Bard,eyeClose_0,125,Grace,smile_0,-50,Yongsa,panic_0,50,0,trainningRoom,0,0,9,-999
24,146,1,a0010, , , , ,Greret,smile_0,-125,Bard,eyeClose_0,125,Grace,smile_2,-50,Yongsa,panic_0,50,0,focus,1,28,9,14
24,146,1,a0020,Grace,때는 3일전. 무려 검은 눈 토끼 3마리를 내가 직접 토벌했지!,It was three days ago.\nI personally took down three black-eyed rabbits!,3日前のこと。あの黒目ウサギを3匹も、\nこの私が直接討伐した！,Greret,smile_0,-125,Bard,eyeClose_0,125,Grace,smile_2,-50,Yongsa,panic_0,50,0,trainningRoom,2,28,9,-999
24,147,1,a0010,Grace,앞서가는 게 미안해서 숨기고 있었는데…,I felt bad for getting ahead+o so I was hiding it…,あんたより先に進んでるのが悪い気がして、\n隠してたんだけど…,Greret,smile_0,-125,Bard,eyeClose_0,125,Grace,smile_1,-70,Yongsa,panic_0,50,0,trainningRoom,2,28,9,-999
24,148,1,a0030,Grace,들켰으면 어쩔수 없잖아? 미안해!,But if you found out+o there's nothing I can do+o right? Sorry!,バレたなら仕方ないじゃない？ごめん！,Greret,smile_0,-125,Bard,eyeClose_0,125,Grace,smile_0,-30,Yongsa,panic_0,50,0,trainningRoom,2,28,9,31
24,149,1,a0001,Ail Shell,…,…,……,Greret,smile_0,-125,Bard,eyeClose_0,125,Grace,smile_0,-50,Yongsa,panic_0,60,0,trainningRoom,2,28,9,-999
24,150,1,a0100,Bard,…,…,……,Greret,smile_0,-125,Bard,panic_0,135,Grace,smile_0,-50,Yongsa,panic_0,60,0,trainningRoom,2,28,9,-999
24,151,1,a0010,Grace,뭐야 왜 그런 눈으로 보는 거야.,What? Why are you looking at me like that?,なによ、その目は。,Greret,smile_0,-125,Bard,panic_0,125,Grace,idle_0,-50,Yongsa,panic_0,60,0,trainningRoom,2,28,9,-999
24,152,1,a0010,Grace,갑자기 벽이 느껴져서 그래? 그런거야?!,Do you suddenly feel a wall between us? Is that it?!,実力差を感じて落ち込んだ？そうなの！？,Greret,smile_0,-125,Bard,panic_0,125,Grace,panic_0,-40,Yongsa,panic_0,60,0,trainningRoom,2,28,9,-999
24,153,1,a0030,Grace,거… 걱정마! 너도 할 수 있을 거라구! 포기하지 마!,D-Don't worry! You can do it too! Don't give up!,だ、大丈夫！あんたにもできるって！諦めないで！,Greret,smile_0,-125,Bard,panic_0,125,Grace,smile_2,-30,Yongsa,panic_0,60,0,trainningRoom,2,28,9,16
24,154,1,a0001,Ail Shell,…하+o 그레이스야…,…Ha+o Grace…,…はぁ、グレース…,Greret,smile_0,-125,Bard,panic_0,125,Grace,smile_2,-50,Yongsa,panic_1,50,0,trainningRoom,2,28,9,-999
24,155,1,a1000,Greret,…,…,……,Greret,eyeClose_0,-125,Bard,panic_0,125,Grace,eyeClose_0,-50,Yongsa,panic_1,50,0,trainningRoom,0,0,9,-999
24,156,1,a1000,Greret,좋아요. 그럼 두 사람을 모두 데려가죠.,Okay. Then let's take both of them.,それじゃあ、二人とも連れて行きましょう。,Greret,idle_0,-125,Bard,panic_0,125,Grace,idle_0,-50,Yongsa,panic_1,50,0,trainningRoom,0,0,9,-999
24,157,1,a0002,Ail Shell,?!,?!,！？,Greret,idle_0,-125,Bard,panic_0,125,Grace,idle_0,-50,Yongsa,panic_0,20,0,trainningRoom,0,0,9,-999
24,158,1,a1000,Greret,그레이스 양 말대로 한 사람을 따돌리는 건 좋지 않으니까요.,As Grace said+o it's not good to leave one person out.,グレースさんの言う通り、\n一人を外すのは良くないですから。,Greret,eyeClose_1,-125,Bard,panic_0,125,Grace,idle_0,-50,Yongsa,panic_0,20,0,trainningRoom,0,0,9,-999
24,159,1,a0001,Ail Shell,자… 잠깐 난 딱히 갈 생각이…,W-Wait+o I don't really want to go…,ちょ、ちょっと待て、俺は行くつもりなんて…,Greret,eyeClose_1,-125,Bard,panic_0,125,Grace,idle_0,-50,Yongsa,panic_3,10,0,trainningRoom,0,0,9,-999
24,160,1,a0030,Grace,좋아요! 즉시 출정 준비를 하고 올게요.,Great! I'll go prepare for departure right away.,では、早速出発の準備をしてくるわ！,Greret,eyeClose_1,-145,Bard,panic_0,125,Grace,smile_1,-50,Yongsa,panic_3,70,0,trainningRoom,0,0,9,31
24,161,1,a0010,Grace,(애일 한테 용사의 격이라는 걸 알려줘야지!),(I need to show Ail what a hero's dignity is!),（エイルに勇者としての力量を見せてやらなきゃ！）,Greret,eyeClose_1,-145,Bard,panic_0,125,Grace,smile_0,-50,Yongsa,panic_3,70,0,trainningRoom,0,0,9,-999
24,162,1,a0010,Grace,(쌔앵~),(Whoosh~),（スタタッ）,Greret,eyeClose_1,-125,Bard,panic_0,125,Grace,smile_0,300,Yongsa,panic_0,50,0,trainningRoom,0,0,9,32
24,163,1,a0001,Ail Shell,…아니. 나는…,…No. I…,…いや、俺は…,Greret,eyeClose_1,-125,Bard,panic_0,125,.,.,-50,Yongsa,panic_0,0,0,trainningRoom,0,0,9,-999
24,164,1,a0100,Bard,…,…,……,Greret,eyeClose_1,-125,Bard,eyeClose_0,125,.,.,-50,Yongsa,panic_0,0,0,trainningRoom,0,0,9,-999
24,165,1,a0100,Bard,…애일.,…Ail.,…エイル、,Greret,eyeClose_1,-125,Bard,idle_0,100,.,.,-50,Yongsa,panic_0,0,0,trainningRoom,0,0,9,-999
24,166,1,a0001,Ail Shell,에?,Huh?,え？,Greret,eyeClose_1,-125,Bard,idle_0,100,.,.,-50,Yongsa,panic_3,0,0,trainningRoom,0,0,9,-999
24,167,1,a0100,Bard,우리 스캐빈저 기사단의 일은 거짓 속에서 약자를 지켜내는 것이다.,The work of our Scavenger Knights is\nto protect the weak amidst lies.,俺たちスキャベンジャー騎士団の使命は、\n嘘にまみれた世界から弱き者を守り抜くこと。,Greret,eyeClose_1,-125,Bard,eyeClose_1,100,.,.,-50,Yongsa,panic_3,0,0,trainningRoom,0,0,9,-999
24,168,1,a0100,Bard,필요하다면 자신의 목숨을 바쳐서라도 말이지.,Even if it means sacrificing our own lives.,必要ならば、自分の命さえ投げ出してな。,Greret,eyeClose_1,-125,Bard,say_0,100,.,.,-50,Yongsa,panic_3,0,0,trainningRoom,0,0,9,-999
24,169,1,a0001,Ail Shell,바르드 길드장님…?,Guild Leader Bard…?,ギルド長…？,Greret,eyeClose_1,-125,Bard,say_0,100,.,.,-50,Yongsa,panic_2,0,0,trainningRoom,0,0,9,18
24,170,1,a0100,Bard,그리고… 그… 사실 그레이스는 말이다…,And… well… actually+o Grace is…,それと…その…実はグレースは…,Greret,eyeClose_1,-125,Bard,eyeClose_1,100,.,.,-50,Yongsa,panic_2,0,0,trainningRoom,0,0,9,-999
24,171,1,a0100,Bard,우리 기사단을 후원하시는 지역장 님의 딸이란다…,…the daughter of the regional lord\nwho sponsors our knights…,我ら騎士団を支援してくださっている領主様のお嬢様だ…,Greret,eyeClose_1,-125,Bard,panic_0,100,.,.,-50,Yongsa,panic_2,0,0,trainningRoom,0,0,9,-999
24,172,1,a0001,Ail Shell,자 잠깐… 그 다음은 말하지 말아봐요.,W-Wait a minute… Don't say anything more.,ちょ、ちょっと…その先は言わないでください。,Greret,eyeClose_1,-125,Bard,panic_0,100,.,.,-50,Yongsa,panic_3,0,0,trainningRoom,0,0,9,16
24,173,1,a0100,Bard,그러니까… 스캐빈저 기사단의 기사단장으로서 명하마.,So… as the commander of the Scavenger Knights+o I order you.,だからこそ…スキャベンジャー騎士団の団長として命じる。,Greret,eyeClose_1,-125,Bard,idle_0,100,.,.,-50,Yongsa,panic_3,0,0,trainningRoom,0,0,9,-999
24,174,1,a0001,Ail Shell,말 좀 멈춰보라니까요! 바르드… 아니 바르드 기사단장님!,I said stop talking! Bard… I mean+o Commander Bard!,ちょっと待ってください！バルド…いや、バルド団長！,Greret,eyeClose_1,-125,Bard,idle_0,100,.,.,-50,Yongsa,panic_1,0,0,trainningRoom,0,0,9,24
24,175,1,a0100,Bard,…그레이스 양을 잘 좀 부탁한다.,…Please take good care of Grace.,…グレースさんのことを頼む。,Greret,eyeClose_1,-125,Bard,panic_0,100,.,.,-50,Yongsa,panic_1,0,0,trainningRoom,0,0,9,-999
24,176,1,a0001,Ail Shell,기사단장님!!!,Commander!!!,団長！！！,.,.,-125,.,.,100,.,.,-50,.,.,0,0,black,0,0,9,-999
25,0,1,a1000,Ail Shell,…,…,……,Yongsa,eyeClose_0,-125,.,.,-50,.,.,50,Witch,idle_0,125,1,home,0,0,-999,-999
25,1,1,a2000,Ail Shell,으아아악!!!,Aaaaaah!!!,うわぁぁぁっ！！！,Yongsa,angry_2,-125,.,.,-50,.,.,50,Witch,idle_0,125,0,home,0,0,1,-999
25,2,1,a0002,Grin,깜짝아!,Yikes!,び、びっくりした！,Yongsa,angry_2,-125,.,.,-50,.,.,50,Witch,panic_0,125,0,home,0,0,1,-999
25,3,1,a0001,Grin,왜 소리를 지르고 그래요!,Why are you screaming!,なんでいきなり叫ぶんですか！,Yongsa,angry_2,-125,.,.,-50,.,.,50,Witch,angry_1,125,0,home,0,0,1,24
25,4,1,a1000,Ail Shell,그 뭐라고 해야하나…,It's like…,いや、その…なんと言うか…,Yongsa,panic_3,-125,.,.,-50,.,.,50,Witch,angry_1,125,0,home,0,0,1,-999
25,5,1,a1000,Ail Shell,흑역사를 실시간으로 재생한 느낌이야…,…reliving my embarrassing past in real-time…,黒歴史をリアルタイムで再生された気分で…,Yongsa,panic_0,-125,.,.,-50,.,.,50,Witch,angry_1,125,0,home,0,0,1,16
25,6,1,a0001,Grin,그래요?,Really?,そうですか？,Yongsa,panic_0,-125,.,.,-50,.,.,50,Witch,idle_0,125,0,home,0,0,1,-999
25,7,1,a0001,Grin,딱 그 나이 때스러워서 좋지 않나요?,Isn't it nice to see you being so typical for that age?,ちょうどそういう年頃らしくて、いいじゃないですか？,Yongsa,panic_0,-125,.,.,-50,.,.,50,Witch,shine_0,125,0,home,0,0,1,31
25,8,1,a1000,Ail Shell,좋기는 무슨…,Nice? How could it be…,どこかだ…,Yongsa,panic_1,-125,.,.,-50,.,.,50,Witch,shine_0,125,0,home,0,0,1,-999
25,9,1,a1000,Ail Shell,...잠깐만.,…Wait a minute.,…ちょっと待て。,Yongsa,doubt_0,-125,.,.,-50,.,.,50,Witch,shine_0,125,0,home,0,0,1,-999
25,10,1,a1000,Ail Shell,야! 너 다 보고 있었구나!,Hey! You were watching everything+o weren't you!,お前、最初から見てたな！？,Yongsa,angry_2,-125,.,.,-50,.,.,50,Witch,shine_0,125,0,home,0,0,1,24
25,11,1,a0001,Grin,아 들켰다.,Ah+o you caught me.,あ、バレた。,Yongsa,angry_0,-125,.,.,-50,.,.,50,Witch,panic_0,125,0,home,0,0,1,-999
25,12,1,a0001,Grin,(쌔앵-),(Whoosh-),（スタタッ）,Yongsa,angry_0,-125,.,.,-50,.,.,50,Witch,panic_0,300,0,home,0,0,1,32
25,13,1,a3000,Ail Shell,으아악! 너 일로와!,Aaaaaah! Get over here!,こらぁっ！待て、こっち来い！,Yongsa,angry_2,300,.,.,-50,.,.,50,.,.,125,0,home,0,0,-999,24
26,0,1,a1000,Ail Shell,…,…,……,Yongsa,angry_1,-125,.,.,-50,.,.,50,Witch,idle_0,125,0,home,0,0,-999,-999
26,1,1,a0001,Grin,아이 그만 경계하세요.,Come on+o stop being so wary.,もう警戒するのはやめてくださいよ。,Yongsa,angry_1,-125,.,.,-50,.,.,50,Witch,smile_1,125,0,home,0,0,1,-999
26,2,1,a0001,Grin,제가 죄송다니까요.,I said I'm sorry.,私が悪かったって言ってるじゃないですか。,Yongsa,angry_1,-125,.,.,-50,.,.,50,Witch,sad_0,125,0,home,0,0,1,-999
26,3,1,a0001,Grin,(흐뭇),(Smug),（にこっ）,Yongsa,angry_1,-125,.,.,-50,.,.,50,Witch,smile_0,125,0,home,0,0,1,21
26,4,1,a1000,Ail Shell,…,…,……,Yongsa,eyeClose_0,-125,.,.,-50,.,.,50,Witch,smile_0,125,0,home,0,0,1,-999
26,5,1,a1000,Ail Shell,아니 반성 하나도 안하고 있잖아!,You're not even sorry!,いや、全然反省してない！,Yongsa,angry_2,-125,.,.,-50,.,.,50,Witch,smile_0,125,0,home,0,0,1,24
26,6,1,a1000,Ail Shell,그거 어떻게 안 보이게 할 수는 없는 거야?,Can't you make it so you can't see it?,それ、見えないようにできないのか？,Yongsa,doubt_0,-125,.,.,-50,.,.,50,Witch,smile_0,125,0,home,0,0,1,-999
26,7,1,a0001,Grin,저를 통해 애일 씨한테 보내는 거라,Since I'm sending it to Ail through me+o,私を通してエイルさんに送られるので、,Yongsa,doubt_0,-125,.,.,-50,.,.,50,Witch,eyeClose_1,125,0,home,0,0,1,-999
26,8,1,a0001,Grin,애일 씨한테 안 보이게 할 수는 있어도 저는 다 봐야 해요.,I can make it so Ail can't see it+o but I have to see everything.,エイルさんに見えないようにすることはできますけど、\n私は全部見ますよ。,Yongsa,doubt_0,-125,.,.,-50,.,.,50,Witch,say_0,125,0,home,0,0,1,-999
26,9,1,a0001,Grin,어쩔 수 없다구요. :),There's nothing I can do. :),仕方ないんですって。 :）,Yongsa,doubt_0,-125,.,.,-50,.,.,50,Witch,smile_0,125,0,home,0,0,1,31
26,10,1,a1000,Ail Shell,…,…,……,Yongsa,panic_0,-125,.,.,-50,.,.,50,Witch,smile_0,125,0,home,0,0,1,-999
26,11,1,a1000,Ail Shell,알았어! 기억 복원이나 빨리 하고 말자!,Fine! Let's just hurry up and restore my memories!,もういい！さっさと記憶の復元を終わらせるぞ。,Yongsa,angry_2,-125,.,.,-50,.,.,50,Witch,smile_0,125,0,home,0,0,1,16
26,12,1,a0001,Grin,네~ 준비해 둘게요!,Okay~! I'll get ready!,は～い、準備しておきますね！,Yongsa,angry_2,-125,.,.,-50,.,.,50,Witch,smile_2,125,0,home,0,0,-999,-999
27,0,1,a0000, , , , ,.,.,-125,Tom,idle_0,-75,.,.,50,Bard,angry_0,75,1,deepForest,0,0,-999,-999
27,0,1,a0100,Tom,…,…,……,.,.,-125,Tom,idle_0,-75,.,.,50,Bard,angry_0,75,0,deepForest,0,0,-999,-999
27,1,1,a0100,Tom,바르드 기사단장님. 저 사실…,Commander Bard. Actually…,バルド団長、実は私…,.,.,-125,Tom,idle_0,-50,.,.,50,Bard,angry_0,75,0,deepForest,0,0,-999,-999
27,2,1,a0001,Bard,기사단 규칙 2조!,Knight Rule #2!,騎士団規則第2条！,.,.,-125,Tom,idle_0,-75,.,.,50,Bard,doubt_0,30,0,deepForest,0,0,-999,24
27,3,1,a0100,Tom,...뒤를 부탁드리겠습니다.,…I'm leaving the rest to you.,…後ろをお願いいたします。,.,.,-125,Tom,idle_0,-75,.,.,50,Bard,doubt_0,30,0,deepForest,0,0,-999,-999
27,4,1,a0001,Bard,…그래.,…Okay.,…ああ。,.,.,-125,Tom,idle_0,-90,.,.,50,Bard,eyeClose_1,75,0,deepForest,0,0,-999,-999
27,5,1,a0000, ,스캐빈저 기사단이 던전에 진입한지 3시간.,Three hours since the Scavenger Knights entered the dungeon.,スキャベンジャー騎士団がダンジョンに突入して3時間。,.,.,-125,Tom,idle_0,-90,.,.,50,Bard,eyeClose_1,75,0,deepForest,0,0,-999,-999
27,6,1,a0100,Tom,꼭 살아서 뵙겠습니다.,I'll see you alive+o for sure.,必ず生きて帰ってきます。,.,.,-125,Tom,idle_0,-90,.,.,50,Bard,eyeClose_1,75,0,deepForest,0,0,-999,33
27,7,1,a0001,Bard,…젠장.,…Damn it.,…ちくしょう。,.,.,-125,Tom,idle_0,-90,.,.,50,Bard,angry_0,75,0,deepForest,0,0,-999,-999
27,8,1,a0100,Tom,으아아아!!!,Haaaaah!!!,うわぁぁぁっ！！！,.,.,-125,Tom,idle_0,-300,.,.,50,Bard,angry_0,75,0,deepForest,0,0,-999,17
27,10,1,a0000,   ,(챙-! 채앵!),(Clang-! Cling!),（チャキーン！キィン！）,.,.,-125,.,.,-50,.,.,50,.,.,125,0,deepForest,0,0,-999,34
27,9,1,a0000,  ,던전에 들어올 때만 하더라도,When they first entered the dungeon+o,ダンジョンに入ったときは、,.,.,-125,.,.,-50,.,.,50,.,.,125,0,deepForest,0,0,-999,-999
27,9,1,a0000,  ,60명에 달하는 대규모 였던 스캐빈저 기사단. 그러나 지금에 이르러서는…,The Scavenger Knights were\na large group of nearly 60 people. But now…,60名規模だったスキャベンジャー騎士団。,.,.,-125,.,.,-50,.,.,50,.,.,125,0,deepForest,0,0,-999,-999
27,11,1,a0010,Greret,오… 톰 씨도 그렇고 다들 잘 싸우시는 군요. 역시 기사단!,Oh… Tom and everyone else are fighting well.\nAs expected of the knights!,おお…トムさんもそうですが、皆さんよく戦えていますね。\nさすが騎士団！,.,.,-125,.,.,-50,Greret,idle_0,50,.,.,125,0,deepForest,0,0,11,-999
27,16,1,a0010,Greret,자 그럼 여기는 톰 씨에게 맡기고 나아가볼까요?,Okay+o let's leave this to Tom and move on+o shall we?,では、ここはトムさんに任せて、進みましょうか？,.,.,-125,.,.,-50,Greret,smile_0,50,.,.,125,0,deepForest,0,0,11,31
27,14,1,a0001, ,…,…,…,Yongsa,panic_3,-125,Grace,panic_1,-50,Bob,idle_0,20,Bard,eyeClose_0,125,1,deepForest,0,0,11,-999
27,17,1,a0000,   ,단 5명 밖에 남지 않았다.,Only 5 people remained.,しかし残ったのはわずか5人だった。,.,.,-125,.,.,-50,.,.,50,.,.,125,0,deepForest,0,0,11,-999
27,18,1,a0000, , , , ,.,.,-125,.,.,-50,.,.,50,.,.,125,0,deepForest,1,29,11,-999
27,18,1,a0000,Wolves,아우우!!!!,Awoooo!!!!,アオォォン！！！,.,.,-125,.,.,-50,.,.,50,.,.,125,0,deepForest,2,29,11,35
27,19,1,a0010,Greret,어라… 새로운 적이네요.,Oh… a new enemy.,あら…新しい敵ですね。,Yongsa,panic_3,-125,Bob,idle_0,-50,Greret,idle_0,50,Bard,eyeClose_0,125,0,deepForest,2,29,11,-999
27,20,1,a0001,Bard,별거 아닌 적입니다. 한 5분이면 다 잡고도 남을…,It's nothing much.\nWe can take them all down in about 5 minutes…,大した相手ではない。5分もあれば片付けて余るような…,Yongsa,panic_3,-125,Bob,idle_0,-50,Greret,idle_0,50,Bard,eyeClose_1,125,0,deepForest,2,29,11,-999
27,21,1,a0020,Greret,병사분 성함이… 밥이었나요?,What was that soldier's name… Bob+o was it?,兵士さん、お名前は…ボブでしたか？,Yongsa,panic_3,-125,Bob,idle_0,-50,Greret,eyeClose_2,40,Bard,eyeClose_1,125,0,deepForest,2,29,11,-999
27,22,1,a0010,Greret,이번엔 아무래도 당신 차례인 것 같네요.,It seems like it's your turn this time.,今回はどうやら、あなたの番みたいですね。,Yongsa,panic_3,-125,Bob,idle_0,-50,Greret,idle_0,40,Bard,eyeClose_1,125,0,deepForest,2,29,11,-999
27,23,1,a0001,Bard,…네놈.,…You.,…この女め。,Yongsa,panic_3,-125,Bob,idle_0,-50,Greret,idle_0,40,Bard,angry_0,115,0,deepForest,0,0,11,24
27,24,1,a0010,Greret,그럼 다른 분들처럼 시간 벌이 부탁할게요.,Then+o I'll ask you a favor.,では他の方々と同じように、時間稼ぎをお願いしますわ。,Yongsa,panic_3,-125,Bob,idle_0,-50,Greret,smile_0,30,Bard,angry_0,115,0,deepForest,0,0,11,-999
27,25,1,a0002,Bard,이제 적당히 해라!,Enough is enough!,もういい加減にしろ！,Yongsa,panic_0,-300,Bob,idle_0,-100,Greret,smile_0,10,Bard,angry_2,100,0,deepForest,0,0,11,36
27,26,1,a0010,Greret,…,…,……,.,.,-125,Bob,idle_0,-125,Greret,idle_0,0,Bard,angry_2,125,0,deepForest,0,0,11,-999
27,27,1,a0001,Bard,적이 등장하면 병사 하나를 희생하는 전술...,A tactic of sacrificing a soldier when an enemy appears…,敵が現れるたびに兵士を1人犠牲にする戦術…,.,.,-125,Bob,idle_0,-125,Greret,idle_0,0,Bard,eyeClose_1,115,0,deepForest,0,0,11,-999
27,28,1,a0001,Bard,이길 수 있는 적임에도 일부를 희생시켜 나아가는 지금의 행보…,Advancing by sacrificing some even though we can win…,倒せる敵であるにもかかわらず、\n一部を犠牲にして進む今のやり方…,.,.,-125,Bob,idle_0,-125,Greret,idle_0,0,Bard,doubt_0,105,0,deepForest,0,0,11,17
27,29,1,a0002,Bard,지극히… 불명예스럽다!,It's extremely… dishonorable!,まったく…不名誉極まりない！,.,.,-125,Bob,idle_0,-125,Greret,idle_0,0,Bard,angry_2,75,0,deepForest,0,0,11,38
27,30,1,a0010,Greret,…그러신가요?,…Is that so?,…そうですか？,.,.,-125,Bob,idle_0,-125,Greret,eyeClose_0,0,Bard,angry_2,125,0,deepForest,0,0,11,-999
27,31,1,a0010,Greret,3분 안으로 끝내주시죠. 지금 나아가지 않으면 지체될 겁니다.,Please finish it within 3 minutes.\nWe'll be delayed if we don't move on now.,3分以内で片付けてくださいね。\n今進まなければ遅れますよ。,.,.,-125,Bob,idle_0,-125,Greret,idle_0,0,Bard,angry_2,125,0,deepForest,0,0,11,-999
27,32,1,a0001,Bard,이 녀석이 뚫린 입이라고…!,You're running your mouth off…!,この減らず口が…！,.,.,-125,Bob,idle_0,-125,Greret,idle_0,0,Bard,angry_1,115,0,deepForest,0,0,11,24
27,33,1,a0100,Bob,안됩니다 기사단장님!,No+o Commander!,いけません、団長！,.,.,-125,Bob,idle_0,50,Greret,idle_0,-125,Bard,angry_1,125,0,deepForest,0,0,11,32
27,34,1,a0001,Bard,…밥 대원.,…Bob.,…ボブ隊員。,.,.,-125,Bob,idle_0,0,Greret,idle_0,-125,Bard,idle_0,125,0,deepForest,0,0,11,-999
27,35,1,a0010,Greret,…이미 말했습니다.,…I already told you.,…先ほども言いましたが、,.,.,-125,Bob,idle_0,0,Greret,eyeClose_0,-125,Bard,idle_0,125,0,deepForest,0,0,11,-999
27,36,1,a0010,Greret,이 던전은 인위적으로 만들어진 것.,This dungeon is artificially made.,このダンジョンは人工的に作られたものです。,.,.,-125,Bob,idle_0,0,Greret,eyeClose_1,-125,Bard,idle_0,125,0,deepForest,0,0,11,-999
27,37,1,a0010,Greret,자연의 던전들과 다르게 정확한 공략을 요구한다고요.,Unlike natural dungeons+o it requires precise strategies.,自然のダンジョンとは違い、\n正確な攻略が求められるんですよ。,.,.,-125,Bob,idle_0,0,Greret,say_0,-125,Bard,idle_0,125,0,deepForest,0,0,11,-999
27,37,1,a0010,Greret,이 던전의 경우 막아낼 수 있는 팀이 한정되어 있다.,In this dungeon's case+o dungeon can block a limited number of teams.,このダンジョンは、対応できるチームが限られているんです。,.,.,-125,Bob,idle_0,0,Greret,say_0,-125,Bard,idle_0,125,0,deepForest,0,0,11,-999
27,38,1,a0010,Greret,그렇기에 모든 병사를 분산시켜 중심부에 도달하는 길을 연다.,Therefore+o we disperse all the soldiers to open a path to the center.,だからこそ兵を分散させ、中心部への道を切り開く。,.,.,-125,Bob,idle_0,0,Greret,eyeClose_1,-125,Bard,idle_0,125,0,deepForest,0,0,11,-999
27,39,1,a0010,Greret,이상이 작전이라고… 분명 말씀드렸죠.,That's the plan… I clearly told you.,これが作戦内容だと…はっきり申し上げましたよね。,.,.,-125,Bob,idle_0,0,Greret,idle_0,-125,Bard,idle_0,125,0,deepForest,0,0,11,-999
27,40,1,a0001,Bard,저 늑대 무리를 봐라. 병사 한 명은 무사히 돌아올 수 없지.,Look at that wolf pack. No soldier can return safely.,あの狼の群れを見ろ。兵士一人たりとも無事には戻れん。,.,.,-125,Bob,idle_0,-10,Greret,idle_0,-125,Bard,doubt_0,115,0,deepForest,0,0,11,-999
27,41,1,a0001,Bard,그런 곳으로 내 병사를… 사지로 걸어가게 할 것 같나!,Are you telling me to send my soldiers to… walk to their deaths!,そんな場所に俺の兵を…死地に送り込むと思うか！,.,.,-125,Bob,idle_0,-20,Greret,idle_0,-125,Bard,angry_0,105,0,deepForest,0,0,11,36
27,42,1,a0010,Greret,…다음엔 더 지독한 녀석이 올겁니다.,…A more vicious one will come next.,…次はもっと手強い奴が来ますから、,.,.,-125,Bob,idle_0,0,Greret,eyeClose_0,-125,Bard,angry_0,125,0,deepForest,0,0,11,-999
27,43,1,a0010,Greret,지금도 싸우고 있을 병사들을 위해서 우리가 해야할 일은…,For the soldiers who are still fighting… what we need to do is…,今も戦っている兵たちのために、私たちがすべきことは…,.,.,-125,Bob,idle_0,0,Greret,eyeClose_1,-125,Bard,angry_0,125,0,deepForest,0,0,11,-999
27,44,1,a0010,Greret,이 자를 버리고 나아가는 겁니다.,Abandon this man and move on.,この者を置いて、進むことです。,.,.,-125,Bob,idle_0,0,Greret,idle_0,-125,Bard,angry_0,125,0,deepForest,0,0,11,24
27,45,1,a0001,Bard,산개에 특화된 기사단이 있었을 터다...,There should have been a knight order specialized in dispersal...,分散戦術に長けた騎士団が他にいたはずだ…,.,.,-125,Bob,idle_0,0,Greret,idle_0,-125,Bard,angry_2,125,0,deepForest,0,0,11,-999
27,45,1,a0001,Bard,그럼에도 전술에 특화된 우리 기사단을 요청할 때 의심했어야 했어…,I should have been suspicious\nwhen they requested our knight order+o which specializes in tactics…,それなのに戦術特化の我々を呼んだ時点で疑うべきだった…,.,.,-125,Bob,idle_0,0,Greret,idle_0,-125,Bard,angry_2,125,0,deepForest,0,0,11,-999
27,45,1,a0001,Bard,네녀석의 목적은 스캐빈저 기사단의 파멸인거냐…!,Is your goal the destruction of the Scavenger Knights…!,お前の狙いは、スキャベンジャー騎士団の壊滅か…！,.,.,-125,Bob,idle_0,-50,Greret,idle_0,-125,Bard,angry_2,75,0,deepForest,0,0,11,16
27,46,1,a0100,Bob,…기사단장님!,…Commander!,…団長！,.,.,-125,Bob,idle_0,0,Greret,idle_0,-125,Bard,angry_2,125,0,deepForest,0,0,11,17
27,47,1,a0001,Bard,날 말리지 마라. 밥! 지금 즉시 후퇴를…,Don't stop me+o Bob! Retreat immediately…,止めるな、ボブ！今すぐ撤退を…,.,.,-125,Bob,idle_0,-50,Greret,idle_0,-125,Bard,angry_1,75,0,deepForest,0,0,11,-999
27,48,1,a0100,Bob,살아 돌아가기 위해서라도 이 작전을 성공시켜야 합니다!,We must succeed in this operation to survive!,生きて帰るためにも、この作戦を成功させなければなりません！,.,.,-125,Bob,idle_0,-40,Greret,idle_0,-125,Bard,angry_1,85,0,deepForest,0,0,11,-999
27,48,1,a0100,Bob,밖에 있는... 제 연인을 위해서라도!,Even for my lover… who's waiting outside!,外で待っている…恋人のためにも！,.,.,-125,Bob,idle_0,-40,Greret,idle_0,-125,Bard,angry_1,85,0,focus,0,0,-999,38
27,49,1,a0001,Bard,…!,…!,…！,.,.,-125,Bob,idle_0,-125,Greret,idle_0,-300,Bard,idle_0,125,0,deepForest,0,0,-999,37
27,50,1,a0001,Bard,…더 이상 말하지 말게.,…Don't say any more. Knight Rule #2…,…これ以上言うんじゃない。,.,.,-125,Bob,idle_0,-125,.,.,0,Bard,panic_1,125,0,deepForest,0,0,-999,-999
27,51,1,a0100,Bob,그동안 갈팡질팡하다가… 오늘 던전에 오고 알았습니다.,I was wavering all this time…\nbut I realized it today+o coming to this dungeon.,迷ってばかりでしたが…今日ダンジョンに来て悟りました。,.,.,-125,Bob,idle_0,-125,.,.,0,Bard,panic_1,125,0,focus,0,0,13,-999
27,52,1,a0100,Bob,저에게 그녀가 얼마나 소중한 지…!,How precious she is to me…!,彼女がどれほど大切な存在か…！,.,.,-125,Bob,idle_0,-125,.,.,0,Bard,panic_1,125,0,focus,0,0,13,21
27,53,1,a0001,Bard,그만하게. 기사단 규칙 2조…,Stop it.,やめろ。騎士団規則第2条…,.,.,-125,Bob,idle_0,-125,.,.,0,Bard,panic_0,125,0,focus,0,0,13,-999
27,54,1,a0100,Bob,그래서 결심했습니다.,So I decided.,だからこそ、決心しました。,.,.,-125,Bob,idle_0,-100,.,.,0,Bard,panic_0,125,0,focus,0,0,13,17
27,55,1,a0001,Bard,그만하라고 하지 않았나!!!,Didn't I tell you to stop!!!,やめろと言ったはずだ！！！,.,.,-125,Bob,idle_0,-100,.,.,0,Bard,angry_1,125,0,focus,0,0,13,24
27,56,1,a0100,Bob,이번 일이 끝나면… 그녀에게...!,After this is over… I'll tell her…!,今回の作戦が終わったら…彼女に…！,.,.,-125,Bob,idle_0,-50,.,.,0,Bard,angry_1,125,0,focus,0,0,13,-999
27,57,1,a0001,Bard,으아아아!!!,Aaaaaah!!!,うわあああっ！！！,.,.,-125,Bob,idle_0,-50,.,.,0,Bard,angry_2,125,0,focus,0,0,13,36
27,58,1,a0001,  ,(후다닥),(Dash),（ダダダッ）,.,.,-125,Bob,idle_0,-50,.,.,0,Bard,angry_2,300,0,focus,0,0,-999,32
27,59,1,a0100,Bob,…기사단장님?,…Commander?,…団長？,.,.,-125,Bob,idle_0,0,.,.,0,.,.,300,0,deepForest,0,0,-999,-999
27,60,1,a1000, , , , ,.,.,-125,.,.,-50,.,.,50,.,.,125,1,deepForest,0,0,-999,-999
27,61,1,a1000, ,(터벅터벅),(Thump+o thump),（トボトボ）,.,.,-125,.,.,-50,.,.,50,.,.,125,0,deepForest,0,0,11,17
27,62,1,a0001,Bard,…,…,……,.,.,-125,.,.,-50,.,.,50,Bard,eyeClose_1,125,0,deepForest,0,0,11,-999
27,63,1,a0100,Grace,...,…,……,.,.,-125,Grace,panic_1,-50,.,.,50,Bard,eyeClose_1,125,0,deepForest,0,0,11,-999
27,64,1,a1000,Ail Shell,…,…,……,Yongsa,panic_3,-125,Grace,panic_1,-50,Greret,idle_0,300,Bard,eyeClose_1,125,0,deepForest,0,0,11,-999
27,64,1,a1000,Ail Shell,…필요한 판단이었습니다. 기사단장님.,…It was a necessary decision. Commander.,…必要な判断でしたよ、団長。,Yongsa,eyeClose_0,-100,Grace,panic_1,-50,Greret,idle_0,50,Bard,eyeClose_1,125,0,deepForest,0,0,11,-999
27,65,1,a0002,Bard,젠장!,Damn it!,ちくしょう！,Yongsa,eyeClose_0,-125,Grace,panic_1,-75,Greret,idle_0,30,Bard,doubt_0,125,0,deepForest,0,0,11,37
27,66,1,a0001,Bard,왜 다들 죽으려고 환장을 하는 거야!,Why is everyone so eager to die!,なんでみんな死ぬ覚悟ばかりしてやがる！,Yongsa,eyeClose_0,-125,Grace,panic_1,-75,Greret,idle_0,30,Bard,angry_1,125,0,deepForest,0,0,11,-999
27,67,1,a0001,Bard,…하! 그래!,…Ha! Right!,…ああ、そうだ！,Yongsa,eyeClose_0,-125,Grace,panic_1,-50,Greret,idle_0,50,Bard,smile_0,125,0,deepForest,0,0,11,-999
27,68,1,a0001,Bard,우리 기사단의 병사들이 지금도 싸우고 있다.,Our knights are still fighting.,我ら騎士団の兵士たちは今も戦っている。,Yongsa,eyeClose_0,-125,Grace,panic_1,-50,Greret,idle_0,50,Bard,eyeClose_1,125,0,deepForest,0,0,11,-999
27,69,1,a0001,Bard,우리가 할 일은 그들을 위해 빨리 던전을 클리어하는 것.,What we need to do is clear the dungeon quickly for them.,我々がやるべきことは、\nあいつらのために一刻も早くダンジョンをクリアすること。,Yongsa,eyeClose_0,-125,Grace,panic_1,-50,Greret,idle_0,50,Bard,idle_0,125,0,deepForest,0,0,11,-999
27,70,1,a0001,Bard,비록 밥은 죽었지만… 우리는 나아가야 하는 것이다!,Although Bob is dead… we must move on!,たとえボブが死んだとしても…我々は進まなきゃならん！,Yongsa,eyeClose_0,-125,Grace,panic_1,-50,Greret,idle_0,50,Bard,angry_2,125,0,deepForest,0,0,11,38
27,71,1,a1000,Ail Shell,(이미 죽은 취급인거냐고…),(So Bob is already treated as dead…),（もう死んだ扱いかよ…）,Yongsa,panic_0,-125,Grace,panic_1,-50,Greret,idle_0,50,Bard,angry_2,125,0,deepForest,0,0,11,-999
27,72,1,a1000,Ail Shell,…응?,…Huh?,…ん？,Yongsa,idle_0,-125,Grace,panic_1,-50,Greret,idle_0,50,Bard,angry_2,125,0,deepForest,0,0,11,-999
27,73,1,a0100,Grace,…,…,……,Yongsa,idle_0,-125,Grace,panic_1,-50,Greret,idle_0,50,Bard,angry_2,125,0,deepForest,0,0,11,-999
27,74,1,a1000,Ail Shell,지역장 따님…,Regional lord's daughter…,領主のお嬢さん…,Yongsa,eyeClose_1,-50,Grace,panic_1,50,Greret,idle_0,150,Bard,angry_2,180,0,deepForest,0,0,11,-999
27,75,1,a1000,Ail Shell,...이 아니라. 그레이스 왜그래?,…No+o Grace+o what's wrong?,…じゃなくて、グレース、どうした？,Yongsa,panic_2,-50,Grace,panic_1,50,Greret,idle_0,150,Bard,angry_2,180,0,deepForest,0,0,11,-999
27,76,1,a1000,Ail Shell,(역시 귀족 아가씨에게 던전 탐색은 무리였나?),(Was dungeon exploration too much for a noble lady after all?),（やっぱり貴族のお嬢様にはダンジョン探索はきつかったか？）,Yongsa,panic_3,-50,Grace,panic_1,50,Greret,idle_0,150,Bard,angry_2,180,0,deepForest,0,0,11,-999
27,77,1,a0100,Grace,…지금까지 말이야.,…Until now.,…ここまでのことだけど、,Yongsa,panic_3,-50,Grace,eyeClose_0,50,Greret,idle_0,150,Bard,angry_2,180,0,deepForest,0,0,11,16
27,78,1,a0100,Grace,포탈 하나를 지날때 마다 한 명씩 두고 갔잖아.,Every time we passed through a portal+o we left one person behind.,ポータルをくぐるたびに、一人ずつ置いてきたでしょ。,Yongsa,panic_3,-50,Grace,say_0,50,Greret,idle_0,150,Bard,angry_2,180,0,deepForest,0,0,11,-999
27,79,1,a1000,Ail Shell,그렇지?,Right?,ああ、そうだな。,Yongsa,doubt_0,-50,Grace,say_0,50,Greret,idle_0,150,Bard,angry_2,180,0,deepForest,0,0,11,-999
27,80,1,a0100,Grace,기사단장님은 던전 주인을 해치우셔야 하고…,The commander has to defeat the dungeon boss…,団長はダンジョンの主を倒さなきゃならないし…,Yongsa,doubt_0,-50,Grace,eyeClose_0,50,Greret,idle_0,150,Bard,angry_2,180,0,deepForest,0,0,11,-999
27,81,1,a0100,Grace,마법사님은 길 안내를 해야하잖아…,And wizard has to guide us…,魔法使いは道案内をしなきゃならない…,Yongsa,doubt_0,-50,Grace,idle_0,50,Greret,idle_0,150,Bard,angry_2,180,0,deepForest,0,0,11,-999
27,82,1,a1000,Ail Shell,…그렇다는 건.,…So that means.,…ってことは。,Yongsa,idle_0,-50,Grace,idle_0,50,Greret,idle_0,150,Bard,angry_2,180,0,deepForest,0,0,11,-999
27,83,1,a0100,Grace,맞아. 이 다음에는…,That's right. Next time…,そう。この次は…,Yongsa,idle_0,-50,Grace,eyeClose_0,70,Greret,idle_0,150,Bard,angry_2,180,0,deepForest,0,0,11,-999
27,84,1,a1000,Ail Shell,(설마 이녀석… 이번엔 자신만 남게 된다는 걱정을...),(Could it be that she's worried about\nbeing the only one left this time...),（まさかこいつ…次は自分だけ残されることを心配して…）,Yongsa,panic_3,-50,Grace,eyeClose_0,70,Greret,idle_0,150,Bard,angry_2,180,0,deepForest,0,0,11,-999
27,85,1,a1000,Ail Shell,하… 걱정마. 그럴 일은 없...,Ha… Don't worry. That won't hap-,はあ…心配するな。そんなことにはならな…,Yongsa,smile_0,-30,Grace,eyeClose_0,70,Greret,idle_0,150,Bard,angry_2,180,0,deepForest,0,0,11,17
27,86,1,a0300,Grace,다음엔 애일이 남게 된다는 거 잖아!,Next time+o Ail will be the one left behind!,次はエイルが残る番ってことじゃない！,Yongsa,smile_0,-70,Grace,panic_2,0,Greret,idle_0,150,Bard,angry_2,180,0,deepForest,0,0,-999,16
27,87,1,a1000,Ail Shell,…,…,……,Yongsa,idle_0,-70,Grace,panic_2,0,Greret,idle_0,150,Bard,angry_2,180,0,deepForest,0,0,-999,-999
27,88,1,a1000,Ail Shell,?,?,？,Yongsa,panic_2,-70,Grace,panic_2,0,Greret,idle_0,150,Bard,angry_2,180,0,deepForest,0,0,9,18
27,89,1,a1000,Ail Shell,야. 내가 아니라 네가 남을 수도 있는 거잖아.,Hey. You could be the one left behind+o not me.,何を言ってる、俺じゃなくてお前が残ることだってあるだろ。,Yongsa,doubt_0,-50,Grace,panic_2,50,Greret,idle_0,150,Bard,angry_2,180,0,deepForest,0,0,9,-999
27,90,1,a0100,Grace,…?,…?,…？,Yongsa,doubt_0,-50,Grace,panic_0,50,Greret,idle_0,150,Bard,angry_2,180,0,deepForest,0,0,9,18
27,91,1,a0100,Grace,난 던전 주인이랑 싸울 건데?,I'm going to fight the dungeon boss?,私、ダンジョンの主と戦うんだよ？,Yongsa,doubt_0,-50,Grace,smile_1,50,Greret,idle_0,150,Bard,angry_2,180,0,deepForest,0,0,9,-999
27,92,1,a0300,Grace,용사는 그런 운명을 타고 나니까!,Because heroes are born with that destiny!,勇者はそういう運命を背負って生まれてくるんだから！,Yongsa,doubt_0,-50,Grace,smile_2,50,Greret,idle_0,150,Bard,angry_2,180,0,focus,0,0,9,14
27,93,1,a1000,Ail Shell,(…),(…),（……）,Yongsa,panic_0,-50,Grace,smile_2,50,Greret,idle_0,150,Bard,angry_2,180,0,focus,0,0,9,-999
27,94,1,a0001,Bard,마법사! 중심부까지 얼마나 남았지?,Wizard! How much further to the center?,魔法使い！中心部まであとどれくらいだ！？,Yongsa,panic_0,-150,Grace,smile_2,-125,Greret,idle_0,0,Bard,say_0,100,0,deepForest,0,0,11,-999
27,95,1,a0010,Greret,…아까는 그렇게 화를 내시더니…,…You were so angry a while ago…,…さっきはあんなに怒鳴っていたのに…,Yongsa,panic_0,-150,Grace,smile_2,-125,Greret,eyeClose_2,0,Bard,say_0,100,0,deepForest,0,0,11,-999
27,96,1,a0010,Greret,정말 배려라고는 찾아볼 수 없는 분이시군요.,You're really someone who can't be considerate.,気遣いというものは、一切感じられない方ですね。,Yongsa,panic_0,-150,Grace,smile_2,-125,Greret,doubt_0,0,Bard,say_0,100,0,deepForest,0,0,11,24
27,97,1,a0002,Bard,병사들이 기다린다! 빨리 대답해라!,The soldiers are waiting! Answer me quickly!,兵士たちが待っている！早く答えろ！,Yongsa,panic_0,-150,Grace,smile_2,-125,Greret,doubt_0,-10,Bard,angry_1,75,0,deepForest,0,0,11,36
27,98,1,a0010,Greret,뭐… 이번이 마지막일 겁니다.,Well… this will probably be the last one.,まあ…これが最後になるでしょう。,Yongsa,panic_0,-150,Grace,smile_2,-125,Greret,eyeClose_0,0,Bard,angry_1,100,0,deepForest,0,0,11,-999
27,99,1,a0010,Greret,코앞에서 아주 강력한 마력이 느껴지거든요.,I can feel a very strong magic power right in front of us.,すぐ近くから、とても強い魔力を感じますから。,Yongsa,panic_0,-150,Grace,smile_2,-125,Greret,say_0,0,Bard,angry_1,100,0,deepForest,0,0,11,-999
27,100,1,a0010,Greret,그리고…,And…,それから…,Yongsa,panic_0,-150,Grace,smile_2,-125,Greret,idle_0,0,Bard,angry_1,100,0,deepForest,0,0,11,-999
27,101,1,a0000, , , , ,.,.,-150,.,.,-125,.,.,0,.,.,100,0,deepForest,1,30,11,31
27,102,1,a0010,Greret,마침 넘어가는 포탈도 발견했고요.,I also found a portal to cross over.,ちょうど向こうへ渡るポータルも見つけましたよ。,Yongsa,panic_0,-150,Grace,smile_2,-125,Greret,say_0,0,Bard,angry_1,100,0,deepForest,2,30,11,-999
27,103,1,a0100,Grace,이렇게 대놓고 있다니.,It's so obvious.,それにしても、こんな場所に堂々と構えてるなんて。,Yongsa,panic_0,-150,Grace,smile_1,-75,Greret,say_0,0,Bard,angry_1,100,0,deepForest,2,30,11,-999
27,104,1,a0300,Grace,던전 주인도 힘이 다 빠졌나봐요!,The dungeon boss must be exhausted!,ダンジョンの主もすっかり力が抜けたみたいですね！,Yongsa,panic_0,-150,Grace,smile_0,-50,Greret,say_0,0,Bard,angry_1,100,0,deepForest,2,30,11,-999
27,105,1,a0010,Greret,슬슬 때가 온 것이겠죠. 자 앞으로 가죠.,It's almost time. Let's go forward.,そろそろ時が来たのでしょう。さあ、進みましょう。,Yongsa,panic_0,-150,Grace,smile_0,-50,Greret,idle_0,0,Bard,angry_1,100,0,deepForest,2,30,11,-999
27,106,1,a0010,Greret,저희 셋… 아니 넷이면 아마 무난하게 제압할…,The three of us…\nno+o the four of us should be able to subdue it without any problems…,私たち3人…いや4人なら、おそらく無難に制圧でき…,Yongsa,panic_0,-150,Grace,smile_0,-50,Greret,say_0,10,Bard,angry_1,100,0,deepForest,2,30,11,-999
27,107,1,a0001,Bard,아니…,No…,いや…,Yongsa,panic_0,-150,Grace,smile_0,-50,Greret,say_0,10,Bard,idle_0,100,0,deepForest,0,0,11,-999
27,108,1,a0001,Bard,너희 셋이다.,The three of you.,君たち3人だ。,Yongsa,panic_0,-150,Grace,smile_0,-50,Greret,say_0,10,Bard,doubt_0,100,0,deepForest,0,0,11,-999
27,109,1,a0001, ,(타다닷!),(Dash!),（タタタッ）,Yongsa,panic_0,0,Grace,smile_0,60,Greret,say_0,125,Bard,angry_2,-300,0,deepForest,0,0,11,17
27,110,1,a0000, , , , ,Yongsa,panic_0,-50,Grace,panic_2,25,Greret,say_0,125,.,.,-300,0,deepForest,1,31,11,-999
27,110,1,a0200,Grace,깜짝이야!,Yikes!,びっくりした！,Yongsa,panic_0,-50,Grace,panic_2,25,Greret,say_0,125,.,.,-300,0,deepForest,2,31,11,-999
27,111,1,a0010,Greret,지금 뭐하는 거죠? 이제 사람이 남을 필요는…,What are you doing?\nThere's no need for anyone to stay behind now…,今何をしているんです？もう残ってもらう人は必要な…,Yongsa,panic_0,-50,Grace,panic_2,25,Greret,doubt_0,125,.,.,-300,0,deepForest,2,31,11,-999
27,112,1,a1000,Ail Shell,…잠깐. 주변을 봐.,…Wait. Look around.,…待て、周りを見ろ。,Yongsa,doubt_0,-50,Grace,panic_2,25,Greret,doubt_0,125,.,.,-300,0,deepForest,2,31,11,-999
27,113,1,a0000, , , , ,.,.,-125,.,.,-50,.,.,50,.,.,-300,0,deepForest,1,32,11,-999
27,114,1,a0200,Grace,어… 어느 틈에?!,Oh… when did they?!,えっ…いつの間に！？,Yongsa,panic_0,-50,Grace,panic_1,25,Greret,doubt_0,125,Bard,angry_2,-300,0,deepForest,2,32,11,-999
27,115,1,a1000,Ail Shell,(이 정도면 포탈까지 가기 전에 다 죽을 거야...),(At this number of enemy+o we'll all die before we even reach the portal...),（このままじゃポータルに着く前に全員やられる…）,Yongsa,panic_3,-125,Grace,panic_1,25,Greret,doubt_0,125,Bard,angry_2,-300,0,deepForest,2,32,11,-999
27,116,1,a1000,Ail Shell,…아무래도 이번에는 제 차례인 것 같,…It seems like it's my turn this time,…どうやら、今回は俺の番みたいだな。,Yongsa,angry_1,-125,Grace,panic_1,25,Greret,doubt_0,125,Bard,angry_2,-300,0,deepForest,2,32,11,33
27,117,1,a0020,Greret,안돼!,No!,ダメ！,Yongsa,panic_0,-125,Grace,panic_1,50,Greret,angry_0,0,Bard,angry_2,-300,0,deepForest,2,32,11,-999
27,117,1,a0010,Greret,...지금 지체하면 2시간은 더 헤매야할 거예요.,…If we delay now+o we'll have to wander around\nfor another 2 hours.,…今ここで手間取ったら、あと2時間は迷うことになりますよ。,Yongsa,panic_0,-125,Grace,panic_1,50,Greret,idle_0,0,Bard,angry_2,-300,0,deepForest,2,32,11,-999
27,118,1,a0001,Bard,…,…,……,Yongsa,panic_0,-50,Grace,panic_1,125,Greret,idle_0,50,Bard,eyeClose_0,-125,0,deepForest,0,0,11,-999
27,119,1,a0001,Bard,도발을 쓰겠네.,I'll use taunt.,挑発を試すとしよう。,Yongsa,panic_0,-50,Grace,panic_1,125,Greret,idle_0,50,Bard,doubt_0,-125,0,deepForest,0,0,11,-999
27,120,1,a0001,Bard,모든 공격이 나에게 집중된 사이에 포탈로 뛰어들게.,While all the attacks are focused on me+o jump into the portal.,すべての攻撃が俺に集中している間に、\nポータルへ飛び込むんだ。,Yongsa,panic_0,-50,Grace,panic_1,125,Greret,idle_0,50,Bard,angry_2,-125,0,deepForest,0,0,11,-999
27,121,1,a0200,Grace,단장님!,Commander!,団長！,Yongsa,panic_0,0,Grace,panic_2,75,Greret,idle_0,150,Bard,angry_2,-150,0,deepForest,0,0,11,-999
27,122,1,a1000,Ail Shell,혼자 다 상대하기엔 너무 많아. 나도 남을게!,There are too many to handle alone. I'll stay behind too!,一人で相手するには多すぎる。俺も残るから！,Yongsa,doubt_0,-50,Grace,panic_2,300,Greret,idle_0,300,Bard,angry_2,-125,0,deepForest,0,0,11,-999
27,123,1,a0001,Bard,이 앞에 던전 주인이 있다.,The dungeon boss is ahead.,この先にダンジョンの主がいる。,Yongsa,doubt_0,-50,Grace,panic_2,300,Greret,idle_0,300,Bard,eyeClose_1,-125,0,deepForest,0,0,11,-999
27,124,1,a0001,Bard,네가 남아버리면 저 둘이 던전 주인을 상대해야하는 데...,If you stay behind+o\nthose two will have to face the dungeon boss...,お前が残ったら、\nあの二人でダンジョンの主を相手しなければならない…,Yongsa,doubt_0,-50,Grace,panic_2,300,Greret,idle_0,300,Bard,doubt_0,-125,0,deepForest,0,0,11,-999
27,125,1,a1000,Ail Shell,…,…,……,Yongsa,idle_0,0,Grace,panic_2,300,Greret,idle_0,300,Bard,doubt_0,-125,0,deepForest,0,0,11,-999
27,126,1,a1000,Ail Shell,(못미덥지…),(It's certainly hard to trust those two...),（それはさすがに信用できない…）,Yongsa,panic_2,0,Grace,panic_2,300,Greret,idle_0,300,Bard,doubt_0,-125,0,deepForest,0,0,11,16
27,127,1,a1000,Ail Shell,알겠어. 최대한 빨리 해치울게.,Okay. I'll take care of it as quickly as possible.,わかった。できるだけ早く片付ける。,Yongsa,angry_0,-30,Grace,panic_2,300,Greret,idle_0,300,Bard,doubt_0,-125,0,deepForest,0,0,11,-999
27,128,1,a1000,Ail Shell,꼭 살아 있으라고!,Make sure you stay alive!,必ず生きてろよ！,Yongsa,angry_2,-75,Grace,panic_2,300,Greret,idle_0,300,Bard,doubt_0,-125,0,deepForest,0,0,11,-999
27,129,1,a1000,Ail Shell,(후다닥),(Dash),（ダダッ）,Yongsa,angry_2,300,Grace,panic_2,300,Greret,idle_0,300,Bard,doubt_0,-125,0,deepForest,0,0,11,17
27,130,1,a0001,Bard,…하여간.,…Seriously.,…まったく。,.,.,300,Grace,panic_2,300,Greret,idle_0,300,Bard,eyeClose_1,0,0,deepForest,0,0,11,-999
27,131,1,a0001,Bard,우리 기사단 놈들은 사망 플래그를 너무 남발한다니까!,Our knights overuse death flags too much!,我が団員は全員死亡フラグを立てすぎてる！,.,.,-300,Grace,panic_2,300,Greret,idle_0,300,Bard,smile_0,-300,0,deepForest,0,0,11,38
27,134,1,a0001, , , , ,.,.,-300,.,.,300,.,.,300,.,.,0,0,deepForest,1,33,11,36
27,134,1,a0001,Bard,덤벼라! 이녀석들아!!!,Come on!,かかってこい、この野郎ども！！！,.,.,-300,.,.,300,.,.,300,.,.,0,0,deepForest,2,33,11,-999
27,135,1,a0000,Bard,이 아저씨가 밤새 놀아주마!!!,I'll play with you all night!!!,おじさんが夜通し遊んでやるぞ！！！,.,.,-300,.,.,300,.,.,300,.,.,0,0,deepForest,2,33,11,38
27,132,1,a0100,Grace,애일!,Ail!,エイル！,Yongsa,panic_1,-300,Grace,say_0,0,Greret,idle_0,75,Bard,smile_0,-300,0,deepForest,0,0,11,-999
27,133,1,a2000,Ail Shell,다들 포탈로 뛰어요!,Everyone+o jump into the portal!,みんな、ポータルへ飛び込め！,Yongsa,angry_0,-75,Grace,say_0,0,Greret,idle_0,75,Bard,smile_0,-300,0,deepForest,0,0,11,-999
27,136,1,a2220, , , , ,Yongsa,angry_0,300,Grace,say_0,300,Greret,idle_0,300,.,.,125,1,black,0,0,-999,11
27,137,1,a0000,???,으으…,Ugh…,うう…,.,.,-300,.,.,-50,.,.,50,.,.,125,0,black,0,0,-999,-999
27,138,1,a1000,???,여긴 어디지? 아무것도 보이지 않아…,Where am I? I can't see anything…,ここはどこだ…？ 何も見えない…,Yongsa,black_0,-125,.,.,-50,.,.,50,.,.,125,0,black,0,0,14,-999
27,139,1,a1000,???,정신계 마법이라도 당한 건가...? 기억은 멀쩡한가?,Did I get hit by mental magic?\nIs my memory okay?,精神系の魔法でも食らったか…？\n記憶は…問題ないか？,Yongsa,black_0,-125,.,.,-50,.,.,50,.,.,125,0,black,0,0,14,-999
27,140,1,a1000,???,…확인하자.,…Let's check.,…確かめよう。,Yongsa,black_0,-125,.,.,-50,.,.,50,.,.,125,0,black,0,0,14,-999
27,141,1,a1000,Ail Shell,애일 쉘…,Ail Shell…,エイル・シェル…,Yongsa,eyeClose_0,-125,.,.,-50,.,.,50,.,.,125,0,black,0,0,14,-999
27,142,1,a1000,Ail Shell,그것이 나의 이름이다.,That is my name.,それが、俺の名前だ。,Yongsa,idle_0,-125,.,.,-50,.,.,50,.,.,125,0,black,0,0,14,-999
27,143,1,a1000,Ail Shell,가족은 따로 없었고… ,I don't have any family…,家族はいない…,Yongsa,idle_0,-125,.,.,-50,.,.,50,.,.,125,0,black,0,0,14,-999
27,144,1,a1000,Ail Shell,그리고 분명 스캐빈저 기사단 소속의… 견습 기사다.,And I'm definitely apprentice knight…\nbelonging to the Scavenger Knights.,そして、確か俺はスキャベンジャー騎士団所属の…\n見習い騎士だ。,Yongsa,eyeClose_1,-125,.,.,-50,.,.,50,.,.,125,0,black,0,0,14,-999
27,145,1,a1000,Ail Shell,뭐 임시긴 하지만 말이야.,Well+o it's temporary+o though.,まあ、仮の身分だけど。,Yongsa,smile_0,-125,.,.,-50,.,.,50,.,.,125,0,black,0,0,14,-999
27,146,1,a1000,Ail Shell,좋아. 쓸 때 없는 것까지 생각나는 걸 보니 기억은 멀쩡한 모양이군.,Good. My memory seems to be fine\nsince I can even remember useless things.,よし。どうでもいいことまで思い出せるあたり、\n記憶は無事だな。,Yongsa,shine_0,-125,.,.,-50,.,.,50,.,.,125,0,black,0,0,14,31
27,147,1,a0000,???,이야아아압!!!,Iyaaaa!!!,やああああっ！！！,Yongsa,shine_0,-125,Grace,black_0,300,.,.,50,.,.,125,0,black,0,0,14,17
27,148,1,a1000,Ail Shell,...이게 무슨 소리야?!,…What is that sound?!,…なんだ、この声は！？,Yongsa,panic_2,-125,Grace,black_0,300,.,.,50,.,.,125,0,black,0,0,14,16
27,149,1,a0300,???,죽어라! 던전 주인!!,Die! Dungeon Boss!!,死ねっ！ダンジョンの主！！！,Yongsa,panic_2,-125,Grace,black_0,125,.,.,50,.,.,125,0,black,0,0,14,-999
27,150,1,a1000,Ail Shell,…,…,……,Yongsa,doubt_0,-125,Grace,black_0,0,.,.,50,.,.,125,0,black,0,0,14,-999
27,151,1,a1000,Ail Shell,읏,Ugh,よい,Yongsa,eyeClose_0,20,Grace,black_0,-60,.,.,50,.,.,125,0,black,0,0,14,17
27,152,1,a1000,Ail Shell,차,Cha…,しょ,Yongsa,eyeClose_1,0,Grace,black_0,-125,.,.,50,.,.,125,0,black,0,0,14,-999
27,153,1,a1000, ,(퍼-억!),(Thwack!),（ドカーン）,Yongsa,angry_1,-300,Grace,black_0,-250,.,.,50,.,.,125,0,black,0,0,14,10
27,154,1,a0100,???,크에엑!,Kuek!,ぐえっ！,Yongsa,angry_1,-300,Grace,faint_0,-250,.,.,50,.,.,125,0,black,0,0,14,-999
27,155,1,a1000,Ail Shell,하… 이 무슨 허접한 기습…,Ha… What a pathetic attack…,はあ…なんてしょぼい奇襲だ…,Yongsa,doubt_0,0,Grace,faint_0,-75,.,.,50,.,.,125,0,black,0,0,14,-999
27,156,1,a0100,Ail Shell,그레이스?!,Grace?!,グレース！？,Yongsa,panic_2,-25,Grace,faint_0,-75,.,.,50,.,.,125,0,black,0,0,14,-999
27,157,1,a0100,Grace,으헤헥…,Uhe….,うへぇ…,Yongsa,panic_2,-25,Grace,faint_0,-75,.,.,50,.,.,125,0,black,0,0,14,-999
27,158,1,a2000,Ail Shell,으아악! 어떻게 하지?! 지역장 딸을 때려버렸어!,Aaaaaah! What do I do?! I hit the regional lord's daughter!,うわっ！どうしよう！？領主の娘を殴っちまった！,Yongsa,panic_0,-50,Grace,faint_0,-125,.,.,50,.,.,125,0,black,0,0,14,37
27,159,1,a1000,Ail Shell,그럼 후원은?! 기사단 망하는 건가? 지금이라도 도망가야하나?,What about the sponsorship then?!\nIs the knight order going to collapse? Should I run away now?,これじゃ後援はどうなる！？騎士団が潰れるのか？\n今からでも逃げるべきか？,Yongsa,panic_1,-30,Grace,faint_0,-125,.,.,50,Smirk,black_0,150,0,black,0,0,14,-999
27,160,1,a0001,???,...소란스럽다 했더니 드디어 여기까지 오셨군요.,…It's noisy. So you've finally made it here.,…騒がしいと思ったら、ついにここまで来たのですね。,Yongsa,panic_1,-50,Grace,faint_0,-125,.,.,50,Smirk,black_0,125,0,black,0,0,14,17
27,161,1,a1000,Ail Shell,…?!,…?!,…！？,Yongsa,panic_0,-50,Grace,faint_0,-125,.,.,50,Smirk,black_0,125,0,black,0,0,14,-999
27,162,1,a1000,Ail Shell,넌… 누구냐.,Who… are you.,お前は…誰だ。,Yongsa,doubt_0,-30,Grace,faint_0,-125,.,.,50,Smirk,black_0,125,0,black,0,0,14,33
27,163,1,a0001,???,저는… 어머! 생각보다 작은 친구가 왔네?,I am… Oh! A smaller friend than I expected came?,私は…あら！思ったより小さい子が来たのね？,Yongsa,doubt_0,-30,Grace,faint_0,-125,.,.,50,Smirk,black_0,100,0,black,0,0,14,-999
27,164,1,a1000,Ail Shell,…,…,……,Yongsa,panic_3,-50,Grace,faint_0,-125,.,.,50,Smirk,black_0,100,0,black,0,0,14,-999
27,165,1,a0001,???,아… 내 정신 좀 봐. 소개할게요.,Ah… Excuse my mind. Let me introduce myself.,ああ…失礼、自己紹介します。,Yongsa,panic_3,-50,Grace,faint_0,-125,.,.,50,Smirk,black_0,125,0,black,0,0,14,-999
27,166,1,a0001,???,제가 바로 이 던전을 불러 온 원흉...,I am the culprit who summoned this dungeon...,私こそがこのダンジョンを呼び寄せた元凶…,Yongsa,panic_3,-50,Grace,faint_0,-125,.,.,50,Smirk,black_0,100,0,black,0,0,14,-999
27,167,1,a0001,Smirk,스머크입니다.,Smirk.,スマークです。,Yongsa,panic_3,-50,Grace,faint_0,-125,.,.,50,Smirk,idle_0,100,0,destinyPoint,0,0,14,11
27,168,1,a0001,Smirk,잘부탁해요. 꼬마 친구.,Nice to meet you. Little friend.,よろしくね、坊や。,Yongsa,panic_3,-50,Grace,faint_0,-125,.,.,50,Smirk,smile_0,50,0,destinyPoint,0,0,14,17
28,0,1,a1000,Ail Shell,…,…,……,Yongsa,eyeClose_0,-125,.,.,-50,.,.,50,Witch,eyeClose_0,125,1,home,0,0,-999,-999
28,1,1,a0001,Grin,…,…,……,Yongsa,eyeClose_0,-125,.,.,-50,.,.,50,Witch,eyeClose_0,125,0,home,0,0,-999,-999
28,2,1,a0001,Grin,에... 여기서 끊겨요?,Huh... It cuts off here?,え…ここで終わり？,Yongsa,eyeClose_0,-125,.,.,-50,.,.,50,Witch,panic_0,125,0,home,0,0,1,-999
28,3,1,a0003,Grin,뭐야! 좀만 더 보여주세요!,Show me a little more!,もうつまんない！もうちょっと見せてくださいよ！,Yongsa,eyeClose_0,-125,.,.,-50,.,.,50,Witch,sad_0,125,0,home,0,0,1,-999
28,4,1,a1000,Ail Shell,…,…,……,Yongsa,idle_0,-125,.,.,-50,.,.,50,Witch,sad_0,125,0,home,0,0,1,-999
28,5,1,a1000,Ail Shell,그 작은 조각 가지고 너무 많이 바라는 거 아니야?,Aren't you asking for too much with that small Fragment?,その小さな欠片だけで、望みすぎじゃないか？,Yongsa,smile_0,-125,.,.,-50,.,.,50,Witch,sad_0,125,0,home,0,0,1,31
28,6,1,a0001,Grin,그아악! 애일 씨 진짜!!,Graaah! Ail+o seriously!!,うああっ！エイルさん、もう！！,Yongsa,smile_0,-125,.,.,-50,.,.,50,Witch,angry_1,125,0,home,0,0,1,24
28,7,1,a0001,Grin,여기서 끊길 수는…,It can't end here…,ここで終わるなんて…,Yongsa,smile_0,-125,.,.,-50,.,.,50,Witch,angry_0,125,0,home,0,0,1,-999
28,8,1,a0002,Grin,그래! 애일 씨는 뭐 기억나는 거 없어요?,Right! Ail+o can you remember anything?,じゃあ！エイルさんは何か思い出せることないですか？,Yongsa,smile_0,-125,.,.,-50,.,.,50,Witch,panic_0,125,0,home,0,0,1,-999
28,9,1,a0001,Grin,이 이후의 일이라던가~,Anything after this~,この後のこととか。,Yongsa,smile_0,-125,.,.,-50,.,.,50,Witch,smile_2,125,0,home,0,0,1,-999
28,10,1,a1000,Ail Shell,흠…,Hmm…,ふむ…,Yongsa,eyeClose_0,-125,.,.,-50,.,.,50,Witch,smile_2,125,0,home,0,0,1,-999
28,11,1,a1000,Ail Shell,아 하나있다.,I have one.,ああ、一つあった。,Yongsa,say_0,-125,.,.,-50,.,.,50,Witch,smile_2,125,0,home,0,0,1,21
28,12,1,a0001,Grin,뭐… 뭔데요!,Wh-What is it!,な、なんですか！？,Yongsa,say_0,-125,.,.,-50,.,.,50,Witch,shine_0,125,0,home,0,0,1,-999
28,13,1,a1000,Ail Shell,그러니까… 분명…,Well… definitely…,つまり…確か…,Yongsa,eyeClose_1,-125,.,.,-50,.,.,50,Witch,shine_0,125,0,home,0,0,1,-999
28,14,1,a1000,Ail Shell,밥은 죽었어.,Bob was dead.,ボブは死んだ。,Yongsa,smile_0,-300,.,.,-50,.,.,50,Witch,shine_0,125,0,home,0,0,1,31
28,15,1,a0001,Grin,…,…,……,Yongsa,smile_0,-300,.,.,-50,.,.,50,Witch,idle_0,125,0,home,0,0,1,-999
28,16,1,a0001,Grin,오.,Oh.,お。,Yongsa,smile_0,-300,.,.,-50,.,.,50,Witch,panic_0,125,0,home,0,0,-999,-999
29,0,1,a1000,Ail Shell,그럼 이것까지 해볼까?,Then shall we try this one too?,じゃあ、これもやってみるか？,Yongsa,smile_0,-125,.,.,-50,.,.,50,Witch,idle_0,125,1,home,0,0,-999,-999
29,1,1,a0001,Grin,잠시만요… 심호흡 좀 하고요.,Just a moment… Let me take a deep breath.,ちょっと待ってください…まずは深呼吸を…,Yongsa,smile_0,-125,.,.,-50,.,.,50,Witch,panic_0,125,0,home,0,0,1,-999
29,2,1,a1000,Ail Shell,내 기억인데 네가 왜 심호흡을 해?,It's my memory+o why are you taking a deep breath?,俺の記憶なのになんでお前が深呼吸してるんだ？,Yongsa,doubt_0,-125,.,.,-50,.,.,50,Witch,panic_0,125,0,home,0,0,1,-999
29,3,1,a0001,Grin,아마 다음 기억이…,Maybe the next memory is…,たぶん次の記憶は…,Yongsa,doubt_0,-125,.,.,-50,.,.,50,Witch,lie_0,125,0,home,0,0,1,-999
29,4,1,a0001,Grin,…,…,……,Yongsa,doubt_0,-125,.,.,-50,.,.,50,Witch,eyeClose_0,125,0,home,0,0,1,-999
29,5,1,a1000,Ail Shell,?,?,？,Yongsa,idle_0,-125,.,.,-50,.,.,50,Witch,eyeClose_0,125,0,home,0,0,1,-999
29,6,1,a0001,Grin,...아니에요. 이럴수록 힘들어질 것 같네요.,…No+o it seems like it will be harder if I do that.,…なんでもないです。\nこんなことしてたら余計つらくなりそうです。,Yongsa,idle_0,-125,.,.,-50,.,.,50,Witch,idle_0,125,0,home,0,0,1,-999
29,7,1,a0001,Grin,그냥 바로 해보죠.,Let's just do it right away.,早速やってみましょう。,Yongsa,idle_0,-125,.,.,-50,.,.,50,Witch,say_0,125,0,home,0,0,1,-999
29,8,1,a1000,Ail Shell,그래…,Okay…,ああ…,Yongsa,panic_2,-125,.,.,-50,.,.,50,Witch,say_0,125,0,home,0,0,1,-999
29,9,1,a1000,Ail Shell,잘 부탁한다?,Please take care of me?,頼んだぞ。,Yongsa,panic_3,-125,.,.,-50,.,.,50,Witch,say_0,125,0,home,0,0,-999,-999
30,0,1,a0000, , , , ,.,.,-125,Yongsa,doubt_0,-75,.,.,50,Smirk,idle_0,75,1,destinyPoint,0,0,-999,11
30,0,1,a0100,Ail Shell,네가 이 던전을 만든 범인?!,You're the culprit who created this dungeon?!,貴様がこのダンジョンを作った者か！？,.,.,-125,Yongsa,doubt_0,-75,.,.,50,Smirk,idle_0,75,0,destinyPoint,0,0,14,19
30,1,1,a0001,Smirk,일단 그렇다고 하죠.,Let's just say that for now.,まあ、そういうことにしておきましょう。,.,.,-125,Yongsa,doubt_0,-75,.,.,50,Smirk,idle_0,75,0,destinyPoint,0,0,14,-999
30,2,1,a0100,Ail Shell,…그럼,…Then,…それから,.,.,-125,Yongsa,idle_0,-75,witchYoung,black_0,150,Smirk,idle_0,75,0,destinyPoint,0,0,14,-999
30,3,1,a0100,Ail Shell,네 뒤에는 누구지?,Who's behind you?,後ろにいるやつは？,.,.,-125,Yongsa,doubt_0,-75,witchYoung,black_0,150,Smirk,idle_0,75,0,destinyPoint,0,0,14,-999
30,4,1,a0010,???,…,…,……,.,.,-125,Yongsa,doubt_0,-125,witchYoung,idle_0,125,Smirk,idle_0,50,0,destinyPoint,0,0,14,-999
30,5,1,a0001,Smirk,…가만히 있으라니까.,…,…,.,.,-125,Yongsa,doubt_0,-125,witchYoung,idle_0,125,Smirk,doubt_0,50,0,destinyPoint,0,0,14,-999
30,6,1,a0001,Smirk,꼬마친구. 잠시 시간을 주겠어?,Little friend. Can you give me a moment?,ねえ坊や、少し時間をくれるかしら？,.,.,-125,Yongsa,doubt_0,-125,witchYoung,idle_0,125,Smirk,smile_0,50,0,destinyPoint,0,0,14,-999
30,7,1,a0001,Smirk,우리끼리 할 이야기가 생긴 것 같아서.,It seems like we have something to talk about.,二人だけで話したいことがあるみたいでね。,.,.,-125,Yongsa,doubt_0,-125,witchYoung,idle_0,125,Smirk,idle_0,50,0,destinyPoint,0,0,14,-999
30,8,1,a0100,Ail Shell,미안하지만 이쪽도 시간이 많지는 않아서.,Sorry+o but I don't have much time either.,悪いが、こっちもあまり時間がないんだ。,.,.,-125,Yongsa,angry_1,-125,witchYoung,idle_0,125,Smirk,idle_0,50,0,destinyPoint,0,0,14,-999
30,9,1,a0100,Ail Shell,(스윽),(Swoosh),（スッ）,.,.,-125,Yongsa,angry_0,-100,witchYoung,idle_0,125,Smirk,idle_0,50,0,destinyPoint,0,0,14,33
30,10,1,a0010,???,아… 안돼!,Ah… no!,ダ…ダメ！,.,.,-125,Yongsa,angry_0,-100,witchYoung,panic_0,0,Smirk,idle_0,75,0,destinyPoint,0,0,14,49
30,11,1,a0100,Ail Shell,…비켜 꼬마야.,…Move+o kid.,…どけ、ガキ。,.,.,-125,Yongsa,angry_1,-100,witchYoung,panic_0,0,Smirk,idle_0,75,0,destinyPoint,0,0,14,24
30,12,1,a0001,Smirk,…,…,……,.,.,-125,Yongsa,angry_1,-100,witchYoung,panic_0,0,Smirk,eyeClose_0,75,0,destinyPoint,0,0,14,-999
30,13,1,a0001,Smirk,거기 꼬마 친구. 나를 끝내.,Hey+o little friend. End me.,ねえ、坊や。私を仕留めて。,.,.,-125,Yongsa,angry_1,-100,witchYoung,panic_0,100,Smirk,eyeClose_1,0,0,destinyPoint,0,0,14,-999
30,14,1,a0010,???,...!,…!,…！,.,.,-125,Yongsa,angry_1,-100,witchYoung,panic_3,100,Smirk,eyeClose_1,0,0,destinyPoint,0,0,14,-999
30,15,1,a0100,Ail Shell,뭐? 무슨 생각이지?,What? What are you thinking?,なんだ？どういうつもりだ？,.,.,-125,Yongsa,doubt_0,-100,witchYoung,panic_3,100,Smirk,eyeClose_1,0,0,destinyPoint,0,0,14,16
30,16,1,a0001,Smirk,난 딸을 잃고 미쳐서 이 던전을 소환했어.,I lost my daughter\nand went crazy+o summoning this dungeon.,私は娘を失い、正気を失ってこのダンジョンを呼び出した。,.,.,-125,Yongsa,doubt_0,-125,witchYoung,panic_3,125,Smirk,idle_0,50,0,destinyPoint,0,0,14,-999
30,17,1,a0001,Smirk,그리고 던전의 힘으로 딸을 부활시키는 데 성공했지.,And I succeeded in reviving my daughter\nwith the power of the dungeon.,そしてダンジョンの力で娘を蘇らせることに成功した。,.,.,-125,Yongsa,doubt_0,-125,witchYoung,panic_3,125,Smirk,eyeClose_1,50,0,destinyPoint,0,0,14,-999
30,18,1,a0001,Smirk,하지만 깨달았어. 다 의미없는 것이라는 걸.,But I realized. It's all meaningless.,でもわかってしまった。すべて無意味なことだったと。,.,.,-125,Yongsa,doubt_0,-125,witchYoung,panic_3,125,Smirk,eyeClose_0,50,0,destinyPoint,0,0,14,-999
30,19,1,a0001,Smirk,과거는 과거로 두는 게 맞다는 걸.,It's right to leave the past in the past.,過去は過去のままにしておくべきだということを。,.,.,-125,Yongsa,doubt_0,-125,witchYoung,panic_3,125,Smirk,idle_0,50,0,destinyPoint,0,0,14,12
30,20,1,a0001,Smirk,…아마 깨달았을 거라고 믿어.,…I believe I've probably realized that too.,…きっと気づいたはずだと信じている。,.,.,-125,Yongsa,doubt_0,-125,witchYoung,panic_3,125,Smirk,eyeClose_0,50,0,destinyPoint,0,0,14,-999
30,21,1,a0100,Ail Shell,…잘 알겠어.,…Okay+o I understand.,…わかった。,.,.,-125,Yongsa,eyeClose_0,-125,witchYoung,panic_3,125,Smirk,eyeClose_0,50,0,destinyPoint,0,0,14,-999
30,22,1,a0100,Ail Shell,그래서 그게 나랑 무슨 상관인건데?,So what does that have to do with me?,で、それが俺と何の関係があるってんだ？,.,.,-125,Yongsa,doubt_0,-125,witchYoung,panic_3,125,Smirk,eyeClose_0,50,0,destinyPoint,0,0,14,24
30,23,1,a0001,Smirk,날 죽이면 던전은 사라질 거야. 느낌이 그래.,If you kill me+o the dungeon will disappear.\nI can feel it.,私を殺せばダンジョンは消える…そんな気がする。,.,.,-125,Yongsa,doubt_0,-125,witchYoung,panic_3,125,Smirk,idle_0,50,0,destinyPoint,0,0,14,-999
30,24,1,a0001,Smirk,대신… 내가 목숨걸고 살려낸 딸이야. 딸의 안전만큼은 보장해줘.,Instead… she's my daughter who I risked my life to save.\nGuarantee my daughter's safety.,その代わり…命懸けで助けた娘よ。\n娘の安全だけは保証してちょうだい。,.,.,-125,Yongsa,doubt_0,-125,witchYoung,panic_3,125,Smirk,doubt_0,50,0,destinyPoint,0,0,14,-999
30,25,1,a0001,Smirk,어때? 깔끔하지?,How about it? Clear+o right?,どう？話は簡単でしょう？,.,.,-125,Yongsa,doubt_0,-125,witchYoung,panic_3,125,Smirk,smile_0,50,0,destinyPoint,0,0,14,11
30,26,1,a0100,Ail Shell,나보고 지금 그 말을 믿으라는...,You're telling me to believe that now...,俺にその話を信じろと…,.,.,-125,Yongsa,angry_1,-125,witchYoung,panic_3,125,Smirk,smile_0,50,0,destinyPoint,0,0,14,-999
30,27,1,a0010,???,아니야…,No…,違う…,.,.,-125,Yongsa,angry_1,-125,witchYoung,idle_0,100,Smirk,smile_0,50,0,destinyPoint,0,0,14,46
30,28,1,a0001,Smirk,…엄마 뒤에 가 있으렴.,…Go behind me.,…お母さんの後ろにいなさい。,.,.,-125,Yongsa,angry_1,-125,witchYoung,idle_0,100,Smirk,idle_0,50,0,destinyPoint,0,0,14,-999
30,29,1,a0010,???,제가… 했어요…,I… did it…,私が…やったの…,.,.,-125,Yongsa,angry_1,-125,witchYoung,panic_2,-25,Smirk,idle_0,50,0,destinyPoint,0,0,14,-999
30,30,1,a0002,Smirk,조용히 해!,Be quiet!,黙ってなさい！,.,.,-125,Yongsa,angry_1,-125,witchYoung,panic_2,-25,Smirk,angry_0,35,0,destinyPoint,0,0,14,36
30,31,1,a0010,???,내가 엄마를 살렸어...,I saved Mom...,私がお母さんを助けたの…,.,.,-125,Yongsa,angry_1,-125,witchYoung,panic_1,0,Smirk,angry_0,50,0,destinyPoint,0,0,14,47
30,32,1,a0010,???,엄마는 잘못 없어…,Mom is not at fault…,お母さんは悪くない…,.,.,-125,Yongsa,angry_1,-125,witchYoung,panic_2,-25,Smirk,angry_0,50,0,destinyPoint,0,0,14,45
30,33,1,a0100,Ail Shell,이… 이게 무슨 소리야?!,Wh-What are you talking about?!,な…何の話だ！？,.,.,-125,Yongsa,doubt_0,-125,witchYoung,panic_2,-25,Smirk,angry_0,50,0,destinyPoint,0,0,14,-999
30,34,1,a0001,Smirk,…어린 아이의 헛소리야.,…It's just a child's nonsense.,…子どもの戯言よ。,.,.,-125,Yongsa,doubt_0,-125,witchYoung,panic_2,50,Smirk,doubt_0,0,0,destinyPoint,0,0,14,-999
30,35,1,a0100,Ail Shell,(젠장… 뭐가 어떻게 돌아가는 거야. 이거?),(Damn it… What's going on?),（ちくしょう…一体何がどうなってる！？）,.,.,-125,Yongsa,panic_1,-125,witchYoung,panic_2,50,Smirk,doubt_0,0,0,destinyPoint,0,0,14,-999
30,36,1,a1000,Greret,헛소리를 하는 건 딸이 아니라 그쪽이겠지.,The one talking nonsense isn't the daughter.,戯言を言ってるのは娘じゃなくて、あんたのほうでしょう。,Greret,black,-300,Yongsa,panic_1,-125,witchYoung,panic_2,50,Smirk,doubt_0,0,0,destinyPoint,0,0,-999,-999
30,37,1,a0100,Ail Shell,(이 목소리는…!),(That voice…!),（この声は…！）,Greret,black,-300,Yongsa,idle_0,-125,witchYoung,panic_2,50,Smirk,doubt_0,0,0,destinyPoint,0,0,-999,-999
30,38,1,a1000,Greret,(스윽),(Swoosh),（スッ）,Greret,idle_0,-125,Yongsa,idle_0,-50,witchYoung,panic_2,125,Smirk,doubt_0,50,0,destinyPoint,0,0,-999,17
30,39,1,a0100,Ail Shell,마법사…!,Royal Wizard…!,魔法使い…！,Greret,idle_0,-125,Yongsa,doubt_0,-50,witchYoung,panic_2,125,Smirk,doubt_0,50,0,destinyPoint,0,0,-999,-999
30,40,1,a0001,Smirk,마법사라고?!,Royal Wizard?!,魔法使いだと！？,Greret,idle_0,-125,Yongsa,doubt_0,-50,witchYoung,panic_2,125,Smirk,panic_0,60,0,destinyPoint,0,0,-999,-999
30,41,1,a1000,Greret,세치 혀를 아무리 굴려도 나를 속일 수는 없어.,No matter how much you twist your tongue+o\nyou can't deceive me.,舌先三寸でいくら言い繕っても、私を騙すことはできない。,Greret,eyeClose_0,-125,Yongsa,doubt_0,-50,witchYoung,panic_2,125,Smirk,panic_0,60,0,destinyPoint,0,0,-999,-999
30,42,1,a1000,Greret,마력의 흐름이 저 여자가 말한 것의 정확히 반대야.,The flow of magic power is\nexactly the opposite of what that woman said.,魔力の流れは、あんたの言ったことと正反対よ。,Greret,smile_0,-125,Yongsa,doubt_0,-50,witchYoung,panic_2,125,Smirk,panic_0,60,0,destinyPoint,0,0,-999,-999
30,43,1,a0100,Ail Shell,반대라고?,Opposite?,反対だと？,Greret,smile_0,-125,Yongsa,panic_3,-50,witchYoung,panic_2,125,Smirk,panic_0,60,0,destinyPoint,0,0,-999,-999
30,44,1,a1000,Greret,마법을 써서 마력을 공급하는 건 어린 아이 쪽. 그리고 아마 부활한 건…,The child is using magic\nAnd what was revived is probably…,魔法で魔力を供給していたのは子どもの方。\nそして、おそらく蘇ったのは…,Greret,eyeClose_1,-125,Yongsa,panic_3,-50,witchYoung,panic_2,125,Smirk,panic_0,60,0,destinyPoint,0,0,-999,-999
30,45,1,a1000,Greret,저기 서있는 어머니… 였던 것이라는 거지.,The mother standing over there… or what used to be.,そこに立っている母親…だったということ。,Greret,eyeClose_0,-125,Yongsa,panic_3,-50,witchYoung,panic_2,125,Smirk,panic_0,60,0,destinyPoint,0,0,16,-999
30,46,1,a0100,Ail Shell,…그게 가능해?,…Is that possible?,…そんなことができるのか？,Greret,eyeClose_0,-125,Yongsa,panic_1,-50,witchYoung,panic_2,125,Smirk,panic_0,60,0,destinyPoint,0,0,16,-999
30,47,1,a1000,Greret,압도적인 재능이라는 거야.,It's overwhelming talent.,それだけの圧倒的な才能ということ。,Greret,say_0,-125,Yongsa,panic_1,-50,witchYoung,panic_2,125,Smirk,panic_0,60,0,destinyPoint,0,0,16,-999
30,48,1,a1000,Greret,자신의 어머니가 죽자 시체를 제물로 던전을 만들고,When her mother died+o she made a dungeon\nby sacrificing the corpse.,母親が死ぬと、その亡骸を贄にしてダンジョンを作り、,Greret,eyeClose_0,-125,Yongsa,panic_1,-50,witchYoung,panic_2,125,Smirk,panic_0,60,0,destinyPoint,0,0,16,-999
30,49,1,a1000,Greret,어머니의 운명을 그 시체에 정착시켜 버린 거지.,And she settled her mother's destiny on that corpse.,母の運命をその亡骸に定着させてしまった。,Greret,eyeClose_1,-125,Yongsa,panic_1,-50,witchYoung,panic_2,125,Smirk,panic_0,60,0,destinyPoint,0,0,16,-999
30,49,1,a1000,Greret,그리고 소중한 엄마를 지키기 위해 던전으로 적을 배제했다.,And she excluded enemies from the dungeon\nto protect her precious mother.,そして大切な母を守るために、\nダンジョンで敵を排除してきた。,Greret,eyeClose_1,-125,Yongsa,panic_1,-50,witchYoung,panic_2,125,Smirk,panic_0,60,0,destinyPoint,0,0,16,-999
30,50,1,a0010,???,…,…,……,Greret,eyeClose_1,-125,Yongsa,panic_1,-50,witchYoung,panic_3,125,Smirk,panic_0,60,0,destinyPoint,0,0,16,50
30,51,1,a1000,Greret,본인은 자각도 못한 듯 하지만 말이야.,It seems like she's not even aware of it herself.,本人は自覚していないようだけど。,Greret,smile_0,-125,Yongsa,panic_1,-50,witchYoung,panic_3,125,Smirk,panic_0,60,0,destinyPoint,0,0,16,-999
30,51,1,a0100,Ail Shell,그럼 던전이 없어지면 저 분은…,Then if the dungeon disappears+o that person will…,じゃあ、ダンジョンがなくなったらあの人は…,Greret,smile_0,-125,Yongsa,doubt_0,-50,witchYoung,panic_3,125,Smirk,panic_0,60,0,destinyPoint,0,0,16,-999
30,51,1,a1000,Greret,부서지고 말겠지. 운명을 붙잡던 마법이 사라졌으니까.,She'll be destroyed.\nBecause the magic that was holding onto destiny has disappeared.,砕け散るでしょう。\n運命をつなぎとめていた魔法が消えるのだから。,Greret,eyeClose_0,-125,Yongsa,doubt_0,-50,witchYoung,panic_3,125,Smirk,panic_0,60,0,destinyPoint,0,0,16,-999
30,51,1,a1000,Greret,운명 공동체라고 해야하는 게 맞을까나…,Should I call it a community of destiny…,運命共同体とでも言うべきか…,Greret,smile_0,-125,Yongsa,doubt_0,-50,witchYoung,panic_3,125,Smirk,panic_0,60,0,destinyPoint,0,0,16,-999
30,52,1,a0001,Smirk,…마,…Wi,…ま…,Greret,smile_0,-125,Yongsa,doubt_0,-50,witchYoung,panic_3,125,Smirk,panic_0,60,0,destinyPoint,0,0,16,-999
30,53,1,a0002,Smirk,마법사님! 부탁이에요!,Sir+o Royal Wizard! Please!,魔法使いさん！お願いです！,Greret,smile_0,-125,Yongsa,doubt_0,-50,witchYoung,panic_3,125,Smirk,panic_1,50,0,destinyPoint,0,0,16,37
30,54,1,a0001,Smirk,이 아이는 아무것도 몰라요! 이 아이에게 죄를 묻지 말아주세요!,This child doesn't know anything!\nPlease don't blame this child!,この子は何も知らないんです！\nどうかこの子に罪を問わないでください！,Greret,smile_0,-125,Yongsa,doubt_0,-50,witchYoung,panic_3,125,Smirk,panic_2,50,0,destinyPoint,0,0,16,-999
30,55,1,a0010,???,어…엄마…,M-Mom…,お…母さん…,Greret,smile_0,-125,Yongsa,doubt_0,-50,witchYoung,panic_2,100,Smirk,panic_2,50,0,destinyPoint,0,0,16,-999
30,56,1,a0002,Smirk,가만히 있어! 엄마가 어떻게든 해볼 테니까!,Stay still! Mom will figure something out!,黙ってなさい！お母さんがどうにかしてみせるから！,Greret,smile_0,-125,Yongsa,doubt_0,-50,witchYoung,panic_2,125,Smirk,panic_4,75,0,destinyPoint,0,0,16,38
30,57,1,a0100,Ail Shell,…,…,……,Greret,smile_0,-125,Yongsa,eyeClose_0,-50,witchYoung,panic_2,125,Smirk,panic_4,75,0,destinyPoint,0,0,16,-999
30,58,1,a0100,Ail Shell,마법사. 아무래도 이건…,Wizard+o It seems like this is…,魔法使い…どうもこれは…,Greret,smile_0,-125,Yongsa,say_0,-75,witchYoung,panic_2,125,Smirk,panic_4,75,0,destinyPoint,0,0,16,-999
30,59,1,a1000,Greret,그건 곤란해요.,That's going to be difficult.,それは困りますね。,Greret,smile_0,-100,Yongsa,say_0,-50,witchYoung,panic_2,125,Smirk,panic_4,75,0,destinyPoint,0,0,16,-999
30,60,1,a0001,Smirk,!!!,!!!,！！！,Greret,smile_0,-125,Yongsa,say_0,-50,witchYoung,panic_2,125,Smirk,panic_3,50,0,destinyPoint,0,0,16,-999
30,61,1,a1000,Greret,전 왕실 마법사입니다. 이 일을 모두 보고할 의무가 있죠.,I'm a royal wizard. I have a duty to report all of this.,私は王室魔法使いです。\nこの一件をすべて報告する義務があります。,Greret,eyeClose_1,-125,Yongsa,say_0,-50,witchYoung,panic_2,125,Smirk,panic_3,50,0,destinyPoint,0,0,16,-999
30,62,1,a1000,Greret,무엇보다 이 자는 스캐빈저 기사단 소속입니다.,Above all+o this boy belongs to the Scavenger Knights.,何より、この者はスキャベンジャー騎士団の一員。,Greret,idle_0,-125,Yongsa,say_0,-50,witchYoung,panic_2,125,Smirk,panic_3,50,0,destinyPoint,0,0,16,-999
30,63,1,a1000,Greret,거짓을 제거하는 기사단에게… 그 원흉을 방치하라고 한다.,To tell the knights who eliminate lies… to leave the culprit alone.,虚偽を排する騎士団に…その元凶を放置しろと？,Greret,say_0,-125,Yongsa,say_0,-50,witchYoung,panic_2,125,Smirk,panic_3,50,0,destinyPoint,0,0,16,-999
30,64,1,a1000,Greret,저라면 차라리 고양이에게 생선을 맡깁니다.,I'd rather leave a fish to a cat.,私に言わせたら、\n猫に魚を預けるようなものだと言うでしょう。,Greret,smile_0,-125,Yongsa,say_0,-50,witchYoung,panic_2,125,Smirk,panic_3,50,0,destinyPoint,0,0,16,-999
30,65,1,a0100,Ail Shell,…,…,……,Greret,smile_0,-125,Yongsa,lie_0,-50,witchYoung,panic_2,125,Smirk,panic_3,50,0,destinyPoint,0,0,16,-999
30,66,1,a0001,Smirk,그… 그런…,Th-That…,そ、そんな…,Greret,smile_0,-125,Yongsa,lie_0,-50,witchYoung,panic_2,125,Smirk,panic_2,50,0,destinyPoint,0,0,16,-999
30,67,1,a1000,Greret,...마을 하나에 원정비용. 거기에 스캐빈저 기사단들의 목숨.,…The cost of an expedition to one village.\nAnd the lives of the Scavenger Knights.,…一つの村にかかる遠征費用。\nそしてスキャベンジャー騎士団の命。,Greret,idle_0,-125,Yongsa,lie_0,-50,witchYoung,panic_2,125,Smirk,panic_2,50,0,destinyPoint,0,0,16,-999
30,68,1,a1000,Greret,딸의 앞에는… 차라리 죽는 게 나을 형벌들이 기다리고 있을 겁니다.,A punishment worse than death awaits the daughter.,娘には…死んだほうがましな刑罰が待っているはずです。,Greret,eyeClose_0,-100,Yongsa,lie_0,-125,witchYoung,panic_2,125,Smirk,panic_2,50,0,destinyPoint,0,0,16,-999
30,69,1,a1000,Greret,(후우웅),(Whoosh),（ボワッ）,Greret,eyeClose_0,-75,Yongsa,lie_0,-125,witchYoung,panic_2,125,Smirk,panic_2,50,1,destinyPoint,1,34,16,44
30,70,1,a0010,???,어…엄마…,M-Mom…,お…母さん…,Greret,eyeClose_0,-75,Yongsa,lie_0,-125,witchYoung,panic_1,100,Smirk,panic_2,50,0,destinyPoint,2,34,16,46
30,71,1,a0001,Smirk,괜찮아… 괜찮아…,It's okay… it's okay…,大丈夫…大丈夫よ…,Greret,eyeClose_0,-75,Yongsa,lie_0,-125,witchYoung,panic_1,125,Smirk,panic_3,75,0,destinyPoint,2,34,16,-999
30,72,1,a1000,Greret,하다못해…,At the very least…,ならば…,Greret,eyeClose_1,-75,Yongsa,lie_0,-125,witchYoung,panic_1,125,Smirk,panic_3,75,0,destinyPoint,2,34,16,-999
30,73,1,a1000,Greret,둘 모두 편하게 보내드릴…,I'll send you both off comfortably…,二人とも楽にしてあげましょう…,Greret,smile_0,-75,Yongsa,lie_0,-125,witchYoung,panic_1,125,Smirk,panic_3,75,0,destinyPoint,2,34,16,-999
30,74,1,a0100,Ail Shell,…,…,……,Greret,smile_0,-75,Yongsa,idle_0,-125,witchYoung,panic_1,125,Smirk,panic_3,75,0,destinyPoint,2,34,-999,-999
30,75,1,a0100,Ail Shell,(스윽),(Swoosh),（スッ）,Greret,smile_0,-75,Yongsa,eyeClose_0,15,witchYoung,panic_1,125,Smirk,panic_3,75,0,destinyPoint,2,34,-999,17
30,76,1,a1000,Greret,?,?,？,Greret,idle_0,-75,Yongsa,eyeClose_0,0,witchYoung,panic_1,125,Smirk,panic_3,75,0,destinyPoint,0,0,-999,-999
30,77,1,a1000,Greret,지금 뭐하는 거죠?,What are you doing?,今、何を？,Greret,say_0,-75,Yongsa,eyeClose_0,0,witchYoung,panic_1,125,Smirk,panic_3,75,0,destinyPoint,0,0,-999,-999
30,78,1,a0100,Ail Shell,...던전은 제물만 파괴되면 사라져.,…The dungeon disappears\nwhen only the sacrifice is destroyed.,…ダンジョンは生贄さえ壊せば消える。,Greret,say_0,-75,Yongsa,eyeClose_1,0,witchYoung,panic_1,125,Smirk,panic_3,75,0,destinyPoint,0,0,-999,-999
30,79,1,a0100,Ail Shell,없애는 건… 한 쪽이면 충분해.,Eliminating… one side is enough.,消すのは…片方だけで十分だ。,Greret,say_0,-75,Yongsa,doubt_0,0,witchYoung,panic_1,125,Smirk,panic_3,75,0,destinyPoint,0,0,-999,-999
30,80,1,a1000,Greret,…너.,…You.,…あなた…,Greret,eyeClose_0,-75,Yongsa,doubt_0,0,witchYoung,panic_1,125,Smirk,panic_3,75,0,destinyPoint,0,0,-999,-999
30,81,1,a1000,Greret,왕국이 어떤 형벌을 내리는 지 알고 하는 소리야?,Do you know what kind of punishment the kingdom will give?,王国がどんな刑を下すか分かっていて言っている？,Greret,doubt_0,-50,Yongsa,doubt_0,15,witchYoung,panic_1,125,Smirk,panic_3,75,0,destinyPoint,0,0,-999,24
30,82,1,a0200,Ail Shell,몰라! 알 필요도 없어.,I don't know! I don't need to know.,知らん！知る必要もない！,Greret,doubt_0,-50,Yongsa,angry_0,15,witchYoung,panic_1,125,Smirk,panic_3,75,0,destinyPoint,0,0,-999,-999
30,83,1,a1000,Greret,...스캐빈저 기사단의 수치가 될 거야.,…It will be a disgrace to the Scavenger Knights.,…スキャベンジャー騎士団の恥さらしになるのよ。,Greret,idle_0,-75,Yongsa,angry_0,15,witchYoung,panic_1,125,Smirk,panic_3,75,0,destinyPoint,0,0,-999,16
30,84,1,a0100,Ail Shell,원래 기사단이 아니라 용병이었어.,I was originally a mercenary+o not a knight.,元々は騎士団じゃなくて傭兵だった。,Greret,idle_0,-75,Yongsa,smile_0,15,witchYoung,panic_1,125,Smirk,panic_3,75,0,destinyPoint,0,0,-999,-999
30,85,1,a2000,Greret,…이 일로 네 꿈에서 더 멀어지게 될 거라고!,…You'll be further away from your dream because of this!,…これであなたの夢からもっと遠ざかることになる！,Greret,angry_0,-25,Yongsa,smile_0,30,witchYoung,panic_1,125,Smirk,panic_3,75,0,destinyPoint,0,0,-999,38
30,86,1,a0100,Ail Shell,이곳에서 비키면…,If I back down here…,ここで退けば…,Greret,angry_0,-25,Yongsa,eyeClose_0,30,witchYoung,panic_1,125,Smirk,panic_3,75,0,destinyPoint,0,0,-999,-999
30,87,1,a0100,Ail Shell,다시는 용사를 꿈꿀 수 없게 될 거야.,I’ll never be able to dream of being a hero again.,二度と勇者を夢見ることはできなくなる。,Greret,angry_0,-75,Yongsa,doubt_0,-15,witchYoung,panic_1,125,Smirk,panic_3,75,0,destinyPoint,0,0,-999,-999
30,88,1,a0100,Ail Shell,…다시는,…Never again.,…二度と,Greret,angry_0,-75,Yongsa,angry_1,0,witchYoung,panic_1,125,Smirk,panic_3,75,0,destinyPoint,0,0,-999,33
30,89,1,a1000,Greret,…,…,……,Greret,doubt_0,-50,Yongsa,angry_1,0,witchYoung,panic_1,125,Smirk,panic_3,75,0,destinyPoint,0,0,-999,-999
30,89,1,a1000,Greret,…,…,……,Greret,eyeClose_0,-50,Yongsa,angry_1,0,witchYoung,panic_1,125,Smirk,panic_3,75,0,destinyPoint,0,0,-999,-999
30,90,1,a1000,Greret,아니… 이 정도면 충분하겠지.,…probably enough.,いや…これで十分でしょう。,Greret,smile_0,-50,Yongsa,angry_1,0,witchYoung,panic_1,125,Smirk,panic_3,75,0,destinyPoint,0,0,-999,-999
30,91,1,a3000,Greret,항복! 항복이야. 더는 못 당하겠네.,I surrender! I can’t take it anymore.,降伏だ！降伏する。これ以上はやってられない。,Greret,eyeClose_1,-125,Yongsa,angry_1,0,witchYoung,panic_1,125,Smirk,panic_3,75,0,destinyPoint,0,0,14,-999
30,92,1,a0100,Ail Shell,…?,…?,…？,Greret,eyeClose_1,-125,Yongsa,panic_2,0,witchYoung,panic_1,125,Smirk,panic_3,75,0,destinyPoint,0,0,14,18
30,93,1,a1000,Greret,지금 너랑 실랑이하면 싸우고 있는 병사들이 20은 더 죽을 거야.,If I keep bickering with you+o\nat least 20 more soldiers fighting will die.,今ここであんたとやり合えば、\n戦闘中の兵士があと20人は死ぬ。,Greret,idle_0,-125,Yongsa,panic_2,0,witchYoung,panic_1,125,Smirk,panic_3,75,0,destinyPoint,0,0,14,-999
30,94,1,a1000,Greret,그렇다고 모두를 데리고 나가면 결국 다음 기사단이 여기에 도달하겠지.,But if I take everyone out+o\nthe next knight order will eventually reach here.,かといって全員を連れて出れば、\nいずれ次の騎士団がここに到達する。,Greret,say_0,-125,Yongsa,panic_2,0,witchYoung,panic_1,125,Smirk,panic_3,75,0,destinyPoint,0,0,14,-999
30,95,1,a1000, , , , ,Greret,say_0,-125,Yongsa,panic_2,0,witchYoung,panic_1,125,Smirk,panic_3,75,0,destinyPoint,1,35,14,37
30,96,1,a1000,Greret,자… 충고는 여기까지.,Well… that’s all the advice I can give.,さて…忠告はここまで。,Greret,eyeClose_0,-125,Yongsa,panic_2,0,witchYoung,panic_1,125,Smirk,panic_3,75,0,destinyPoint,2,35,14,-999
30,96,1,a0200,Ail Shell,뭐야… 너 몸이?!,What… what’s happening to your body?!,お前の体…どうなってんだ！？,Greret,eyeClose_0,-125,Yongsa,panic_0,0,witchYoung,panic_1,125,Smirk,panic_3,75,0,destinyPoint,2,35,14,-999
30,97,1,a1000,Greret,아무래도 인형에 걸어둔 마법이 끝나가는 것 같네.,It seems the magic I cast on the doll is wearing off.,どうやら人形にかけていた魔法が、\n切れかけているみたい。,Greret,eyeClose_1,-125,Yongsa,panic_0,0,witchYoung,panic_1,125,Smirk,panic_3,75,0,destinyPoint,2,35,14,-999
30,97,1,a0100,Ail Shell,처음부터 본체도 아니었던 거냐…,So you weren’t even the real thing from the start…,最初から本体じゃなかったのか…,Greret,eyeClose_1,-125,Yongsa,panic_3,0,witchYoung,panic_1,125,Smirk,panic_3,75,0,destinyPoint,2,35,14,-999
30,97,1,a1000,Greret,그래도 내 운명을 담았으니… 아니. 이건 변명이 되려나?,Still+o I imbued it with my destiny…\nno. Is that just an excuse?,それでも私の運命を込めていて…いや、\nこれは言い訳になるかな？,Greret,idle_0,-100,Yongsa,panic_3,0,witchYoung,panic_1,125,Smirk,panic_3,75,0,destinyPoint,2,35,14,-999
30,97,1,a1000,Greret,던전 제거에 실패하면 다음에는 본체가 와야 하겠지만 말이야.,If you fail to eliminate the dungeon+o\nthe real me will have to come next time.,ダンジョンの破壊に失敗したら、\n次は本体が来ることになるでしょうね。,Greret,eyeClose_1,-100,Yongsa,panic_3,0,witchYoung,panic_1,125,Smirk,panic_3,75,0,destinyPoint,2,35,14,-999
30,99,1,a0100,Ail Shell,…,…,……,Greret,eyeClose_1,-100,Yongsa,idle_0,-15,witchYoung,panic_1,125,Smirk,panic_3,75,0,destinyPoint,2,35,14,-999
30,100,1,a0100,Ail Shell,고마워.,Thank you.,ありがとう。,Greret,eyeClose_1,-100,Yongsa,lie_0,-15,witchYoung,panic_1,125,Smirk,panic_3,75,0,destinyPoint,2,35,14,-999
30,101,1,a1000,Greret,…,…,……,Greret,idle_0,-100,Yongsa,lie_0,-15,witchYoung,panic_1,125,Smirk,panic_3,75,0,destinyPoint,2,35,14,-999
30,101,1,a1000,Greret,이쪽이야 말로.,The pleasure is all mine.,こちらこそ。,Greret,smile_0,-125,Yongsa,lie_0,-15,witchYoung,panic_1,125,Smirk,panic_3,75,0,destinyPoint,2,35,14,-999
30,102,1,a0000, ,(파사삭),(Rustle),（パサラッ）,Greret,black_0,-125,Yongsa,lie_0,-15,witchYoung,panic_1,125,Smirk,panic_3,75,0,destinyPoint,1,36,14,37
30,103,1,a0001,Smirk,…,…,……,.,.,-125,Yongsa,lie_0,-125,witchYoung,panic_1,125,Smirk,panic_1,50,0,destinyPoint,2,36,14,-999
30,104,1,a0010,???,엄마.,Mommy.,お母さん。,.,.,-125,Yongsa,lie_0,-125,witchYoung,panic_3,100,Smirk,panic_1,50,0,destinyPoint,2,36,14,-999
30,105,1,a0010,???,어… 어떻게 된거야? 저기 있던 언니가 인형이 되버렸어…,what happened?\nThat lady who was there turned into a doll…,あれ…どういうこと？\nあそこにいたお姉さんが人形になっちゃった…,.,.,-125,Yongsa,lie_0,-125,witchYoung,panic_2,90,Smirk,panic_1,50,0,destinyPoint,2,36,14,46
30,106,1,a0001,Smirk,…,…,……,.,.,-125,Yongsa,lie_0,-125,witchYoung,panic_2,90,Smirk,panic_3,50,0,destinyPoint,0,0,-999,-999
30,107,1,a0001,Smirk,…딸.,…Daughter.,…いい？,.,.,-125,Yongsa,lie_0,-125,witchYoung,panic_2,125,Smirk,panic_0,60,0,destinyPoint,0,0,-999,11
30,108,1,a0010,???,…웅.,…Yes.,…うん。,.,.,-125,Yongsa,lie_0,-125,witchYoung,idle_0,115,Smirk,panic_0,60,0,destinyPoint,0,0,-999,-999
30,109,1,a0001,Smirk,앞으로 이 오빠 말 잘 들어야 한다?,You have to listen to this older brother from now on+o okay?,これからは、\nこのお兄ちゃんの言うことをちゃんと聞くんだよ？,.,.,-125,Yongsa,lie_0,-125,witchYoung,idle_0,115,Smirk,smile_2,60,0,destinyPoint,0,0,-999,-999
30,110,1,a0010,???,웅?,Huh?,え？,.,.,-125,Yongsa,lie_0,-125,witchYoung,panic_4,115,Smirk,smile_2,60,0,destinyPoint,0,0,-999,50
30,111,1,a0001,Smirk,…딸 숫자 알려줬었는데…,Daughter+o Mom taught you some numbers+o right?,…前に数を教えたわよね…,.,.,-125,Yongsa,lie_0,-125,witchYoung,panic_4,125,Smirk,eyeClose_1,40,0,destinyPoint,0,0,-999,-999
30,112,1,a0001,Smirk,…이제 몇까지 셀 수 있었지?,…How high can you count now?,…今は何まで数えられる？,.,.,-125,Yongsa,lie_0,-125,witchYoung,panic_4,125,Smirk,idle_0,50,0,destinyPoint,0,0,-999,-999
30,113,1,a0020,???,마… 만!,…Ten… thousand!,ま…万！,.,.,-125,Yongsa,lie_0,-125,witchYoung,panic_0,115,Smirk,idle_0,50,0,destinyPoint,0,0,-999,-999
30,114,1,a0001,Smirk,만은 좀 많고… 뒤돌아서 천만 세는 거야?,Ten thousand is a bit much…\nare you turning around and counting to thousand?,万はちょっと多いかな…じゃあ後ろを向いて千まで数えるの。,.,.,-125,Yongsa,lie_0,-125,witchYoung,panic_0,115,Smirk,smile_2,50,0,destinyPoint,0,0,-999,-999
30,115,1,a0001,Smirk,엄마 숨을 거니까 귀도 막고.,Cover your ears while mommy hiding.,お母さんは隠れるから、耳も塞いで。,.,.,-125,Yongsa,lie_0,-125,witchYoung,panic_0,115,Smirk,idle_0,50,0,destinyPoint,0,0,-999,-999
30,116,1,a0030,???,알겠어!,Okay!,わかった！,.,.,-125,Yongsa,lie_0,-125,witchYoung,shine_0,115,Smirk,idle_0,50,0,destinyPoint,0,0,-999,47
30,117,1,a0010,???,…엄마 어디 안가는 거지?,…Mommy’s not going anywhere+o right?,…お母さん、どこにも行かないよね？,.,.,-125,Yongsa,lie_0,-125,witchYoung,idle_0,115,Smirk,idle_0,50,0,destinyPoint,0,0,-999,-999
30,118,1,a0001,Smirk,어디 안가.,I’m not going anywhere.,もちろん。,.,.,-125,Yongsa,lie_0,-125,witchYoung,idle_0,115,Smirk,eyeClose_0,40,0,destinyPoint,0,0,-999,-999
30,119,1,a0001,Smirk,계속 근처에 있을 거야.,I’ll be your around.,ずっと近くにいるよ。,.,.,-125,Yongsa,lie_0,-125,witchYoung,idle_0,115,Smirk,smile_0,60,0,destinyPoint,0,0,-999,-999
30,120,1,a0010,???,…알겠어!,…Okay!,…うん！,.,.,-125,Yongsa,lie_0,-125,witchYoung,smile_0,115,Smirk,smile_0,50,0,destinyPoint,0,0,-999,49
30,121,1,a0010,???,그럼 센다? 천… 구구구...,Then I’ll start counting?\nOne thousand… nine nine nine…,じゃあ、数えるよ？千…九九九…,.,.,-125,Yongsa,lie_0,-125,witchYoung,eyeClose_0,125,Smirk,smile_0,50,0,destinyPoint,0,0,-999,-999
30,122,1,a0010,???,구구팔… 구구칠…,Nine nine eight… nine nine seven…,九九八…九九七…,.,.,-125,Yongsa,lie_0,-125,witchYoung,eyeClose_1,300,Smirk,smile_0,50,0,destinyPoint,0,0,-999,-999
30,123,1,a0001,Smirk,…,…,……,.,.,-125,Yongsa,lie_0,-125,witchYoung,eyeClose_1,300,Smirk,smile_0,50,0,destinyPoint,0,0,-999,-999
30,124,1,a0001,Smirk,…,…,……,.,.,-125,Yongsa,lie_0,-125,witchYoung,eyeClose_1,300,Smirk,eyeClose_0,0,0,destinyPoint,0,0,-999,17
30,125,1,a0100,Ail Shell,인사는 끝났나요?,Are the goodbyes over?,あいさつは終わりましたか？,.,.,-125,Yongsa,idle_0,-125,.,.,50,Smirk,eyeClose_0,0,0,destinyPoint,0,0,-999,-999
30,126,1,a0001,Smirk,…,…,……,.,.,-125,Yongsa,idle_0,-75,.,.,50,Smirk,eyeClose_1,75,0,destinyPoint,0,0,-999,-999
30,127,1,a0100,Ail Shell,...지금부터 저는 당신을 죽여야 해요.,…From now on+o I have to kill you.,…これからあなたを殺さなければなりません。,.,.,-125,Yongsa,eyeClose_0,-75,.,.,50,Smirk,eyeClose_1,75,0,destinyPoint,0,0,-999,-999
30,128,1,a0001,Smirk,이미 죽었던 사람이에요.,I was already a dead person.,すでに死んでいた人間です。,.,.,-125,Yongsa,eyeClose_0,-75,.,.,50,Smirk,idle_0,75,0,destinyPoint,0,0,-999,12
30,129,1,a0100,Ail Shell,따… 따님은 제가 어떻게든…,Your… your daughter+o I’ll somehow…,お…お嬢さんのことは、俺がなんとか…,.,.,-125,Yongsa,panic_3,-75,.,.,50,Smirk,idle_0,75,0,destinyPoint,0,0,-999,-999
30,130,1,a0100,Ail Shell,…죄송합니다.,…I’m sorry.,…すみません。,.,.,-125,Yongsa,eyeClose_0,-75,.,.,50,Smirk,idle_0,75,0,destinyPoint,0,0,-999,-999
30,131,1,a0001,Smirk,…고마워요.,…Thank you.,…ありがとう。,.,.,-125,Yongsa,eyeClose_0,-75,.,.,50,Smirk,smile_0,75,0,destinyPoint,0,0,-999,-999
30,132,1,a0100,Ail Shell,...그럼 시작하겠습니다.,…Then let's begin.,…では、始めます。,.,.,-125,Yongsa,idle_0,-75,.,.,50,Smirk,smile_0,75,0,destinyPoint,0,0,-999,-999
30,133,1,a0001,Smirk,…,…,……,.,.,-125,Yongsa,idle_0,-75,.,.,50,Smirk,eyeClose_0,75,0,destinyPoint,0,0,-999,-999
30,134,1,a0001,Smirk,딸이 아직 말도 셈도 서툴러요.,My daughter is still clumsy with words and counting.,娘はまだ、言葉も数もおぼつかないんです。,.,.,-125,Yongsa,idle_0,-75,.,.,50,Smirk,eyeClose_1,75,0,destinyPoint,0,0,15,-999
30,135,1,a0001,Smirk,조금 가르쳐주면 잘할 거 같은 데 말이에요.,I think she’d do well if you taught her a little.,少し教えてあげれば、\nきっと上手にできるようになると思います。,.,.,-125,Yongsa,idle_0,-75,.,.,50,Smirk,idle_0,75,0,destinyPoint,0,0,15,11
30,136,1,a0100,Ail Shell,위대하신 세계수시여…,O Great World Tree…,偉大なる世界樹よ…,.,.,-125,Yongsa,eyeClose_1,-75,.,.,50,Smirk,idle_0,75,0,destinyPoint,0,0,15,-999
30,137,1,a0001,Smirk,딸기를 잘 먹고… 분홍색 옷을 좋아해요.,She likes strawberries… and pink clothes.,いちごが好きで…ピンクの服を好みます。,.,.,-125,Yongsa,eyeClose_1,-75,.,.,50,Smirk,eyeClose_1,75,0,destinyPoint,0,0,15,-999
30,138,1,a0001,Smirk,자주 못 먹여주고 자주 못 사줬지만...,I couldn’t give… and buy them for her often…,あまり食べさせてやれず、\n服もあまり買ってやれませんでしたが…,.,.,-125,Yongsa,eyeClose_1,-75,.,.,50,Smirk,panic_0,75,0,destinyPoint,0,0,15,-999
30,139,1,a0100,Ail Shell,거짓된 자가 앞으로…,Allow the false one to…,偽りの者が、再び前へ進めるよう...,.,.,-125,Yongsa,angry_1,-75,.,.,50,Smirk,panic_0,75,0,destinyPoint,0,0,15,-999
30,140,1,a0001,Smirk,…,…,…,.,.,-125,Yongsa,angry_1,-75,.,.,50,Smirk,eyeClose_0,75,0,destinyPoint,0,0,15,-999
30,141,1,a0001,Smirk,이름은 그린이에요.,Her name is Grin.,名前はグリンです。,.,.,-125,Yongsa,angry_1,-75,.,.,50,Smirk,idle_0,75,0,destinyPoint,0,0,15,12
30,142,1,a0001,Smirk,…진짜,…Really…,…本当に…,.,.,-125,Yongsa,angry_1,-75,.,.,50,Smirk,eyeClose_1,75,0,destinyPoint,0,0,15,-999
30,143,1,a0100,Ail Shell,나아갈 수 있게 하소서. ,move forward.,導きたまえ。,.,.,-125,Yongsa,angry_0,-75,.,.,50,Smirk,eyeClose_1,75,0,destinyPoint,0,0,15,-999
30,144,1,a0001,Smirk,…진짜 미안해요. 꼬마 친구.,…I’m really sorry. Little friend.,…本当にごめんなさい。,.,.,-125,Yongsa,angry_0,-75,.,.,50,Smirk,smile_0,50,0,destinyPoint,0,0,15,-999
30,145,1,a0001,Smirk,우리 딸 잘 부탁드려요. ,Please take care of my daughter.,うちの娘を、どうかよろしくお願いします。,.,.,-125,Yongsa,angry_0,-75,.,.,50,Smirk,smile_1,0,0,destinyPoint,0,0,15,11
30,146,1,a0000, , , , ,.,.,-125,.,.,-50,.,.,50,.,.,125,0,black,0,0,-999,51
30,147,1,a0000, , , , ,.,.,-125,.,.,-50,.,.,50,.,.,125,0,black,0,0,-999,-999
30,148,1,a0000,Ail Shell,…,…,……,.,.,-125,.,.,0,.,.,50,.,.,125,0,black,0,0,-999,-999
30,149,1,a0100,Ail Shell,하악!,Huff!,はっ…！,.,.,-125,.,.,0,.,.,50,.,.,125,1,black,2,42,-999,37
30,150,1,a0100,Ail Shell,…허억 ...스캐 ...빈저.,…Huh… Sca… venger.,…はぁ…スキャ…ベンジャー…,.,.,-125,.,.,0,.,.,50,.,.,125,0,black,2,43,-999,-999
30,151,1,a0100,Ail Shell,...스캐빈저 ...기사단,…Scavenger… Knight Order.,…スキャベンジャー…騎士団…,.,.,-125,.,.,0,.,.,50,.,.,125,0,black,2,44,-999,42
30,152,1,a0100,Ail Shell,견습 기사…,Apprentice Knight…,見習い騎士…,.,.,-125,.,.,0,.,.,50,.,.,125,0,black,2,45,-999,-999
30,153,1,a0100,Ail Shell,애일 쉘.,Ail Shell.,エイル・シェル。,.,.,-125,.,.,0,.,.,50,.,.,125,1,black,2,46,-999,-999
30,154,1,a0100,Ail Shell,…,…,……,.,.,-125,.,.,0,.,.,50,.,.,125,1,black,2,47,-999,41
30,155,1,a0100,Ail Shell,그 분의 뜻을…,I have carried out…,あの方のご意志を…,.,.,-125,.,.,0,.,.,50,.,.,125,1,black,2,48,-999,40
30,156,1,a0100,Ail Shell,행했습니다.,"...your will.	",遂げました。,.,.,-125,.,.,0,.,.,50,.,.,125,1,white,2,49,-999,39
30,156,1,a0100, , , , ,.,.,-125,.,.,0,.,.,50,.,.,125,1,white,2,50,-999,-999
30,156,1,a0000, , , , ,.,.,-125,.,.,0,.,.,50,.,.,125,0,white,2,51,-999,43
31,0,1,a1000,Ail Shell,…,…,……,Yongsa,eyeClose_0,-125,.,.,-50,.,.,50,Witch,eyeClose_0,125,1,home,0,0,-999,-999
31,1,1,a0001,Grin,…,…,……,Yongsa,eyeClose_0,-125,.,.,-50,.,.,50,Witch,eyeClose_0,125,0,home,0,0,-999,-999
31,2,1,a1000,Ail Shell,…이렇게 된 거였군.,…So that’s how it was.,…そういうことだったのか。,Yongsa,eyeClose_1,-125,.,.,-50,.,.,50,Witch,eyeClose_0,125,0,home,0,0,-999,-999
31,3,1,a0001,Grin,…어릴 적이라 몰랐는데,…I didn’t know because I was young+o but…,…子どもの頃は知らなかったけど、,Yongsa,eyeClose_1,-125,.,.,-50,.,.,50,Witch,idle_0,125,0,home,0,0,-999,-999
31,4,1,a0001,Grin,이렇게 된 것이었군요.,…,こういうことだったんですね。,Yongsa,eyeClose_1,-125,.,.,-50,.,.,50,Witch,say_0,125,0,home,0,0,-999,-999
31,5,1,a0001,Grin,새삼… 감회가 새롭네요…,It’s… quite a new feeling…,改めて…感慨深いです…,Yongsa,eyeClose_1,-125,.,.,-50,.,.,50,Witch,eyeClose_1,125,0,home,0,0,-999,-999
31,6,1,a1000,Ail Shell,…그러게.,Yeah.,…だな。,Yongsa,idle_0,-125,.,.,-50,.,.,50,Witch,eyeClose_1,125,0,home,0,0,-999,-999
31,7,1,a1000,Ail Shell,…너 괜찮냐?,…Are you okay?,…お前、大丈夫か？,Yongsa,doubt_0,-125,.,.,-50,.,.,50,Witch,eyeClose_1,125,0,home,0,0,-999,-999
31,8,1,a0001,Grin,아… 네! 괜찮아요.,Ah… yes! I’m fine.,あ…はい！大丈夫です。,Yongsa,doubt_0,-125,.,.,-50,.,.,50,Witch,say_0,125,0,home,0,0,-999,-999
31,9,1,a0001,Grin,이미 다 지난 일이기도 하고!,It’s all in the past now!,もう過ぎたことですし！,Yongsa,doubt_0,-125,.,.,-50,.,.,50,Witch,smile_1,125,0,home,0,0,-999,21
31,10,1,a0001,Grin,애일 씨랑 다르게 전 기억도 있었으니까요...,Unlike you+o I had my memories…,エイルさんと違って、私はちゃんと覚えてましたから…,Yongsa,doubt_0,-125,.,.,-50,.,.,50,Witch,smile_2,125,0,home,0,0,-999,-999
31,11,1,a0001,Grin,...,…,……,Yongsa,doubt_0,-125,.,.,-50,.,.,50,Witch,lie_0,125,0,home,0,0,-999,-999
31,12,1,a1000,Ail Shell,그러냐.,I see.,そうか。,Yongsa,idle_0,-125,.,.,-50,.,.,50,Witch,lie_0,125,0,home,0,0,-999,-999
31,13,1,a1000,Ail Shell,…뭐 하긴 그렇겠지.,…Well+o I guess so.,…まあ、そうだろうな。,Yongsa,eyeClose_1,-125,.,.,-50,.,.,50,Witch,lie_0,125,0,home,0,0,-999,-999
31,14,1,a1000,Ail Shell,너만 흑백이어서 집중이 잘 안되기도 했을 거고...,It was hard to focus\nbecause you were just black and white…,お前だけがモノクロだったから、\n集中しづらかったろう…,Yongsa,smile_0,-125,.,.,-50,.,.,50,Witch,lie_0,125,0,home,0,0,-999,-999
31,15,1,a0001,Grin,그러게요. 너무 옛날이라 제가 흑백...,That’s true. It was so long ago\nthat I was black and white…,そうですね。あまりに昔のことだから、私がモノク…,Yongsa,smile_0,-125,.,.,-50,.,.,50,Witch,eyeClose_0,125,0,home,0,0,-999,-999
31,16,1,a0001,Grin,에? 제가 흑백이라고요?,Huh? I was black and white?,え？ 私がモノクロってどういうこと？,Yongsa,smile_0,-125,.,.,-50,.,.,50,Witch,panic_0,125,0,home,0,0,-999,18
31,17,1,a1000,Ail Shell,그래. 드디어 알았어.,Yeah. I finally realized.,そうだ。やっとわかったぞ。,Yongsa,eyeClose_1,-125,.,.,-50,.,.,50,Witch,panic_0,125,0,home,0,0,1,-999
31,18,1,a3000,Ail Shell,네 정체는 저 때의 왕실 마법사였다는 걸!,Your true identity is the royal wizard from that time!,お前の正体は、あの時の王宮魔法使いだったんだ！,Yongsa,panic_0,-125,.,.,-50,.,.,50,Witch,panic_0,125,0,home,0,0,1,-999
31,19,1,a1000,Ail Shell,마녀 모자! 운명 마법!,Witch’s hat! destiny magic!,魔女帽！ 運命魔法！,Yongsa,eyeClose_0,-125,.,.,-50,.,.,50,Witch,panic_0,125,0,home,0,0,1,-999
31,20,1,a1000,Ail Shell,그리고 저 성격!,And that personality!,そして、その性格！,Yongsa,angry_0,-125,.,.,-50,.,.,50,Witch,panic_0,125,0,home,0,0,1,-999
31,21,1,a2000,Ail Shell,역시 너는 날 속이기 위해…,You were trying to deceive me after all…,やっぱり俺を欺くために…,Yongsa,angry_1,-125,.,.,-50,.,.,50,Witch,panic_0,125,0,home,0,0,1,-999
31,22,1,a0002,Grin,크아악! 이 사람이 진짜!,Grrr! This guy+o seriously!,もーっ！この人ホントムカつく！！,Yongsa,angry_1,-125,.,.,-50,.,.,50,Witch,angry_0,-100,0,home,0,0,1,24
31,23,1,a0000, ,( 깡! ),(Clang!),（ドガッ！）,.,.,-125,.,.,-50,.,.,50,.,.,125,0,home,1,27,1,29
31,24,1,a2000,Ail Shell,으윽!,Ugh!,ぐっ…！,Yongsa,sad_0,-125,.,.,-50,.,.,50,Witch,angry_0,125,0,home,2,27,1,-999
31,25,1,a0001,Grin,됐어요! 이런 사람이랑 지금 뭘 하고 있는 건지…,That’s it!\nWhat am I even doing with someone like this…,もういいです！ こんな人と今さら何をしてんだか…,Yongsa,sad_0,-125,.,.,-50,.,.,50,Witch,angry_1,75,0,home,0,0,1,-999
31,26,1,a0001,Grin,하아… 그럼 기억도 돌려놨고…,Haa… well+o the memories are back…,はぁ…じゃあ記憶も戻しましたし…,Yongsa,sad_0,-125,.,.,-50,.,.,50,Witch,idle_0,75,0,home,0,0,1,-999
31,27,1,a0001,Grin,전 선배 좀 보고 올테니까 집 좀 지키고 계세요.,I’m going to go see Senior+o so protect the house.,私は先輩の様子見てくるから、留守番しててください。,Yongsa,sad_0,-125,.,.,-50,.,.,50,Witch,angry_0,125,0,home,0,0,1,-999
31,28,1,a0002,Grin,반성도 좀 하시고요!,And reflect on your actions!,少しは反省もしてくださいね！,Yongsa,sad_0,-125,.,.,-50,.,.,50,Witch,angry_1,125,0,home,0,0,1,24
31,29,1,a0001, ,( 쾅! ),(Kwang!),（バタン！）,Yongsa,sad_0,-125,.,.,-50,.,.,50,Witch,angry_1,300,0,home,0,0,1,52
31,30,1,a1000,Ail Shell,…,…,……,Yongsa,eyeClose_0,-125,.,.,-50,.,.,50,.,.,125,0,home,0,0,-999,-999
31,31,1,a1000,Ail Shell,누굴 닮아서 저렇게 난폭한 거야…,Who did she take after to be so violent…,誰に似てあんなに乱暴だ…,Yongsa,panic_0,-125,.,.,-50,.,.,50,.,.,125,0,home,0,0,-999,-999
31,32,1,a1000,Ail Shell,뭐 그래도 우울한 분위기로 안 흘러가서 다행이네.,Well+o at least it didn’t turn into a gloomy atmosphere.,まあ、沈んだ空気にならなくて済んだのは幸いか。,Yongsa,idle_0,-125,.,.,-50,.,.,50,.,.,125,0,home,0,0,-999,-999
31,33,1,a1000,Ail Shell,…,…,……,Yongsa,eyeClose_0,-125,.,.,-50,.,.,50,.,.,125,0,home,0,0,-999,-999
31,34,1,a1000,Ail Shell,하아… 정말이지. 난 어쩌자고 저런 약속을…,Haa… really. Why did I make such a promise…,はぁ…まったく、俺はなんであんな約束を…,Yongsa,lie_0,-125,.,.,-50,.,.,50,.,.,125,0,home,0,0,-999,16
31,35,1,a1000,Ail Shell,…잠깐.,…Wait.,…待てよ。,Yongsa,doubt_0,-125,.,.,-50,.,.,50,.,.,125,0,home,0,0,-999,-999
31,36,1,a1000,Ail Shell,내가 저번에 떠올린 이미지를 보고…,When I recalled the image last time…,この前、俺が思い出した映像を見て…,Yongsa,idle_0,-125,.,.,-50,.,.,50,.,.,125,0,home,2,18,-999,-999
31,37,1,a1000,Ail Shell,마녀 녀석이 자기랑 만났을 때 기억이라고 하지 않았나…?,Didn’t that witch say it was a memory\nfrom when she met me…?,あの魔女、\n自分と会った時の記憶だって言ってなかったか…？,Yongsa,panic_3,-125,.,.,-50,.,.,50,.,.,125,0,home,2,18,-999,18
31,38,1,a1000,Ail Shell,…뭔가 이미지가 다른 듯한…,…Something seems different about the image…,…何か映像が違うような…,Yongsa,doubt_0,-125,.,.,-50,.,.,50,.,.,125,0,home,0,0,-999,-999
31,40,1,a1000, ,(쿠당탕!),(Thump!),（ドサッ！）,Yongsa,eyeClose_0,-300,.,.,-50,.,.,50,.,.,125,0,home,1,37,-999,-999
31,41,1,a1000,Ail Shell,(뭐야… 갑자기 힘이…),(What… suddenly I feel weak…),（なんだ…急に力が…）,.,.,-300,.,.,-50,.,.,50,.,.,125,0,home,2,38,-999,-999
31,42,1,a1000,Ail Shell,(지친 건가… 잠시… 눈을 붙이면...),(Am I tired…?),（疲れたのか…少し…仮眠をとれば…）,.,.,-300,.,.,-50,.,.,50,.,.,125,0,home,2,39,-999,-999
31,43,1,a1000,Ail Shell,(...),(…),（……）,.,.,-300,.,.,-50,.,.,50,.,.,125,0,home,2,40,-999,-999
31,43,1,a1000, , , , ,.,.,-300,.,.,-50,.,.,50,.,.,125,0,home,2,41,-999,37
31,44,1,a0000, , , , ,.,.,-300,.,.,-50,.,.,50,.,.,125,0,black,0,0,-999,-999
31,45,1,a1000,Grin,들어갈게요~,I’m coming in~,入りますね！,Witch,smile_2,-300,.,.,-50,.,.,50,Owl,eyeClose_1,125,1,library,0,0,-999,23
31,45,1,a3000,Grin,무사히 돌아오셔서 다행이에요. 선배!,I’m glad you returned safely+o Senior!,無事に戻ってきてくれてよかったです、先輩！,Witch,smile_2,-125,.,.,-50,.,.,50,Owl,eyeClose_1,125,0,library,0,0,-999,-999
31,46,1,a0001,Flutter,…,…,……,Witch,smile_2,-125,.,.,-50,.,.,50,Owl,eyeClose_1,125,0,library,0,0,-999,-999
31,47,1,a1000,Grin,…화 많이 나셨나요?,…Are you angry?,…やっぱり、怒ってますよね…？,Witch,panic_0,-125,.,.,-50,.,.,50,Owl,eyeClose_1,125,0,library,0,0,-999,-999
31,48,1,a0001,Flutter,…그걸 말이라고.,…Is that even a question?,…言わなくてもわかるでしょ？,Witch,panic_0,-125,.,.,-50,.,.,50,Owl,angry_1,125,0,library,0,0,-999,-999
31,49,1,a0001,Flutter,내가 같이 있어서 망정이지…,It’s a good thing I was there…,私が一緒だったからよかったものの…,Witch,panic_0,-125,.,.,-50,.,.,50,Owl,angry_0,125,0,library,0,0,-999,-999
31,50,1,a0001,Flutter,그게 아니었으면 모두 죽었을 거라고!,Otherwise+o everyone would have died!,そうじゃなきゃ全員死んでた！,Witch,panic_0,-125,.,.,-50,.,.,50,Owl,angry_1,75,0,library,0,0,-999,24
31,51,1,a1000,Grin,네! 선배가 계셔서 정말 다행이에요!,Yes! I’m so glad you were there+o Senior!,はい！先輩がいてくださって本当によかったです！,Witch,smile_1,-125,.,.,-50,.,.,50,Owl,angry_1,125,0,library,0,0,-999,31
31,52,1,a0001,Flutter,그래! 그건 잘 알고 있네!,Yeah! You know that well!,そうよ、当り前よ！,Witch,smile_1,-125,.,.,-50,.,.,50,Owl,proud_0,125,0,library,0,0,-999,28
31,52,1,a0001,Flutter,…,…,……,Witch,smile_1,-125,.,.,-50,.,.,50,Owl,eyeClose_1,125,0,library,0,0,-999,-999
31,53,1,a0001,Flutter,저기... 그 마법은 왜 쓰고 있는 거야?,Hey… why are you using that magic?,で、その魔法はなんで使ってるの？,Witch,smile_1,-125,.,.,-50,.,.,50,Owl,panic_0,125,0,library,0,0,-999,-999
31,54,1,a1000,Grin,…개인적인 사정으로요.,…Personal reasons.,…少し事情があって。,Witch,idle_0,-125,.,.,-50,.,.,50,Owl,panic_0,125,0,library,0,0,-999,-999
31,55,1,a0001,Flutter,?,?,？,Witch,idle_0,-125,.,.,-50,.,.,50,Owl,idle_1,125,0,library,0,0,-999,18
31,57,1,a0001,Flutter,알겠어. 알아서 해. 그건.,Okay. Do what you want. That’s all.,分かった、好きにしていいよ,Witch,idle_0,-125,.,.,-50,.,.,50,Owl,eyeClose_1,125,0,library,0,0,-999,-999
31,58,1,a1000,Grin,감사합니다. 그럼 조금 있다가 애일 씨랑 다시 올게요.,Thank you. Then I’ll come back with Ail later.,ありがとうございます。\nそれじゃ、少ししたらエイルさんと一緒に来ますね,Witch,smile_1,-125,.,.,-50,.,.,50,Owl,eyeClose_1,125,0,library,0,0,-999,-999
31,59,1,a1000,Grin,지금 쯤이면… 아마 집에서 자고 있을 거니까…,By now… he’s probably sleeping at home…,今ごろは…たぶん家で寝てると思うので…,Witch,idle_0,-125,.,.,-50,.,.,50,Owl,eyeClose_1,125,0,library,0,0,-999,-999
31,60,1,a0001,Flutter,그거랑… 말이지?,…that thing+o right?,「あれ」と…一緒にね？,Witch,idle_0,-125,.,.,-50,.,.,50,Owl,idle_1,125,0,library,0,0,-999,-999
31,61,1,a1000,Grin,ㅍ려ㅗ둄ㄴㅇ러ㅘㄷ베ㅑㅇㄴㅁ로단ㄴㅇ머ㅏㅠ료,ㅍ려ㅗ둄ㄴㅇ러ㅘㄷ베ㅑㅇㄴㅁ로단ㄴㅇ머ㅏㅠ료,ㅍ려ㅗ둄ㄴㅇ러ㅘㄷ베ㅑㅇㄴㅁ로단ㄴㅇ머ㅏㅠ료,Witch,noise,-75,.,.,-50,.,.,50,Owl,idle_1,125,0,library,0,0,-999,-999
31,62,1,a0001,Flutter,…그린.,…Grin.,…グリン。,Witch,noise,-75,.,.,-50,.,.,50,Owl,angry_0,100,0,library,0,0,-999,-999
31,63,1,a1000,Grin,이챤셣ㅇ런먇ㄴㅁㅇ라헏뮤니쟈베,이챤셣ㅇ런먇ㄴㅁㅇ라헏뮤니쟈베,이챤셣ㅇ런먇ㄴㅁㅇ라헏뮤니쟈베,Witch,noise,-75,.,.,-50,.,.,50,Owl,angry_0,100,0,library,0,0,-999,-999
31,64,1,a1000,Grin,아...,Ah…,あ…,Witch,panic_0,-125,.,.,-50,.,.,50,Owl,angry_0,100,0,library,0,0,-999,-999
31,65,1,a1000,Grin,죄송해요. 선배님.,I’m sorry+o Senior.,ごめんなさい、先輩。,Witch,happy_0,-125,.,.,-50,.,.,50,Owl,angry_0,100,0,library,0,0,-999,16
31,66,1,a0001,Flutter,…,…,……,Witch,happy_0,-125,.,.,-50,.,.,50,Owl,idle_1,125,0,library,0,0,-999,-999
31,67,1,a1000,Grin,걱정마세요!,Don’t worry!,心配しないでください！,Witch,angry_0,-30,.,.,-50,.,.,50,Owl,idle_1,125,0,library,0,0,-999,-999
31,68,1,a1000,Grin,저랑 애일 씨가 책임지고…,Ail and I will take responsibility…,私とエイルさんが責任を持って…,Witch,smile_2,-90,.,.,-50,.,.,50,Owl,idle_1,125,0,library,0,0,-999,-999
31,69,1,a1000,Grin,마을을 원래대로 돌려놓을 테니까요!,And restore the village to its original state!,村を元通りにしますから！,Witch,noise,-50,.,.,-50,.,.,50,Owl,idle_1,125,0,library,0,0,-999,-999
31,70,1,a1000,Grin,...잠시 후에 뵐게요. 선배님!,…I’ll see you later+o Senior!,…では、後ほど！先輩！,Witch,idle_0,-125,.,.,-50,.,.,50,Owl,idle_1,125,0,library,0,0,-999,-999
31,71,1,a1000, ,(벌컥),(Slam),（ガバッ）,Witch,idle_0,-300,.,.,-50,.,.,50,Owl,idle_1,125,0,library,0,0,-999,54
31,72,1,a1000, ,(끼이익),(Creak),（ギイィィ）,.,.,-125,.,.,-50,.,.,50,Owl,idle_1,125,0,library,0,0,-999,23
31,73,1,a0001,Flutter,…,…,……,.,.,-125,.,.,-50,.,.,50,Owl,idle_1,125,0,library,0,0,-999,-999
31,74,1,a0001,Flutter,…당연히 그래야지.,…Of course+o you have to.,…当然、そうするべきよ。,.,.,-125,.,.,-50,.,.,50,Owl,eyeClose_1,125,0,library,0,0,-999,-999
31,75,1,a0001,Flutter,이 던전을 만든 게 너잖아.,You’re the one who created this dungeon.,このダンジョンを作ったのは、あなたなんだから。,.,.,-125,.,.,-50,.,.,50,.,.,125,0,black,0,0,-999,-999
32,0,1,a0000, , , , ,.,.,-125,.,.,-50,.,.,50,.,.,125,0,empty,1,54,-999,-999
32,1,1,a0000, ,[ Ail의 운명 조각 ]을 획득했다!,You have obtained a [ Ail's destiny Fragment ]!,エイルの[ 運命カケラ ]を確かめた！,.,.,-125,.,.,-50,.,.,50,.,.,125,0,empty,2,54,-999,26
33,0,0,a0000, , , , ,.,.,-125,.,.,-50,.,.,50,.,.,125,0,empty,1,17,-999,-999
33,1,0,a0000, ,[ Ail의 운명 조각 ]을 획득했다!,You have obtained a [ Ail's destiny Fragment ]!,エイルの[ 運命カケラ ]を確かめた！,.,.,-125,.,.,-50,.,.,50,.,.,125,0,empty,2,17,-999,26
33,2,0,a0000, ,보스를 잡으면 [ Ail의 운명 조각 ]을 획득할 수 있다!\n(단+o 이전보다 깊은 곳을 탐험하는 경우만),Defeating the boss will grant you [Ail's Destiny Fragment]!\n(Only if you explore deeper than before.),ボスを捕まえれば「エイルの運命カケラ」が獲得できる！,.,.,-125,.,.,-50,.,.,50,.,.,125,0,empty,2,17,-999,-999
33,3,0,a0000, ,획득한 [ Ail의 운명 조각 ]은 마을에 있는 집에서 확인할 수 있으며+o\n이를 통해 Ail의 잊혀진 기억을 되돌릴 수 있다.,You can check the [Ail's Destiny Fragment] you've acquired at the house in town.\nThis will restore Ail's forgotten memories.,獲得した[ エイルの運命カケラ ]は村の家で確認でき、+o\nこれを通じてエイルの忘れられた記憶を元に戻すことができる。,.,.,-125,.,.,-50,.,.,50,.,.,125,0,empty,2,85,-999,-999
33,4,0,a0000, ,3개를 모아 모두 확인했다면+o Ail의 운명이 회복되어\n던전의 더 깊은 곳으로 들어갈 수 있다.,If you've collected all three fragments+o\nAil's Destiny will be restored+o allowing you to advance deeper into the dungeon.,3つを集めてすべて確認したら+o エイルの運命が回復して\nダンジョンのより深いところに入ることができる。,.,.,-125,.,.,-50,.,.,50,.,.,125,0,empty,2,1,-999,-999
33,5,0,a0000, ,그 외에 다른 능력이나 요소가 해금될 수 있으니+o\n3개를 모았다면 꼭 확인하자!,Other abilities and elements may also be unlocked+o\nso be sure to check them once you've collected all three fragments!,それ以外に他の能力や要素が解禁される可能性があるので+o\n3個を集めたら是非確認しよう！,.,.,-125,.,.,-50,.,.,50,.,.,125,0,empty,2,17,-999,-999
34,0,0,a0000, ,당신의 현재 위치는 오른쪽 지도에서 확인할 수 있습니다.,Your current location can be confirmed on the map on the right.,あなたの現在の位置は右の地図で見ることができます。,.,.,500,.,.,-100,.,.,100,.,.,125,0,empty,1,56,-999,-999
34,1,0,a0000, ,버튼을 이용해 지나온 위치나\n아직 안보이는 부분도 확인할 수 있습니다.,You can use the buttons to check your past locations\nand even areas that are still unseen.,ボタンを使って通過した場所や\nまだ見えない部分も確認できます。,.,.,500,.,.,-100,.,.,100,.,.,125,0,empty,1,57,-999,-999
34,2,0,a0000, ,전진할 때마다 모든 캐릭터는\n자신의 주사위를 굴리게 됩니다.,Each character rolls their dice each time they advance.,前進するたびにすべてのキャラクターは\n自分のサイコロを転がすようになります。,.,.,500,.,.,-100,.,.,100,.,.,125,0,empty,1,58,-999,-999
34,3,0,a0000, ,그중 하나의 주사위를 선택하면+o 그 주사위의 숫자만큼 앞으로 나아갈 수 있습니다.,Choosing one of the dice allows you\nto advance the number on that dice.,そのうちの1つのサイコロを選択すると、+o\nそのサイコロの数だけ前に進むことができます。,.,.,500,.,.,-100,.,.,100,.,.,125,0,empty,1,58,-999,-999
34,4,0,a0000, ,발판의 그림을 통해 나아갈 이벤트의 종류를 예상해 볼 수 있습니다.,You can guess the type of event\nyou'll encounter by looking at the pictures on the platforms.,足場の絵を通して進むイベントの種類を\n予想してみることができます。,.,.,500,.,.,-100,.,.,100,.,.,125,0,empty,1,59,-999,-999
34,5,0,a0000, ,다만 보스 전투가 있는 발판들은 넘어갈 수 없고+o\n강제로 해당 발판에서 멈추게 되니 조심해주세요!,However+o you cannot pass over platforms with boss battles+o\nand you'll be forced to stop at those platforms+o so be careful!,ただ、ボス戦闘のある足場は倒せず＋o\n強制で該当足場で止まるので注意してください！,.,.,500,.,.,-100,.,.,100,.,.,125,0,empty,1,90,-999,-999
35,0,0,a0000, ,모험 중에는 새로운 동료를 얻을 수 있습니다.,During your adventure+o you can acquire new companions.,冒険中は新しい仲間を手に入れることができます。,.,.,500,.,.,-100,.,.,100,.,.,125,0,empty,1,60,-999,-999
35,1,0,a0000, ,캐릭터 버튼을 눌러 동료를 획득해보세요.,Click the character button to acquire a companion.,キャラクターボタンを押して仲間を獲得してみてください。,.,.,500,.,.,-100,.,.,100,.,.,125,0,empty,1,60,-999,-999
36,0,0,a0000, ,획득된 동료는 가능한 왼쪽에 배치가 됩니다.\n한 팀에는 최대 4명이 있을 수 있으니 주의하세요!,Acquired companions will be placed on the left side whenever possible.\nPlease note that a team can have up to four members!,獲得した同僚は可能な限り左側に配置されます。,.,.,500,.,.,-100,.,.,100,.,.,125,0,empty,1,61,-999,-999
36,1,0,a0000, ,캐릭터의 정보는 캐릭터를 클릭해서 확인해볼 수 있습니다.,You can view a character's information by clicking on the character.,キャラクターの情報はキャラクターをクリックして確認できます。,.,.,500,.,.,-100,.,.,100,.,.,125,0,empty,1,61,-999,-999
37,0,0,a0000, ,캐릭터의 세부 정보는 이 화면에서 확인 가능합니다.,Character details can be found on this screen.,キャラクターの詳細はこの画面で確認できます。,.,.,500,.,.,-100,.,.,100,.,.,125,0,empty,0,0,-999,-999
37,1,0,a0000, ,스킬 등의 세부정보는 마우스를 올려 확인할 수 있습니다.,You can view detailed information about skills and\nother items by hovering your mouse over them.,スキルなどの詳細はマウスを上げて確認できます。,.,.,500,.,.,-100,.,.,100,.,.,125,0,empty,1,62,-999,-999
37,2,0,a0000, ,스킬의 영향을 주는 능력치들은\n우측 하단에서 확인할 수 있습니다.,Stats that affect skills can be found\nin the bottom right corner.,スキルの影響を与える能力値は\n右下で確認できます。,.,.,500,.,.,-100,.,.,100,.,.,125,0,empty,1,98,-999,-999
37,3,0,a0000, ,이 능력치들은 매우 중요하니+o 마우스를 가져가서 설명을 꼭 읽어주세요!,These stats are very important+o\nso please be sure to hover your mouse over them and read the descriptions!,スキルに影響を与える能力値は、非常に重要ですのでマウスで説明を必ずお読みください！,.,.,500,.,.,-100,.,.,100,.,.,125,0,empty,1,98,-999,-999
37,4,0,a0000, ,또한 우측 상단의 버튼으로 위치를 변경하거나\n주인공을 제외한 캐릭터를 팀에서 내보낼 수 있으니 참고하세요!,You can also change the position using the buttons in the upper right corner+o\nor remove characters other than the main character from the team.,また、右上のボタンで位置を変更したり、\n主人公を除いたキャラクターをチームからエクスポートすることもできます。,.,.,500,.,.,-100,.,.,100,.,.,125,0,empty,1,63,-999,-999
38,0,0,a0000, ,아이템을 얻으셨군요! 얻은 아이템은 상단에서 확인할 수 있습니다.,You've obtained an item!\nYou can check the items you've obtained at the top.,アイテムを手に入れました！得られたアイテムは上から確認できます。,.,.,500,.,.,-100,.,.,100,.,.,125,0,empty,1,64,-999,-999
38,1,0,a0000, ,아이템은 총 4종류로\n각각 소비+o 주사위+o 장비+o 패시브 아이템이 존재합니다.,There are four types of items+o each with a different effect:\nConsume+o Dice+o Equip+o Passive.,アイテムは合計4種類で\nそれぞれ消費+oサイコロ+o装備+oパッシブアイテムが存在します。,.,.,500,.,.,-100,.,.,100,.,.,125,0,empty,1,66,-999,-999
38,2,0,a0000, ,가방 버튼을 눌러 모든 아이템을 보는 것이 가능합니다.,You can view all items by clicking this bag button.,このボタンを押してアイテムを種類別に見ることができます。,.,.,500,.,.,-100,.,.,100,.,.,125,0,empty,1,65,-999,-999
38,3,0,a0000, ,종류별로 왼쪽부터 가방에 채워지며+o\n한 번 들어간 아이템의 위치는 바꿀 수 없으니 조심하세요!,Items are filled into your bag from left to right+o according to type.\nBe careful+o as once an item is in your bag+o you cannot change its position!,アイテムは種類別に左から配置されます。\n一度入ったアイテムの位置は変えられないので気をつけて！,.,.,500,.,.,-100,.,.,100,.,.,125,0,empty,1,64,-999,-999
38,4,0,a0000, ,아이템을 클릭한 후+o <Delete Button>을 클릭해\n아이템을 버릴 수도 있으니 참고하세요!,Note that you can also discard an item by clicking on it and then clicking the <Delete Box>.,アイテムをクリックした後、+o <Delete Button>をクリックして\nアイテムを捨てることもできますので参考にしてください！,.,.,500,.,.,-100,.,.,100,.,.,125,0,empty,1,67,-999,-999
39,0,0,a0000, ,전투가 시작되면+o 모든 캐릭터의 주사위가 굴려지고\n아군의 스킬들이 하단부에 표시됩니다.,When battle begins+o all characters' dice are rolled+o\nand the skills of your allies are displayed at the bottom.,戦闘が始まると+o すべてのキャラクターのサイコロが転がり、\n味方のスキルが下端部に表示されます。,.,.,500,.,.,-100,.,.,100,.,.,125,0,empty,1,68,-999,-999
39,1,0,a0000, ,아군의 정보는 모험 때와 마찬가지로+o 캐릭터를 클릭해 확인 가능합니다.,You can check your allies' information by clicking on the character+o\njust like during your adventure.,味方の情報は冒険の時と同様に+oキャラクターをクリックして確認可能です。,.,.,500,.,.,-100,.,.,100,.,.,125,0,empty,1,87,-999,-999
39,2,0,a0000, ,적군의 정보 또한 적 캐릭터를 클릭해 확인 가능합니다.,You can also check your enemies' information by clicking on characters.,敵軍の情報 また敵キャラクターをクリックして確認可能です。,.,.,500,.,.,-100,.,.,100,.,.,125,0,empty,1,86,-999,-999
39,4,0,a0000, ,그럼 전투를 진행해볼까요?\n스킬 사용을 위해+o 아무 스킬이나 클릭해보세요!,Now+o shall we begin the battle?\nTo use a skill+o click on any skill!,それでは戦闘を進めてみましょうか？\nスキル使用のために+oスキルをクリックしてみてください！,.,.,500,.,.,-100,.,.,100,.,.,125,0,empty,1,69,-999,-999
40,0,0,a0000, ,스킬은 주사위에 배치해서 사용할 수 있습니다.,You can use skills by placing them on the dice.,スキルはサイコロに配置して使用できます。,.,.,500,.,.,-100,.,.,100,.,.,125,0,empty,1,70,-999,-999
40,1,0,a0000, ,같은 팀이기만 한다면+o 어떤 주사위를 사용해도 상관은 없습니다!,As long as you're on the same team+o\nit doesn't matter which +o dice you use!,同じチームであるなら+oどんなサイコロを使っても構いません！,.,.,500,.,.,-100,.,.,100,.,.,125,0,empty,1,70,-999,-999
40,2,0,a0000, ,단 스킬마다 배치할 수 있는 주사위는 다릅니다.\n적힌 조건과 순서에 맞게 배치해주세요!,However+o the dice that can be placed vary depending on the skill.\nPlease place them according to the conditions and order listed!,ただしスキルごとに配置できるサイコロは異なります。\n書かれた条件と順番に合わせて配置してください！,.,.,500,.,.,-100,.,.,100,.,.,125,0,empty,1,71,-999,-999
40,3,0,a0000, ,스킬이 이미 배치된 주사위를 클릭하면\n해당 스킬은 해제되니+o 마음껏 수정해주세요.,If you click on dice with a skill already placed+o\nthat skill will be removed+o so feel free to edit it.,スキルが既に配置されたサイコロをクリックすると\n該当スキルは解除されるので+o思いっきり修正してください。,.,.,500,.,.,-100,.,.,100,.,.,125,0,empty,1,70,-999,-999
41,0,0,a0000, ,배치된 스킬은 주사위에 다음과 같은 형태로 표시됩니다.,The placed skills are displayed on the dice as follows,配置されたスキルはサイコロに次のような形で表示されます。,.,.,500,.,.,-100,.,.,100,.,.,125,0,empty,1,72,-999,-999
41,1,0,a0000, ,외곽선 색과 숫자는 해당 주사위가 몇번째 캐릭터의 몇번째 스킬을 사용하는 지를 나타냅니다.,The outline color and number indicate\nwhich skill of which character is used by that die.,アウトラインの色と数字は、\nそのサイコロが何番目のキャラクターの何番目のスキルを使用しているかを示します。,.,.,500,.,.,-100,.,.,100,.,.,125,0,empty,1,73,-999,-999
41,2,0,a0000, ,주사위를 확인하거나+o 적을 클릭해 정보를 확인하여\n적의 행동을 미리 파악하는 것이 승리의 지름길이 될겁니다!,Check the dice or click on enemy to check their information!\nAnticipating enemy's actions will be shortcut to victory!,サイコロを確認するか、敵をクリックして情報を確認してください！\n敵の行動を事前に把握することが勝利の近道になります！,.,.,500,.,.,-100,.,.,100,.,.,125,0,empty,0,0,-999,-999
41,3,0,a0000, ,전투 준비가 완료되었다면+o 우측 하단의 「전투 시작 버튼」을 눌러 전투를 시작해주세요!,If you're ready for battle+o\npress the <Start Battle> button in the bottom right corner to begin!,戦闘準備が完了したら+o右下の「戦闘開始ボタン」を押して戦闘を開始してください！,.,.,500,.,.,-100,.,.,100,.,.,125,0,empty,1,74,-999,-999
42,0,0,a0000, ,스킬은 왼쪽부터 자동으로 사용됩니다.\n무조건 선공을 가져갈 수 있죠!,Skills are automatically used+o starting from the left.\nYou'll always get the first strike!,スキルは左から自動的に使用されます。\n無条件に先攻を取ることができます！,.,.,500,.,.,-100,.,.,100,.,.,125,0,empty,1,75,-999,-999
42,1,0,a0000, ,스킬들은 캐릭터의 능력치에 영향을 받습니다.\n계산된 데미지가 상단에 적히니 참고해서 공격해주세요!,Skills are affected by your character's stats.\nThe calculated damage is displayed at the top!,スキルはキャラクターの能力値の影響を受けます。\n計算されたダメージが上部に書かれるので、参考にして攻撃してください！,.,.,500,.,.,-100,.,.,100,.,.,125,0,empty,1,99,-999,-999
42,2,0,a0000, ,적을 쓰러트리면 무려+o 쓰러진 적의 스킬과\n그 적의 주사위가 사용된 스킬 모두 무효화 됩니다!,When you defeat an enemy+o\nboth their skills and any skills used on their dice will be nullified!,敵を倒すと、なんと倒れた敵のスキルとその敵のサイコロが\n使用されたスキルともに無効化されます！,.,.,500,.,.,-100,.,.,100,.,.,125,0,empty,1,77,-999,-999
42,3,0,a0000, ,공격에는 패시브 아이템이 도움을 줍니다!,Passive items will help you attack!,攻撃にはパッシブアイテムがお手伝いします！,.,.,500,.,.,-100,.,.,100,.,.,125,0,empty,1,76,-999,-999
42,4,0,a0000, ,상단의 패시브 아이템들이 왼쪽부터 적용되며+o\n계산된 데미지는 중앙에서 확인할 수 있습니다.,The passive items at the top are applied from the left+o\nand the calculated damage can be seen in the center.,上部のパッシブアイテムが左から適用され+o\n計算されたダメージは中央で確認できます。,.,.,500,.,.,-100,.,.,100,.,.,125,0,empty,1,76,-999,-999
42,7,0,a0000, ,추가로+o 어떤 패시브 아이템들은\n대상 선택 후 발동하기도 하니+o 주의해주세요!,Additionally+o some passive items\nwill activate after target selection+o so be careful!,追加+o どのパッシブアイテムは\n対象選択後発動することもあるので+o ご注意ください！,.,.,500,.,.,-100,.,.,100,.,.,125,0,empty,0,76,-999,-999
43,0,0,a0000, ,주사위 아이템 「Fair Dice」을 획득했습니다.,You have acquired the dice item 「Fair Dice」.,サイコロアイテム「Fair Dice」を獲得しました。,.,.,500,.,.,-100,.,.,100,.,.,125,0,empty,1,78,-999,-999
43,1,0,a0000, ,「Fair Dice」 아이템을 사용해 주사위를 변경해봅시다!,Let's change the dice using the <Fair Dice> item!,「Fair Dice」アイテムを使ってサイコロを変更しましょう！,.,.,500,.,.,-100,.,.,100,.,.,125,0,empty,1,78,-999,-999
44,0,0,a0000, ,주사위 아이템은 캐릭터를 고른 다음+o\n주사위 면을 선택해 사용할 수 있습니다.,You can use the dice item by selecting a character and then pressing +o\nSelect a dice face.,サイコロアイテムはキャラクターを選んで+o\nサイコロ面を選択して使用できます。,.,.,500,.,.,-100,.,.,100,.,.,125,0,empty,1,79,-999,-999
44,1,0,a0000, ,변경된 주사위는 다음 주사위를 굴릴 때 부터 결과에 반영됩니다.,The changed dice will be reflected in the results the next time you roll.,変更されたサイコロは、\n次にサイコロを転がしてから結果に反映されます。,.,.,500,.,.,-100,.,.,100,.,.,125,0,empty,1,79,-999,-999
45,0,0,a0000, ,마녀의 마법을 이용하면+o 이미 결정된 주사위도 다시 굴릴 수 있습니다.,You can even reroll already-determined dice using the witch's magic.,魔女の魔法を利用すれば+o 既に決定されたサイコロもまた転がすことができます。,.,.,500,.,.,-100,.,.,100,.,.,125,0,empty,1,80,-999,-999
45,1,0,a0000, ,마녀 모자 버튼을 눌러 마법을 사용해보세요!,Press the witch hat button to cast the spell!,魔女の帽子ボタンを押して魔法を試してみてください！,.,.,500,.,.,-100,.,.,100,.,.,125,0,empty,1,80,-999,-999
46,0,0,a0000, ,이 화면에서 아군이나 적군의 주사위를 클릭해+o\n결정된 주사위의 값을 변경할 수있습니다.,On this screen+o you can click on an ally or enemy dice to change the value of the dice.,この画面で味方や敵軍のサイコロをクリックして+o\n決定したサイコロの値を変更できます。,.,.,500,.,.,-100,.,.,100,.,.,125,0,empty,0,0,-999,-999
46,1,0,a0000, ,아군의 주사위가 변경되면 그 주사위에 배치된 스킬은 해제되며+o\n적군의 주사위가 변경되면 적군의 스킬이 재배치됩니다.,If an ally's dice is changed+o the skill assigned to that dice will be removed.\nIf an enemy's dice is changed+o the enemy's skill will be reassigned.,味方のサイコロが変更されるとそのサイコロに配置されたスキルは解除され、+o\n敵軍のサイコロが変更されると敵軍のスキルが再配置されます。,.,.,500,.,.,-100,.,.,100,.,.,125,0,empty,1,81,-999,-999
46,2,0,a0000, ,주사위를 변경할때마다 소모되는 운명 조각은\n스테이지를 나아가거나+o 적을 처치해 1개씩 얻을 수 있습니다.,The Destiny Fragments consumed each time you change the dice\ncan be obtained by advancing through stages or defeating enemies.,サイコロを変更するたびに消費される運命のカケラは、\nステージを進んだり+o敵を倒して得ることができます。,.,.,500,.,.,-100,.,.,100,.,.,125,0,empty,1,82,-999,-999
46,3,0,a0000, ,지금은 주사위를 다시 굴리는 능력 뿐이지만+o\n챕터를 클리어할때마다 쓸수있는 능력이 늘어납니다.,Currently+o the only ability is to reroll the dice+o but as you clear chapters+o\nnumber of available abilities will increase.,今はサイコロを転がす能力だけですが+o\nチャプターをクリアするたびに使える能力が増えます。,.,.,500,.,.,-100,.,.,100,.,.,125,0,empty,1,83,-999,-999
46,4,0,a0000, ,운명 마법으로 전투를 유리하게 이끌어보세요!,Turn battles to your advantage with Destiny Magic!,運命魔法で戦闘を有利に導きましょう！,.,.,500,.,.,-100,.,.,100,.,.,125,0,empty,0,0,-999,-999
47,0,0,a0000, ,운명 마법은 전투가 아닐때도 사용할 수 있습니다.,Destiny Magic can be used outside of combat.,運命魔法は戦闘ではない時も使えます。,.,.,500,.,.,-100,.,.,100,.,.,125,0,empty,1,84,-999,-999
47,1,0,a0000, ,비록 주사위를 다시 굴리는 것만 가능하지만+o 모험에 큰 도움이 되어줄 것입니다.,Although it only rerolls dice+o it will greatly aid you on your adventures.,再び転がすことだけが可能ですが+oアドベンチャーに大きな助けになります。,.,.,500,.,.,-100,.,.,100,.,.,125,0,empty,1,84,-999,-999
47,2,0,a0000, ,모험 중 주사위를 사용하는 모든 경우에 사용할 수 있으니+o\n원하는 방향으로 운명을 이끌어 주세요!,It can be used in any dice-rolling situation during your adventure+o\nso guide Destiny in your desired direction!,冒険中にサイコロを使うすべての場合に使えるので+o\n希望の方向に運命を導いてください！,.,.,500,.,.,-100,.,.,100,.,.,125,0,empty,0,0,-999,-999
48,0,0,a0000, ,전투를 마칠 때마다 보상을 선택해 얻어갈 수 있습니다.,Each time you complete a battle+o you can choose a reward to receive.,戦闘を終えるたびに報酬を選択して得られます。,.,.,500,.,.,-100,.,.,100,.,.,125,0,empty,0,0,-999,-999
48,1,0,a0000, ,가방이 가득찼다면 아이템을 버리거나+o\n빈공간을 눌러 획득하지 않는 방법도 있습니다.,If your bag is full+o you can discard items\nor choose not to receive them by clicking on the empty space.,バッグがいっぱいになったらアイテムを捨てたり+o\n空きスペースを押して獲得しない方法もあります。,.,.,500,.,.,-100,.,.,100,.,.,125,0,empty,1,67,-999,-999
49,0,0,a0000, ,주사위는 나아갈 때 뿐 아니라+o 행동을 결정할 때에도 사용합니다.,Dice are used not only to advance+o but also to determine actions.,サイコロは進むときだけでなく、+o行動を決定するためにも使用されます。,.,.,500,.,.,-100,.,.,100,.,.,125,0,empty,1,58,-999,-999
49,1,0,a0000, ,주사위 이벤트에서는+o 주사위를 선택하면\n해당 주사위의 주인이 행동을 하게 됩니다.,In a dice event+o selecting the +o die will cause the owner of that die to take an action.,サイコロイベントでは+oサイコロを選択すると\n該当サイコロのオーナーが行動するようになります。,.,.,500,.,.,-100,.,.,100,.,.,125,0,empty,1,88,-999,-999
49,2,0,a0000, ,어떤 행동을 할지는 주사위 숫자에 따라 달라지니\n행동을 확인하여 신중히 결정해주세요!,The action you take depends on the number on the die+o so check the action and decide carefully!,どのような行動をするかはサイコロの数字によって変わるので、\n行動を確認して慎重に決めてください！,.,.,500,.,.,-100,.,.,100,.,.,125,0,empty,1,89,-999,-999
50,0,0,a0000, ,모험을 완료하고 남은 금화는 유지됩니다!,After completing an adventure+o you'll keep any remaining gold!,冒険を完了し、残りの金貨は維持されます！,.,.,-125,.,.,-100,.,.,100,.,.,125,0,empty,1,93,-999,-999
50,1,0,a0000, ,남은 금화는 다음 모험에서 사용하거나+o\n추후에 다른 용도로 쓸 수 있습니다.,You can use any remaining gold in your next adventure\nor use it for other purposes later.,残りの金貨は、次の冒険で使用したり、+o\n後で他の目的に使用することができます。,.,.,-125,.,.,-100,.,.,100,.,.,125,0,empty,1,93,-999,-999
50,1,0,a0000, ,다만 전투 중 패배나 항복으로 인해 모험이 종료되면+o 금화는 절반으로 줄어드니 조심하세요!,However+o if the adventure ends due to defeat or surrender during battle+o\nyour gold will be halved+o so be careful!,ただ、戦闘中に敗北や降伏によって冒険が終了したら+o金貨は半分に減るので気をつけてください！,.,.,-125,.,.,-100,.,.,100,.,.,125,0,empty,1,93,-999,-999
50,2,0,a0000, ,추가로+o 운명 조각은 금화와 다르게\n모험이 종료되면 사라지니 잘 분배해서 사용해주세요!,Additionally+o unlike gold+o your Destiny Fragments will disappear when the adventure ends+o\nso be sure to distribute them wisely!,さらに+o運命のカケラは金貨と違って\n冒険が終了すると消えてしまいますので、よく分配してお使いください！,.,.,-125,.,.,-100,.,.,100,.,.,125,0,empty,1,82,-999,-999
51,0,0,a0000, ,집에서는 Ail의 기억을 되돌아볼수 있습니다.,At home+o you can look back on Ail's memories.,家ではエイルの記憶を振り返ることができます。,.,.,500,.,.,-100,.,.,100,.,.,125,0,empty,0,0,-999,-999
51,1,0,a0000, ,모은 운명 조각을 클릭하여+o\nAil의 기억을 확인할 수 있습니다.,Click on the collected Destiny Fragments to view Ail's memories.,集めた<運命のカケラ>をクリックして+o\nエイルの記憶を確認できます。,.,.,500,.,.,-100,.,.,100,.,.,125,0,empty,1,100,-999,-999
51,2,0,a0000, ,Ail의 운명 조각은 보스를 해치우면 획득할 수 있습니다.,Ail's Destiny Fragments can be obtained by defeating bosses.,エイルの<運命のカケラ>はボスを 倒すと獲得できます。,.,.,500,.,.,-100,.,.,100,.,.,125,0,empty,1,102,-999,-999
51,3,0,a0000, ,3개의 운명 조각을 모으고 확인하면+o 다음 챕터로 넘어갈 수 있으니\n3개를 모으면 꼭 집으로 돌아와주세요!,Collect and confirm 3 Destiny Fragments to advance to the next chapter+o\nso be sure to return home after collecting 3!,3つの<運命カケラ>を集めて確認すれば+o次のチャプターに進むことができるので\n3個を集めればぜひ家に帰ってください！,.,.,500,.,.,-100,.,.,100,.,.,125,0,empty,1,102,-999,-999
51,4,0,a0000, ,챕터마다 획득한 운명 조각을 위 주사위 버튼을 통해 확인할 수 있습니다.,You can check the Destiny Fragments\nyou've collected in each chapter by clicking the dice button above.,チャプターごとに獲得した<運命のカケラ>を上のサイコロボタンで確認できます。,.,.,500,.,.,-100,.,.,100,.,.,125,0,empty,1,101,-999,-999
52,0,1,a0000, , , , ,.,.,500,.,.,-100,.,.,100,.,.,-500,0,empty,1,18,-999,-999
53,0,0,a0000, ,기록 보관소에서는 만났던 이벤트들을 확인할 수 있습니다.,In the Record Archive+o you can review events you've encountered.,記録保管所では、遭遇したイベントを確認できます。,.,.,500,.,.,-100,.,.,100,.,.,125,0,empty,0,0,-999,-999
53,1,0,a0000, ,좌측 버튼으로 스테이지를 선택하면\n해당 스테이지의 이벤트들을 볼 수 있습니다.,Select a stage using the left button\nto view events for that stage.,左側のボタンでステージを選択すると\n該当ステージのイベントを見ることができます。,.,.,500,.,.,-100,.,.,100,.,.,125,0,empty,1,107,-999,-999
53,2,0,a0000, ,화면 밖의 스테이지는 슬라이드 바를 이용해 확인해주세요!,Use the slide bar to check stages outside the screen!,画面外のステージはスライドバーを使って確認してください！,.,.,500,.,.,-100,.,.,100,.,.,125,0,empty,1,108,-999,-999
53,3,0,a0000, ,몇 번째 이벤트를 확인할 건지도 하단의 슬라이드 바를 통해 선택할 수 있습니다.,You can also use the slide bar at the bottom\nto select which Event Index to view.,どのイベントを確認するかも、下部のスライドバーで選択できます。,.,.,500,.,.,-100,.,.,100,.,.,125,0,empty,1,109,-999,-999
53,4,0,a0000, ,만약 마을로 돌아가고 싶다면+o 슬라이드 바를 오른쪽 끝으로 당기거나\n해당 버튼을 눌러 마을 UI를 다시 활성화시키면 됩니다.,If you want to return to the village+o drag the slide bar all the way to the right\nor press this button to reactivate the village UI.,もし村に戻りたい場合は、下部のスライドバーを右端まで引き、\nまたは該当ボタンを押して村UIを再表示させればOKです。,.,.,500,.,.,-100,.,.,100,.,.,125,0,empty,1,110,-999,-999
53,5,0,a0000, ,그럼 어떤 이벤트를 방문했었는 지 확인해볼까요?,So+o shall we see which events you've visited?,それでは、\nどんなイベントを訪れていたか確認してみましょうか？,.,.,500,.,.,-100,.,.,100,.,.,125,0,empty,1,111,-999,-999
54,0,1,a0000,Ail Shell,…,…,…,Yongsa,black_0,-300,.,.,-100,.,.,100,.,.,125,0,black,0,0,-999,11
54,1,1,a0000,Ail Shell,으으…. ,Ugh….,うう…,Yongsa,black_0,-180,.,.,-100,.,.,100,.,.,125,0,black,0,0,-999,-999
54,2,1,a0000,Ail Shell,기절했었던가. ...이 감각은 뭐지?,Was I knocked out? ...What is this feeling?,気を失っていたのか… この感覚はなんだ…？,Yongsa,doubt_0,-150,.,.,-100,.,.,100,.,.,125,0,black,0,0,-999,-999
54,3,1,a1000,Ail Shell,뭔가… 익숙한…,Something… familiar…,どこか…知っているような…,Yongsa,eyeClose_0,-125,.,.,-100,.,.,100,.,.,125,0,black,0,0,-999,-999
54,4,1,a0000,???,일어나세요. 용사여…,Wake up+o Hero…,起きてください…勇者さま…,Yongsa,eyeClose_0,-125,.,.,-100,.,.,100,.,.,125,0,black,0,0,-999,12
54,5,1,a1000,Ail Shell,뭐야! 저번에 그거 잖아?!,What! It's that thing from last time?!,なんだ…！前のあれじゃないか！？,Yongsa,angry_2,-125,.,.,-100,.,.,100,.,.,125,0,black,0,0,-999,24
54,6,1,a0000,???,세계가 당신을 도움을 필요로 합니다…,The world needs your help…,世界があなたの力を必要としています…,Yongsa,angry_2,-125,.,.,-100,.,.,100,.,.,125,0,black,0,0,-999,-999
54,7,1,a1000,Ail Shell,자… 잠깐!,Wa… Wait!,ま…待て！,Yongsa,panic_1,0,.,.,-100,.,.,100,.,.,125,0,black,0,0,-999,11
54,8,1,a1000,Ail Shell,으아아악!!!,Aaaagh!!,うわああああっ！！！,Yongsa,panic_0,500,Witch,black_0,500,.,.,100,.,.,125,0,black,0,0,-999,13
54,9,1,a2000, ,(벌떡),(crea---k!!),（ガバッ！）,Yongsa,panic_0,0,Witch,black_0,300,.,.,100,.,.,300,0,library,1,103,-999,-999
54,10,1,a0300,Grin,일어나셨다!,He's awake!,目を覚ました！,Yongsa,panic_0,0,Witch,smile_2,125,Owl,black_0,500,.,.,300,0,library,0,0,-999,-999
54,11,1,a1000,Ail Shell,역시 이거였냐!,I knew it was this!,やっぱりこれだったんだな！,Yongsa,angry_2,0,Witch,smile_2,125,Owl,black_0,300,.,.,300,0,library,0,0,-999,24
54,12,1,a0010,Flutter,…,…,…,Yongsa,angry_2,-125,Witch,smile_2,50,Owl,idle_1,125,.,.,300,0,library,0,0,20,-999
54,13,1,a1000,Ail Shell,엇… 너는…?,Oh… you are…?,お、お前は…？,Yongsa,idle_0,-125,Witch,smile_2,50,Owl,idle_1,125,.,.,300,0,library,0,0,20,-999
54,14,1,a0010,Flutter,저한테 참새니 뭐니 하시더니...,After calling me a sparrow and all that..,私のことをスズメだのなんだのと呼んでおいて…,Yongsa,idle_0,-125,Witch,smile_2,50,Owl,eyeClose_2,125,.,.,300,0,library,0,0,20,-999
54,15,1,a0010,Flutter,용사란 말에 가슴이 뛰는 분인 줄 몰랐네요.,I didn't realize your heart fluttered so much\nat the word <Hero>.,勇者なんて言葉に胸をときめかせる方だとは。,Yongsa,idle_0,-125,Witch,smile_2,50,Owl,proud_1,125,.,.,300,0,library,0,0,20,-999
54,16,1,a1000,Ail Shell,(화끈),(…!),（カアッ…）,Yongsa,shame_0,-125,Witch,smile_2,50,Owl,proud_1,125,.,.,300,0,library,0,0,20,16
54,17,1,a0100,Grin,선배! 애일 씨는 그런 능력이 되는 사람이거든요?,Senior! Ail is actually capable of those things+o you know?,先輩！エイルさんはそういう力のある人なんです！,Yongsa,shame_0,-125,Witch,angry_0,50,Owl,proud_1,125,.,.,300,0,library,0,0,20,-999
54,18,1,a0010,Flutter,그런 건 아까 싸워봐서 잘 알아.,I know that well since we fought earlier.,それくらい、さっき戦ったからよく分かってるよ。,Yongsa,shame_0,-125,Witch,angry_0,50,Owl,eyeClose_0,125,.,.,300,0,library,0,0,20,-999
54,19,1,a0010,Flutter,아직도 용사님 한테 맞은 부위가 얼얼하거든.,The spot where the Hero hit me is still tingling.,今でも勇者さまに殴られたところがジンジンしてるのだから。,Yongsa,shame_0,-125,Witch,angry_0,50,Owl,eyeClose_2,125,.,.,300,0,library,0,0,20,-999
54,20,1,a3000,Ail Shell,으아아!!! 내가 잘못했어! 제발 그만해!!!,Aaaah!! I am sorry! Please stop!!,うわああっ！！！俺が悪かった！頼むからやめてくれ！！！,Yongsa,shame_1,-125,Witch,angry_0,50,Owl,eyeClose_2,125,.,.,300,0,library,0,0,20,-999
54,21,1,a0010,Flutter,후후. 그러면 장난은 여기까지 할까요?,Foo foo+o Then shall we end the prank here?,ふふっ。それじゃ、からかうのはこの辺でやめにしますか。,Yongsa,shame_1,-125,Witch,angry_0,50,Owl,smile_0,125,.,.,300,0,library,0,0,20,-999
54,22,1,a0010,Flutter,처음 뵙겠습니다.,Nice to meet you.,はじめまして。,Yongsa,shame_1,-125,Witch,angry_0,50,Owl,idle_0,125,.,.,300,0,library,0,0,20,-999
54,23,1,a0010,Flutter,저는 그린의 선배. 플러터라고 해요.,I am Grin's senior+o Flutter.,私はグリンの先輩、フラッターと申します。,Yongsa,shame_1,-125,Witch,angry_0,50,Owl,eyeClose_3,125,.,.,300,0,library,0,0,20,-999
54,25,1,a1000,Ail Shell,어… 음…,Uh… um…,あ… えっと…,Yongsa,panic_2,-125,Witch,angry_0,50,Owl,eyeClose_3,125,.,.,300,0,library,0,0,20,-999
54,26,1,a1000,Ail Shell,반가워. 나는 스캐빈저 기사단 소속 애일이야. ,Nice to meet you. I'm Ail from the Scavenger Knights.,よろしく。俺はスカベンジャー騎士団所属のエイルだ。,Yongsa,say_0,-125,Witch,angry_0,50,Owl,eyeClose_3,125,.,.,300,0,library,0,0,20,-999
54,27,1,a1000,Ail Shell,방금 전 일은… 미안하게 되었어. ,About what happened last time… I'm sorry.,さっきは…すまなかった。,Yongsa,lie_0,-125,Witch,angry_0,50,Owl,eyeClose_3,125,.,.,300,0,library,0,0,20,-999
54,28,1,a0010,Flutter,괜찮아요! 제가 애도 아니고 다 이해하거든요.,It's okay! I'm not a child+o so I understand.,大丈夫ですよ！子どもじゃないですし、ちゃんと理解してます。,Yongsa,lie_0,-125,Witch,angry_0,50,Owl,smile_0,125,.,.,300,0,library,0,0,20,-999
54,29,1,a0020,Flutter,어른이니까요!,Because I'm an adult!,大人ですから！,Yongsa,lie_0,-125,Witch,angry_0,50,Owl,proud_0,125,.,.,300,0,library,0,0,20,28
54,30,1,a1000,Ail Shell,…,…,…,Yongsa,panic_3,-125,Witch,angry_0,50,Owl,proud_0,125,.,.,300,0,library,0,0,20,-999
54,31,1,a1000,Ail Shell,(얘 되게 단순하네...),(This girl is really simple..),（こいつ、ずいぶん単純だな…）,Yongsa,panic_2,-125,Witch,angry_0,50,Owl,proud_0,125,.,.,300,0,library,0,0,20,-999
54,32,1,a1000,Ail Shell,그래서 어떻게 된거야? 나는 분명 그린의 집에서 기절했던 거 같은데.,So what happened?\nI'm pretty sure I passed out at Grin's house.,それで、いったい何があったんだ？確かグリンの家で気を失ったはずだが。,Yongsa,doubt_0,-50,Witch,sad_1,50,Owl,proud_0,125,.,.,300,0,library,0,0,20,-999
54,33,1,a0010,Flutter,아 그거라면…,Oh+o if it's that…,ああ、それは…,Yongsa,doubt_0,-50,Witch,sad_2,25,Owl,idle_1,100,.,.,300,0,library,0,0,20,-999
54,34,1,a0200,Grin,피곤해서 그래요!,It's because you were tired!,疲労です！,Yongsa,panic_2,-125,Witch,panic_0,0,Owl,panic_0,125,.,.,300,0,library,0,0,20,-999
54,35,1,a0100,Grin,어린 몸으로 그 고생을 했으니 기절할 만 했죠. 암암.,You went through so much in such a small body+o\nit was only natural you'd faint. Mm-hmm.,子どもの体であんに戦っていたんだから、気を失うのも当然ですよ。ほんとほんと。,Yongsa,panic_2,-125,Witch,lie_0,0,Owl,panic_0,125,.,.,300,0,library,0,0,20,-999
54,36,1,a1000,Ail Shell,?,?,？,Yongsa,idle_0,-125,Witch,lie_0,0,Owl,panic_0,125,.,.,300,0,library,0,0,20,-999
54,37,1,a1000,Ail Shell,그럼 방금 그건 회복 마법 같은 건가?,Then was that just now some kind of recovery magic?,ということは、さっきのは回復魔法みたいなものか？,Yongsa,panic_2,-125,Witch,lie_0,0,Owl,panic_0,125,.,.,300,0,library,0,0,20,-999
54,38,1,a1000,Ail Shell,의식을 자극해서 상처를 치유하는 종류의 마법?,The kind of magic that stimulates consciousness to heal wounds?,意識を刺激して傷を癒す類の魔法？,Yongsa,doubt_0,-125,Witch,lie_0,0,Owl,panic_0,125,.,.,300,0,library,0,0,20,-999
54,39,1,a0100,Grin,네… 네! 맞아요!,Yes… yes! That's right!,あ…はい！その通りです！,Yongsa,doubt_0,-125,Witch,smile_1,0,Owl,panic_0,125,.,.,300,0,library,0,0,20,-999
54,40,1,a0100,Grin,제가 회복 마법을 쓸줄 알거든요. 그걸로 지금까지 회복한거에요.,I know how to use recovery magic. That's how you're recovered until now.,私、回復魔法が使えるんです。それで今まで治してきたんですよ。,Yongsa,doubt_0,-125,Witch,smile_0,0,Owl,panic_0,125,.,.,300,0,library,0,0,20,-999
54,41,1,a0100,Grin,역시 애일씨! 예리하시네요!,As expected of Ail! You're so sharp!,さすがエイルさん！鋭いですね！,Yongsa,doubt_0,-125,Witch,shine_0,0,Owl,panic_0,125,.,.,300,0,library,0,0,20,31
54,42,1,a1000,Ail Shell,뭐 기사 생활을 하면서 많이 봤으니까 말이야!,Well+o I've seen a lot of it during my life as a knight!,騎士をやっていると、そんなのは日常茶飯事さ！,Yongsa,smile_1,-125,Witch,shine_0,0,Owl,panic_0,125,.,.,300,0,library,0,0,20,28
54,43,1,a0010,Flutter,…,…,…,Yongsa,smile_1,-125,Witch,shine_0,0,Owl,idle_1,125,.,.,300,0,library,0,0,20,-999
54,44,1,a0010,Flutter,(이 사람 되게 단순하네...),(This boy is really simple..),（この人、だいぶ単純かも…）,Yongsa,smile_1,-125,Witch,shine_0,0,Owl,question_2,125,.,.,300,0,library,0,0,20,-999
54,45,1,a0010,Flutter,그럼 인사는 다 한 것 같으니…,Well+o I think the introductions are done…,それじゃ、挨拶は済んだようですし…,Yongsa,smile_1,-125,Witch,shine_0,0,Owl,eyeClose_1,100,.,.,300,0,library,0,0,20,-999
54,46,1,a0010,Flutter,본론을 얘기해볼까요?,Shall we get to the main point?,本題に入りましょう！,Yongsa,smile_1,-125,Witch,shine_0,-50,Owl,proud_1,50,.,.,300,0,library,0,0,20,-999
54,47,1,a1000,Ail Shell,?,?,？,Yongsa,panic_2,-125,Witch,shine_0,-50,Owl,proud_1,50,.,.,300,0,library,0,0,20,30
54,48,1,a0100,Grin,본론이요?,The main point?,本題って？,Yongsa,panic_2,-125,Witch,say_0,-50,Owl,proud_1,50,.,.,300,0,library,0,0,20,-999
54,49,1,a0020,Flutter,이 곳에서 탈출하기 위한 계획이지!,The plan to escape this dungeon!,ここから脱出するための計画！,Yongsa,panic_2,-125,Witch,say_0,-50,Owl,proud_0,50,.,.,300,0,library,0,0,20,-999
54,50,1,a2200,Ail Shell & Grin,!,!,！,Yongsa,panic_3,-125,Witch,panic_0,-50,Owl,proud_0,50,.,.,300,0,library,0,0,20,-999
54,51,1,a1000,Ail Shell,그거라면 해결 방법이 있어. 예전에 이런 던전을 공략해봤거든.,I have a solution for that. I've conquered a dungeon like this before.,それなら解決法がある。昔こういうダンジョンを攻略したことがあってな。,Yongsa,say_0,-125,Witch,panic_0,-50,Owl,proud_0,50,.,.,300,0,library,0,0,20,-999
54,52,1,a1000,Ail Shell,마법을 쓴 자나 제물을 없애면 던전은 자연스럽게 사라질 거야.,If we eliminate the one who cast the spell\nor the sacrifice+o the dungeon will naturally disappear.,魔法を使った者か供物を倒せば、ダンジョンは自然に消えるはずだ。,Yongsa,eyeClose_1,-125,Witch,panic_0,-50,Owl,proud_0,50,.,.,300,0,library,0,0,20,-999
54,53,1,a0010,Flutter,운명 마법으로 된 던전을 해제하는 아주 기초적인 방법이네요.,That's a very basic method for dismantling a dungeon made of destiny magic.,運命魔法で作られたダンジョンを解除する、とても基本的な方法ですね。,Yongsa,eyeClose_1,-125,Witch,panic_0,-50,Owl,idle_0,50,.,.,300,0,library,0,0,20,-999
54,54,1,a0010,Flutter,하지만 그건 너무 오래 걸리잖아요. 사람도 많이 필요하고!,But that takes too long. And it requires too many people!,でも、それだと時間がかかりすぎるのでは？人手もたくさん必要ですし！,Yongsa,eyeClose_1,-125,Witch,panic_0,-50,Owl,idle_1,50,.,.,300,0,library,0,0,20,-999
54,55,1,a1000,Ail Shell,…그건 그렇지?,…That's true.,…まあ、確かに。,Yongsa,panic_3,-125,Witch,panic_0,-50,Owl,idle_1,50,.,.,300,0,library,0,0,20,-999
54,56,1,a0010,Flutter,그러니 우린 스마트하게 갑니다.,So+o we're going to do this smartly.,だから私たちは、スマートにいくのです。,Yongsa,panic_3,-125,Witch,panic_0,-50,Owl,eyeClose_0,50,.,.,300,0,library,0,0,20,-999
54,57,1,a0010,Flutter,바로… 벽에 구멍을 내는거에요!,Namely… we're going to poke a hole in the wall!,それはつまり…壁に穴を開けること！,Yongsa,panic_3,-125,Witch,panic_0,-50,Owl,angry_0,50,.,.,300,0,focus,0,0,20,-999
54,58,1,a1000,Ail Shell,그게 된다고?!,That's actually possible?!,そんなことができるのか！？,Yongsa,panic_0,-50,Witch,panic_0,50,Owl,angry_0,125,.,.,300,0,library,0,0,20,-999
54,59,1,a0010,Flutter,마법으로 만들어진 던전은 불완전한 '포인트'가 존재해요.,Dungeons created by magic have imperfect 'points'.,魔法で作られたダンジョンには、不完全な「ポイント」が必ず存在するのもの。,Yongsa,panic_0,-100,Witch,panic_0,0,Owl,eyeClose_3,100,.,.,300,0,library,0,0,20,-999
54,60,1,a0010,Flutter,던전 자체를 없애는 건 무리여도 그걸 잘 자극하면...,While destroying the dungeon itself might be impossible+o\nbut if we stimulate those points correctly..,ダンジョン自体を消すのは無理でも、それをうまく刺激すれば…,Yongsa,panic_0,-125,Witch,panic_0,-30,Owl,eyeClose_1,50,.,.,300,0,library,0,0,20,-999
54,61,1,a0020,Flutter,마을을 감싸고 있는 구름 벽에 작은 구멍 정도는 낼 수 있을 거에요!,We should be able to make a small hole in the wall surrounding the village!,村を囲んでいる雲の壁に、小さな穴くらいなら開けられるはずです！,Yongsa,panic_0,-125,Witch,panic_0,-50,Owl,proud_1,50,.,.,300,0,focus,0,0,20,-999
54,62,1,a1000,Ail Shell,마법 굉장해! 너 보기와 다르게 되게 유능하구나?,Magic is amazing! You're surprisingly competent+o unlike how you look!,魔法はすごいな！お前、見た目によらずずいぶん優秀じゃないか？,Yongsa,shine_0,-125,Witch,panic_0,-50,Owl,proud_1,50,.,.,300,0,focus,0,0,20,-999
54,63,1,a0010,Flutter,(우쭐),(Smug),（ドヤァ）,Yongsa,shine_0,-125,Witch,panic_0,-50,Owl,proud_0,50,.,.,300,0,focus,0,0,20,28
54,64,1,a0010,Flutter,잠깐... 보기와 다르게요?,Wait.. unlike how you look?,ちょっと…見た目によらずってどういう意味ですか？,Yongsa,shine_0,-125,Witch,panic_0,-50,Owl,angry_1,25,.,.,300,0,library,0,0,20,24
54,66,1,a0200,Grin,기다려보세요 애일씨! 기억은 어떻게 하고요? ,Wait a minute+o Ail!\nWhat about the memories?,待ってくださいエイルさん！記憶はどうするんですか？,Yongsa,shine_0,-125,Witch,panic_0,0,Owl,angry_1,125,.,.,300,0,library,0,0,20,-999
54,67,1,a1000,Ail Shell,전에 말했지만 언제나 사람들의 안전이 먼저야.,Like I said before+o people's safety always comes first.,前にも言ったが、いつだって人の安全が最優先だ。,Yongsa,eyeClose_1,-125,Witch,panic_0,0,Owl,angry_1,125,.,.,300,0,library,0,0,20,-999
54,68,1,a1000,Ail Shell,첫째도 안전! 둘째도…!,Safety first! And...,一にも安全、二にも…,Yongsa,shine_0,-50,Witch,panic_0,0,Owl,angry_1,125,.,.,300,0,library,0,0,20,-999
54,69,1,a0300,Grin,으아악! 알겠어요! 그 말좀 그만해요!,Aaaagh! I get it! Stop saying that!,もうっ！分かりましたから！もうそのセリフやめてください！,Yongsa,shine_0,-125,Witch,angry_1,-75,Owl,angry_1,125,.,.,300,0,library,0,0,20,24
54,70,1,a1000,Ail Shell,…,…,…,Yongsa,lie_0,-125,Witch,angry_1,-75,Owl,angry_1,125,.,.,300,0,library,0,0,20,-999
54,71,1,a0010,Flutter,그럼 결정난 것 같네.,Then it seems decided.,じゃあ、決まりかな。,Yongsa,lie_0,-125,Witch,angry_1,-75,Owl,smile_0,125,.,.,300,0,library,0,0,20,-999
54,72,1,a0010,Flutter,그린. 책임지고 그 포인트를 찾도록 해.,Grin. Take responsibility and find that point.,グリン、責任を持ってポイントを探してね。,Yongsa,lie_0,-125,Witch,panic_0,-75,Owl,idle_1,50,.,.,300,0,library,0,0,20,-999
54,73,1,a0010,Flutter,지금으로선 너밖에 할 수 없는 일이니까.,Because right now+o you're the only one who can do it.,今のところ、それができるのはあなたしかいないから。,Yongsa,lie_0,-125,Witch,panic_0,-75,Owl,angry_0,25,.,.,300,0,library,0,0,20,-999
54,74,1,a0100,Grin,네…,Yes…,はい…,Yongsa,lie_0,-125,Witch,sad_0,-50,Owl,angry_0,25,.,.,300,0,library,0,0,20,46
55,0,1,a0100,Grin,자... 그럼 시작해볼까요?,Well.. shall we begin?,それじゃあ…始めましょうか？,Yongsa,idle_0,-75,Witch,sad_0,75,.,.,300,.,.,300,0,home,0,0,1,-999
55,1,1,a1000,Ail Shell,…너 기운이 왜이리 없냐?,…Why are you so lifeless?,…なんだ、お前ずいぶん元気がないな？,Yongsa,doubt_0,-75,Witch,sad_0,75,.,.,300,.,.,300,0,home,0,0,1,-999
55,2,1,a1000,Ail Shell,좀있으면 던전에서 나가서 밝은 하늘을 볼 수 있다고?,In a little while+o we'll be out of the dungeon\nand seeing the bright sky+o okay?,もうすぐダンジョンを出て、明るい空が見られるっていうのに？,Yongsa,smile_0,-75,Witch,sad_0,75,.,.,300,.,.,300,0,home,0,0,1,-999
55,3,1,a0100,Grin,…,…,…,Yongsa,smile_0,-75,Witch,lie_0,75,.,.,300,.,.,300,0,home,0,0,1,-999
55,4,1,a0100,Grin,그래요. 이것도 운명이겠죠… 일단 시작해볼까요?,I guess. This must be destiny too…\nShall we just start?,そうですね。これも運命でしょう… とにかく始めましょうか。,Yongsa,smile_0,-75,Witch,eyeClose_1,75,.,.,300,.,.,300,0,home,0,0,1,-999
55,5,1,a1000,Ail Shell,응? 그래…?,Huh? Really…?,ん？ああ、そうだな…,Yongsa,panic_2,-75,Witch,eyeClose_1,75,.,.,300,.,.,300,0,home,0,0,1,30
56,0,1,a0000, , , , ,.,.,-75,.,.,75,.,.,300,.,.,300,1,home,0,0,-999,11
56,1,1,a1000,Ail Shell,자… Grin…,Now… Grin…,ほら…グリン…,Yongsa,panic_3,-75,witchYoung,black_0,75,.,.,300,.,.,300,0,home,0,0,-999,-999
56,2,1,a0100,Grin,…,…,…,Yongsa,panic_3,-75,witchYoung,angry_0,75,.,.,300,.,.,300,0,home,0,0,-999,-999
56,3,1,a1000,Ail Shell,딸기 케이크야.,It's strawberry cake.,イチゴケーキだ。,Yongsa,smile_0,-50,witchYoung,angry_0,75,.,.,300,.,.,300,0,home,2,113,-999,-999
56,4,1,a1000,Ail Shell,네가 좋아한다고 해서 일주일 분 식비를 턴거야.,I heard you liked it+o\nso I spent a whole week's worth of food money on this.,お前が好きだって言うから、一週間分の食費をはたいたんだぞ。,Yongsa,sad_0,-50,witchYoung,angry_0,75,.,.,300,.,.,300,0,home,2,113,-999,-999
56,5,1,a1000,Ail Shell,그러니 이거 먹고 나랑 같이…,So eat this and come with me…,だからこれを食べて、俺と一緒に…,Yongsa,smile_1,0,witchYoung,angry_0,75,.,.,300,.,.,300,0,home,0,0,-999,21
56,6,1,a0100,Grin,싫어!!!,I hate this!!,いやだ！！！,Yongsa,smile_1,0,witchYoung,panic_0,25,.,.,300,.,.,300,0,home,1,112,-999,41
56,7,1,a2000,Ail Shell,히익!,Hieek!,ひっ！,Yongsa,panic_0,-75,witchYoung,panic_0,25,.,.,300,.,.,300,0,home,2,112,-999,-999
56,8,1,a1000,Ail Shell,…,…,…,Yongsa,panic_0,0,witchYoung,panic_0,500,.,.,300,.,.,300,0,black,0,0,-999,-999
56,9,1,a1000,Ail Shell,(던전에서의 일이 있고 나서 어언 하루...),(It's been about a day since the events in the dungeon..),（ダンジョンでの出来事から、早くも一日…）,Yongsa,eyeClose_0,0,.,.,0,.,.,300,.,.,300,0,black,0,0,-999,-999
56,10,1,a1000,Ail Shell,(이런 저런 사정으로 이 녀석을 내가 맡게 되었다.),(Due to various circumstances+o I ended up taking care of this kid.),（いろいろあって、この子を俺が預かることになった。）,Yongsa,eyeClose_1,0,.,.,0,.,.,300,.,.,300,0,black,0,0,-999,-999
56,11,1,a1000,Ail Shell,(거기 있었으면 이런저런 문제가 생길 게 뻔했기에),(Since it was obvious that various problems\nwould arise if they stayed there),（あそこにいたら、問題が起こるのは目に見えていたからだ。）,Yongsa,idle_0,0,.,.,0,.,.,300,.,.,300,0,black,0,0,-999,-999
56,12,1,a1000,Ail Shell,(우선 이녀석을 업고 곧장 집으로 달려오긴 했는데...),(I carried the kid on my back and ran straight home+o but..),（とにかくこの子を背負って、真っすぐ家に走って帰ったんだが…）,Yongsa,lie_0,0,.,.,0,.,.,300,.,.,300,0,black,0,0,-999,-999
56,13,1,a0200,Grin,다가오지 마! 딸기 싫어!,Don't come near me! I hate strawberries!,こっち来ないで！イチゴきらい！,Yongsa,panic_0,-75,witchYoung,panic_0,0,.,.,300,.,.,300,0,home,0,0,21,45
56,14,1,a1000,Ail Shell,(딸기 좋아한다면서요! Grin네 어머니!!),(You said she liked strawberries! Grin's mommy!!),（イチゴが好きだって言ってたじゃないですか！グリンのお母さん！！）,Yongsa,sad_0,-75,witchYoung,panic_0,0,.,.,300,.,.,300,0,home,0,0,21,-999
56,15,1,a1000,Ail Shell,난 위험한 사람 아니라니까! 경계 좀 그만해!,I told you I'm not a dangerous person! Stop being so guarded!,俺は危ない人間じゃないって！そんなに警戒するなって！,Yongsa,angry_0,-50,witchYoung,panic_0,50,.,.,300,.,.,300,0,home,0,0,21,-999
56,16,1,a2000,Ail Shell,왕국 경비병도 이 정도로 경계하진 않겠다!,Even the royal guards wouldn't be this guarded!,王国の警備兵もここまで警戒しないぞ！,Yongsa,angry_2,-50,witchYoung,panic_0,50,.,.,300,.,.,300,0,home,0,0,21,-999
56,17,1,a0100,Grin,...죽였어.,...You killed.,…殺した。,Yongsa,angry_2,-50,witchYoung,panic_2,50,.,.,300,.,.,300,0,home,0,0,21,-999
56,18,1,a0200,Grin,네가 우리 엄마 죽였어!!,You killed my mommy!!,あんたがママを殺したんだ！！,Yongsa,panic_3,-75,witchYoung,panic_0,0,.,.,300,.,.,300,0,home,0,0,21,47
56,19,1,a1000,Ail Shell,죽인 게 아니라 정화를…,I didn't kill her+o I purified—,殺したんじゃない、浄化を…,Yongsa,doubt_0,-50,witchYoung,panic_0,50,.,.,300,.,.,300,0,home,0,0,21,-999
56,20,1,a1000,Ail Shell,!,!,!,Yongsa,panic_0,-50,witchYoung,panic_0,50,.,.,300,.,.,300,0,home,1,116,21,-999
56,21,1,a2200,Ail Shell,으악! 벌써 시간이?!,Gah! Is it already time?!,うわっ！もうこんな時間？！,Yongsa,angry_2,-50,witchYoung,panic_3,50,.,.,300,.,.,300,0,home,2,116,21,-999
56,22,1,a1000,Ail Shell,나 일 갔다 올테니까 나가면 안된다?,I'm going to work+o so you can't go outside+o okay?,俺は仕事に行ってくるから、ひとりで外に出ちゃダメだぞ？,Yongsa,panic_1,500,witchYoung,panic_3,25,.,.,300,.,.,300,0,home,0,0,21,32
56,23,1,a1000,Ail Shell,얌전히 있어야 돼!,Stay put!,おとなしくしてるんだぞ！,Yongsa,angry_2,-500,witchYoung,panic_4,0,.,.,300,.,.,300,0,home,0,0,21,32
56,24,1,a0200, ,(쾅!),(Slam!),（バタン！）,.,.,-500,witchYoung,panic_4,0,.,.,300,.,.,300,0,home,0,0,21,52
56,25,1,a0100,Grin,…?,…?,…?,.,.,-500,witchYoung,panic_4,0,.,.,300,.,.,300,0,home,0,0,21,49
56,26,1,a0000, , , , ,.,.,500,.,.,-50,.,.,50,.,.,300,0,black,0,0,-999,17
56,27,1,a0000,Ail Shell,…와버렸다. 기사단 건물.,…The Knights' headquarters.,…来ちまった。騎士団の建物に。,Yongsa,panic_3,125,.,.,500,.,.,300,.,.,300,1,trainningRoom,0,0,4,-999
56,28,1,a1000,Ail Shell,오지 말까 하긴 했는데… 얼굴을 안비치는 것도 좀 그렇고...,I thought about not coming…\nbut it would be weird not to show my face..,来ないほうがいいかとも思ったけど…顔を出さないのもな…,Yongsa,eyeClose_0,50,Grace,black_0,300,.,.,300,.,.,300,0,trainningRoom,0,0,4,-999
56,29,1,a1000,Ail Shell,...역시 돌아갈…,...I should just go back…,…やっぱり帰ろうかな…,Yongsa,lie_0,75,Grace,black_0,150,.,.,300,.,.,300,0,trainningRoom,0,0,4,-999
56,30,1,a0200,Grace,애일!,Ail!,エイル！,Yongsa,panic_0,75,Grace,smile_0,125,.,.,300,.,.,300,0,trainningRoom,0,0,4,21
56,31,1,a2000,Ail Shell,우아악!,Waaaah!,うわっ！！,Yongsa,angry_2,-125,Grace,smile_0,125,.,.,300,.,.,300,0,trainningRoom,0,0,4,32
56,32,1,a0100,Grace,어디갔던 거야? 기사단 모두가 널 찾아다녔다고!,Where have you been? Everyone was looking for you!,どこに行ってた？騎士団のみんなが君を探してたんだよ！,Yongsa,angry_2,-125,Grace,angry_0,75,.,.,300,.,.,300,0,trainningRoom,0,0,4,-999
56,33,1,a1000,Ail Shell,그… 그러니까…,T-that's… because…,そ…それは…,Yongsa,lie_0,-75,Grace,angry_0,75,.,.,300,.,.,300,0,trainningRoom,0,0,4,-999
56,34,1,a0100,Grace,...아니. 말은 필요없어.,...No. No words needed.,…いや、説明はいらない。,Yongsa,lie_0,-75,Grace,eyeClose_0,75,.,.,300,.,.,300,0,trainningRoom,0,0,4,-999
56,35,1,a0300,Grace,그 표정을 보니 다 알겠다고!,I can tell everything just by looking at your face!,その顔を見れば全部分かるから！,Yongsa,lie_0,-75,Grace,smile_2,25,.,.,300,.,.,300,0,trainningRoom,0,0,-999,-999
56,36,1,a1000,Ail Shell,(헉!),(Gasp!),（ハッ！）,Yongsa,panic_0,-125,Grace,smile_2,25,.,.,300,.,.,300,0,trainningRoom,0,0,-999,16
56,37,1,a1000,Ail Shell,(생각해보니 Grace도 거기에 있었잖아?),(Come to think of it+o Grace was there too?),（そういえば、グレースもそこにいたよな？）,Yongsa,panic_1,-125,Grace,black_0,25,.,.,300,.,.,300,0,destinyPoint,0,0,-999,-999
56,38,1,a1000,Ail Shell,(설마… 다 보고 있었던 건가…!),(Don't tell me… she saw everything…!),（まさか…全部見ていたのか…！）,Yongsa,panic_0,-125,Grace,angry_0,25,.,.,300,.,.,300,0,trainningRoom,0,0,-999,-999
56,39,1,a0100,Grace,너어…,You…,あんた…,Yongsa,panic_0,-125,Grace,angry_0,-25,.,.,300,.,.,300,0,trainningRoom,0,0,-999,-999
56,40,1,a0200,Grace,너도 적에게 기습당해서 기절했구나!,You were ambushed by the enemy and knocked out too!,あんたも敵に不意を突かれて気を失ったんだね！,Yongsa,panic_0,-125,Grace,smile_0,0,.,.,300,.,.,300,0,trainningRoom,0,0,-999,-999
56,41,1,a1000,Ail Shell,…,…,…,Yongsa,idle_0,-125,Grace,smile_0,0,.,.,300,.,.,300,0,trainningRoom,0,0,-999,-999
56,42,1,a1000,Ail Shell,뭐?,What?,はあ？,Yongsa,panic_2,-125,Grace,smile_0,0,.,.,300,.,.,300,0,trainningRoom,0,0,-999,-999
56,43,1,a0100,Grace,부끄러워 할 거 없어! 무사히 돌아온 것 만으로 장하다고 기사단장님이 그랬거든!,Nothing to be ashamed of!\nCommander said it's commendable just that I returned safely!,恥ずかしがることないよ！無事に戻ってきただけで立派だって団長も言ってたんだから！,Yongsa,panic_2,-75,Grace,eyeClose_0,50,.,.,300,.,.,300,0,trainningRoom,0,0,9,-999
56,44,1,a0100,Grace,나도 치열한 결투 끝에 기절하고 말았지만…,I also ended up fainting after a fierce duel…,私も激しい決闘の末に気を失ってしまったけど…,Yongsa,panic_2,-75,Grace,panic_2,75,.,.,300,.,.,300,0,trainningRoom,0,0,9,-999
56,45,1,a0300,Grace,미래의 용사가 이정도에 꺾일 수는 없으니까 말이야!,But a future hero cannot be defeated by something like this!,未来の勇者が、この程度で挫けるわけにはいかないからね！,Yongsa,panic_2,-75,Grace,smile_2,0,.,.,300,.,.,300,0,trainningRoom,0,0,9,-999
56,46,1,a1000,Ail Shell,…,…,…,Yongsa,idle_0,-50,Grace,smile_2,50,.,.,300,.,.,300,0,trainningRoom,0,0,9,-999
56,47,1,a1000,Ail Shell,나 간다.,I'm leaving.,俺は行く。,Yongsa,panic_2,-500,Grace,smile_2,50,.,.,300,.,.,300,0,trainningRoom,0,0,9,72
56,48,1,a0100,Grace,어디가! 용사가 되기 위해 할 말이 엄청 많다고!,Where are you going?\nI have so much to tell you about becoming a hero!,どこ行くのよ！勇者になるために、話したいことが山ほどあるのに！,.,.,-500,Grace,angry_1,50,.,.,300,.,.,300,0,trainningRoom,0,0,9,32
56,49,1,a0000, ,(후다닥),(Patter),（ダダッ）,.,.,-500,Grace,angry_1,-500,.,.,300,.,.,300,0,trainningRoom,0,0,9,-999
56,50,1,a0000, , , , ,.,.,500,.,.,500,.,.,300,.,.,300,0,black,0,0,-999,-999
56,51,1,a1000,Ail Shell,으아! 겨우 빠져나왔다.,Phew! I finally got away.,ふうっ！やっと逃げ出せた。,Yongsa,panic_3,125,.,.,500,.,.,300,.,.,300,1,kingdomLobby,0,0,22,-999
56,52,1,a1000,Ail Shell,하여간 그레이스 녀석은 뭐 이리 말이 많은 거야…,Seriously+o why does Grace talk so much…,まったく、グレースのやつはどうしてあんなにおしゃべりなんだ…,Yongsa,angry_2,75,.,.,500,.,.,300,.,.,300,0,kingdomLobby,0,0,22,24
56,53,1,a0000, , , , ,.,.,75,.,.,-500,.,.,300,.,.,300,0,kingdomLobby,1,117,22,-999
56,54,1,a1000,Ail Shell,…기사단장실.,…Commander's office.,…団長室。,Yongsa,doubt_0,75,.,.,-500,.,.,300,.,.,300,0,kingdomLobby,2,117,22,-999
56,55,1,a1000,Ail Shell,바르드도 여기있겠지.,Bard must be here.,バルドもここにいるはずだな。,Yongsa,eyeClose_1,75,.,.,500,.,.,300,.,.,300,0,kingdomLobby,2,117,22,-999
56,56,1,a1000,Ail Shell,그럼 보고를…,Then I'll report…,じゃあ、報告を…,Yongsa,panic_3,50,.,.,500,.,.,300,.,.,300,0,kingdomLobby,0,0,22,-999
56,57,1,a1000,Ail Shell,…,…,…,Yongsa,eyeClose_0,50,Bard,black_0,300,.,.,300,.,.,300,0,kingdomLobby,0,0,22,-999
56,58,1,a1000,Ail Shell,아니다. 역시 편지만 두고 도망을…,No. I'll just leave a letter and run…,いや…やっぱり手紙だけ置いて逃げるか…,Yongsa,lie_0,75,Bard,black_0,150,.,.,300,.,.,300,0,kingdomLobby,0,0,22,70
56,59,1,a0100,Bard,그건 예의가 아니지 않나?,Isn't that a bit impolite?,それは失礼じゃないか？,Yongsa,lie_0,75,Bard,eyeClose_1,125,.,.,300,.,.,300,0,kingdomLobby,0,0,22,-999
56,60,1,a2000,Ail Shell,으아악!!!,Aaaagh!!,うわっ！！,Yongsa,angry_2,-125,Bard,eyeClose_1,125,.,.,300,.,.,300,0,kingdomLobby,0,0,22,17
56,61,1,a0100,Bard,하하! 이렇게 뒤를 쉽게 내주면 쓰나!,Haha! You shouldn't leave your back open so easily!,ははっ！そんな簡単に背中を見せてどうする！,Yongsa,angry_2,-125,Bard,smile_1,75,.,.,300,.,.,300,0,kingdomLobby,0,0,22,-999
56,62,1,a0100,Bard,그리고 복귀하는 데 하루나 걸리는 건 뭐고!,And why did it take you a whole day to return!,それに、戻ってくるのに丸一日もかけるとはどういうことだ！,Yongsa,angry_2,-125,Bard,smile_0,75,.,.,300,.,.,300,0,kingdomLobby,0,0,22,24
56,63,1,a1000,Ail Shell,으으…,Ugh…,うう…,Yongsa,panic_1,-75,Bard,smile_0,75,.,.,300,.,.,300,0,kingdomLobby,0,0,22,-999
56,64,1,a0100,Bard,하지만 그래도 좋다!,But that's fine!,だが、大いに良し！,Yongsa,panic_1,-75,Bard,eyeClose_0,75,.,.,300,.,.,300,0,kingdomLobby,0,0,22,-999
56,65,1,a0100,Bard,첫째도 안전! 둘째도 안전!,Safety first+o right?,一にも安全、二にも安全！,Yongsa,panic_1,-75,Bard,eyeClose_1,75,.,.,300,.,.,300,0,kingdomLobby,0,0,22,-999
56,66,1,a0100,Bard,너희들만 멀쩡하다면 그걸로 좋다!,As long as you all are fine+o that's enough!,君たちさえ無事ならそれでいいんだ！,Yongsa,panic_1,-75,Bard,smile_0,75,.,.,300,.,.,300,0,kingdomLobby,0,0,22,-999
56,67,1,a1000,Ail Shell,…아저씨 같아.,…You sounds like an old man.,…おじさんみたい。,Yongsa,lie_0,-75,Bard,smile_0,75,.,.,300,.,.,300,0,kingdomLobby,0,0,22,-999
56,68,1,a0200,Bard,하하! 그래 아저씨 맞단다!,Haha! That's because I am an old man!,ははっ！そうだ、俺はおじさんだからな！,Yongsa,panic_0,-90,Bard,smile_1,-50,.,.,300,.,.,300,0,kingdomLobby,0,0,22,-999
56,69,1,a0100,Bard,그럼 아저씨와 헤어진 이후의 일을… 깊고 진하게 말해볼까?,Now then+o shall we talk in depth and detail\nabout what happened after you parted with this old man?,さて、おじさんと別れてからのことを…じっくり話してもらおうか？,Yongsa,lie_0,-75,Bard,smile_0,0,.,.,300,.,.,300,0,kingdomLobby,0,0,22,-999
56,70,1,a1000,Ail Shell,싫거든? 이런 일 더는 못해!,I don't want to! I can't do this anymore!,嫌だね！こんなのもうできるか！,Yongsa,doubt_0,-50,Bard,smile_0,75,.,.,300,.,.,300,0,kingdomLobby,0,0,22,24
56,71,1,a1000,Ail Shell,난 기사단에서 나가겠어! 빨리 월급 내놔!,I'm quitting the knights! Give me my salary now!,俺は騎士団をやめる！さっさと給料を払え！,Yongsa,angry_2,-25,Bard,smile_0,75,.,.,300,.,.,300,0,kingdomLobby,0,0,22,-999
56,72,1,a0100,Bard,안심해라 애일. 네가 걱정하는 게 뭔지 아니까.,Rest easy+o Ail. I know what you're worried about.,安心しろエイル。君が何を心配しているか分かっている。,Yongsa,angry_2,-75,Bard,eyeClose_1,75,.,.,300,.,.,300,0,kingdomLobby,0,0,22,-999
56,73,1,a0100,Bard,그 마법사 녀석… 일은 마음에 안들어도 보고는 철저하더군!,That wizard… I didn't like her ways+o but her reporting was thorough!,あの魔法使い…仕事は気に食わんが、報告は徹底していたぞ！,Yongsa,angry_2,-75,Bard,idle_0,75,.,.,300,.,.,300,0,kingdomLobby,0,0,22,-999
56,74,1,a2000,Ail Shell,…!,…!,…！,Yongsa,panic_1,-75,Bard,idle_0,75,.,.,300,.,.,300,0,kingdomLobby,0,0,22,-999
56,75,1,a0100,Bard,보고에 따르면 너는 제물을 제거해서 던전을 해제했다. 그러나…,According to the report+o\nyou dismantled the dungeon by removing the sacrifice. However…,報告によれば、君は供物を倒してダンジョンを解いた。だが…,Yongsa,panic_1,-75,Bard,eyeClose_0,75,.,.,300,.,.,300,0,kingdomLobby,0,0,-999,-999
56,76,1,a0100,Bard,임무에 있어… 아주 큰 죄를 저질렀다.,In the course of your mission…\nyou committed a very great sin.,任務において…とても大きな罪を犯した。,Yongsa,panic_1,-75,Bard,eyeClose_1,75,.,.,300,.,.,300,0,kingdomLobby,0,0,-999,33
56,77,1,a1000,Ail Shell,그… 그건…,T-that was…,そ…それは…,Yongsa,panic_0,-100,Bard,eyeClose_1,75,.,.,300,.,.,300,0,kingdomLobby,0,0,-999,-999
56,78,1,a0100,Bard,애일…,Ail…,エイル…,Yongsa,panic_0,-100,Bard,eyeClose_1,25,.,.,300,.,.,300,0,kingdomLobby,0,0,-999,-999
56,79,1,a0100,Bard,그레이스 양을 기절시키면 어떻게 하나!,How could you knock out Miss Grace!,グレースさんを気絶させるとはどういうことだ！,Yongsa,panic_0,-100,Bard,angry_1,0,.,.,300,.,.,300,0,kingdomLobby,0,0,-999,38
56,80,1,a1000,Ail Shell,…아.,…Ah.,…あ。,Yongsa,say_0,-100,Bard,angry_1,0,.,.,300,.,.,300,0,kingdomLobby,0,0,22,-999
56,81,1,a3000,Ail Shell,그 마법사 녀석! 그걸 보고 있었다고!?,That Witch! She saw that!?,あの魔法使いのやつ！見ていたってのか！？,Yongsa,angry_2,-75,Bard,angry_1,75,.,.,300,.,.,300,0,kingdomLobby,0,0,22,-999
56,82,1,a0100,Bard,그레이스 양을 부탁한다고 그렇게 부탁한다고 했는데!,I asked you so many times to look after Miss Grace!,グレースさんを頼むとあれほど頼んだというのに！,Yongsa,angry_2,-75,Bard,idle_0,75,.,.,300,.,.,300,0,kingdomLobby,0,0,22,-999
56,83,1,a0200,Bard,벌을 받아야겠어! 기사단장실로 따라와!,You must be punished! Follow me to the office!,罰を受けてもらうぞ！団長室に来い！,Yongsa,angry_2,-75,Bard,smile_0,-50,.,.,300,.,.,300,0,kingdomLobby,0,0,22,70
56,84,1,a1000,Ail Shell,자… 잠깐! ,Wa… Wait!,ま、待て！,Yongsa,panic_0,400,Bard,smile_0,425,.,.,300,.,.,300,0,kingdomLobby,0,0,22,-999
56,85,1,a1000,Ail Shell,바르드!!!,Bard!!,バルド！！,.,.,500,.,.,500,.,.,300,.,.,300,0,kingdomLobby,0,0,22,70
56,86,1,a0000, , , , ,.,.,-500,.,.,500,.,.,300,.,.,300,0,black,0,0,-999,-999
56,87,1,a1000,Ail Shell,허억… 허억… 겨우 끝났다.,Pant… pant… It's finally over.,はぁ…はぁ…やっと終わった。,Yongsa,panic_0,-125,.,.,500,.,.,300,.,.,300,1,homeFront,0,0,-999,17
56,88,1,a1000,Ail Shell,다들 왜이리 질문이 많은 거야…,Why does everyone have so many questions…,みんなしてなんであんなに質問が多いんだ…,Yongsa,eyeClose_1,-75,.,.,500,.,.,300,.,.,300,0,homeFront,0,0,-999,-999
56,89,1,a1000,Ail Shell,하마터면 그린에 대해 이야기 할 뻔했잖아.,I almost talked about Grin.,危うくグリンのことを話しそうになったじゃないか。,Yongsa,angry_2,0,.,.,500,.,.,300,.,.,300,0,homeFront,0,0,-999,-999
56,90,1,a1000,Ail Shell,거짓말로 잘 넘겨서 다행이지만.,Luckily I managed to brush it off with lies.,うまくごまかせてよかったけど。,Yongsa,smile_1,75,.,.,500,.,.,300,.,.,300,0,homeFront,0,0,-999,-999
56,91,1,a1000,Ail Shell,내가 이 고생을 하는 걸 그린이 알아줘야 할텐데 말이야.,Grin should really appreciate how much I'm suffering.,グリンが俺の大変さを分かってくれりゃいいんだけどな。,Yongsa,smile_0,125,.,.,500,.,.,300,.,.,300,0,homeFront,0,0,-999,-999
56,92,1,a0000, ,(끼이익),(Creak),（ギイィィ）,Yongsa,black_0,500,.,.,500,.,.,300,.,.,300,0,homeFront,0,0,-999,23
56,93,1,a0300,Ail Shell,그린~ 나왔다!,Grin~ I'm home!,グリン！帰ってきたぞ！,.,.,500,Yongsa,say_0,-125,.,.,300,.,.,300,0,home,0,0,-999,17
56,94,1,a0010,Grin,…,…,…,.,.,500,Yongsa,say_0,-125,witchYoung,black_0,125,.,.,300,0,home,0,0,-999,-999
56,95,1,a0100,Ail Shell,잘 있었나보네. 케이크는 안먹은 모양이지만.,Looks like you've been doing well.\nThough it seems you didn't eat the cake.,元気そうじゃないか。ケーキは食べなかったみたいだが。,.,.,500,Yongsa,idle_0,-75,witchYoung,black_0,125,.,.,300,0,home,2,115,-999,-999
56,96,1,a0100,Ail Shell,이제 그만 경계를… 응…?,Now stop being so guarded and… huh…?,そろそろ警戒を……ん…？,.,.,500,Yongsa,lie_0,-50,witchYoung,black_0,125,.,.,300,0,home,2,115,-999,-999
56,97,1,a0000, , , , ,.,.,500,Yongsa,lie_0,-50,witchYoung,black_0,125,.,.,300,0,home,1,114,-999,-999
56,98,1,a0100,Ail Shell,…,…,…,.,.,500,Yongsa,doubt_0,-50,witchYoung,black_0,125,.,.,300,0,home,2,114,-999,-999
56,99,1,a0010,Grin,…,…,…,.,.,500,Yongsa,doubt_0,-50,witchYoung,eatSomething_1,125,.,.,300,0,home,2,114,-999,-999
56,100,1,a0010,Grin,…,…,…,.,.,500,Yongsa,doubt_0,-50,witchYoung,eatSomething_0,125,.,.,300,0,home,2,114,-999,48
56,101,1,a0000,Ail Shell,너 딸기 진짜 좋아하는구나?!,You really love strawberries+o don't you?!,お前、本当にイチゴが好きなんだな！？,.,.,500,.,.,-50,.,.,125,.,.,300,0,black,0,0,-999,-999
57,0,1,a1000,Ail Shell,…여기까지인가?,…Is this the end?,…ここまでか？,Yongsa,eyeClose_0,-75,Witch,noise,75,.,.,125,.,.,300,0,home,0,0,1,-999
57,1,1,a1000,Ail Shell,이번에는 무난했… 그린?,This time was pretty smooth… Grin?,今回は無事に…って、グリン？,Yongsa,idle_0,-75,Witch,black_0,75,.,.,125,.,.,300,0,home,0,0,1,-999
57,2,1,a0100,Grin,…,…,…,Yongsa,idle_0,-75,Witch,black_0,75,.,.,125,.,.,300,0,home,0,0,1,-999
57,3,1,a0100,Grin,죄송해요. 이런 기분이었군요.,I'm sorry. So this is how it felt.,ごめんなさい。こんな気持ちだったんですね。,Yongsa,idle_0,-75,Witch,shame_0,75,.,.,125,.,.,300,0,home,0,0,1,-999
57,4,1,a0100,Grin,엄청… 부끄럽네요. 자신의 과거를 보는 거.,It's… really embarrassing. Seeing my own past.,すごく…恥ずかしいです。自分の過去を見るなんて。,Yongsa,idle_0,-75,Witch,lie_0,75,.,.,125,.,.,300,0,home,0,0,1,16
57,5,1,a1000,Ail Shell,(피식),(Smirk),（クスッ）,Yongsa,smile_0,-75,Witch,lie_0,75,.,.,125,.,.,300,0,home,0,0,1,-999
57,6,1,a0100,Grin,으아악! 웃지 마요!,Aaaagh! Don't laugh!,うわああっ！笑わないでくださいよ！,Yongsa,smile_0,-75,Witch,angry_1,75,.,.,125,.,.,300,0,home,0,0,1,24
57,7,1,a0100,Grin,...그나저나 좀 너무 한 거 아니에요?,...By the way+o isn't this a bit too much?,…それにしても、ちょっとひどくないですか？,Yongsa,smile_0,-75,Witch,panic_0,75,.,.,125,.,.,300,0,home,0,0,1,-999
57,8,1,a0100,Grin,저 어린 아이를 못나가게 하다니.,Preventing that little child from going out.,あんな幼い子を外に出させないなんて。,Yongsa,smile_0,-75,Witch,sad_0,75,.,.,125,.,.,300,0,home,0,0,1,-999
57,9,1,a1000,Ail Shell,왕국에서 신원이 확인되지 않는 사람은 발견 즉시 체포당하거든.,In the kingdom+o people whose identities aren't verified\nare arrested as soon as they're found.,王国では、身元が確認できない者は即逮捕だ。,Yongsa,doubt_0,-75,Witch,sad_0,75,.,.,125,.,.,300,0,home,0,0,1,-999
57,10,1,a1000,Ail Shell,나도 바르드가 신원 보증을 해줬으니까 마음대로 다닐 수 있는 거지.,I can move around freely because Bard vouched for my identity.,俺もバルドが保証してくれてるから、こうして自由に動けてるわけだ。,Yongsa,eyeClose_1,-75,Witch,sad_0,75,.,.,125,.,.,300,0,home,0,0,1,-999
57,11,1,a1000,Ail Shell,만약 너랑 나랑 심문당해서 던전 사건까지 들켰다면...,If you and I had been interrogated\nand the dungeon incident was discovered..,もしお前と俺が取り調べられて、ダンジョンの件までばれたら…,Yongsa,panic_3,-75,Witch,sad_0,75,.,.,125,.,.,300,0,home,0,0,1,37
57,12,1,a0100,Grin,…바르드 씨한테 감사해야겠네요.,…we should be grateful to Mr. Bard.,…バルドさんに感謝しないといけませんね。,Yongsa,panic_3,-75,Witch,panic_0,75,.,.,125,.,.,300,0,home,0,0,1,-999
57,13,1,a1000,Ail Shell,그러게.,Exactly.,そうだな。,Yongsa,eyeClose_0,-75,Witch,panic_0,75,.,.,125,.,.,300,0,home,0,0,1,-999
57,14,1,a1000,Ail Shell,나가면 꼭 감사 인사를 해야겠어.,I'll make sure to thank him when I go out.,外に出られたら、お礼を言わないと。,Yongsa,smile_1,-75,Witch,panic_0,75,.,.,125,.,.,300,0,home,0,0,1,21
58,0,1,a1000,Ail Shell,계속 운명 조각을 모으게 되네.,I keep collecting fragments of destiny.,また運命のカケラを集めることになるとは。,Yongsa,idle_0,-75,Witch,idle_0,75,.,.,125,.,.,300,0,home,0,0,1,-999
58,1,1,a1000,Ail Shell,포인트를 찾으려 했을 뿐인데 운이 좋아.,I was just trying to find the point+o but I'm lucky.,ポイントを探していただけなのに、運が良かったな。,Yongsa,smile_0,-75,Witch,idle_0,75,.,.,125,.,.,300,0,home,0,0,1,-999
58,2,1,a0100,Grin,그… 그러게요?,I… I guess so?,そ…そうですね！,Yongsa,smile_0,-75,Witch,lie_0,75,.,.,125,.,.,300,0,home,0,0,1,-999
58,3,1,a0200,Grin,운이 정말 좋아요!,We're really lucky!,ラッキー！,Yongsa,smile_0,-75,Witch,shine_0,75,.,.,125,.,.,300,0,home,0,0,1,-999
58,4,1,a1000,Ail Shell,…,…,…,Yongsa,idle_0,-75,Witch,shine_0,75,.,.,125,.,.,300,0,home,0,0,1,-999
58,5,1,a1000,Ail Shell,너 캥기는 거 있지?,You're hiding something+o aren't you?,お前、何か隠していないか？,Yongsa,doubt_0,-50,Witch,shine_0,75,.,.,125,.,.,300,0,home,0,0,1,-999
58,6,1,a0100,Grin,그럴리가요! 빨리 다음 기억이나 보죠!,No way! Let's just see the next memory quickly!,そんなことないですよ！早く次の記憶を！,Yongsa,doubt_0,-50,Witch,panic_0,75,.,.,125,.,.,300,0,home,0,0,1,-999
59,0,1,a0000, , , , ,.,.,-125,.,.,-50,.,.,50,.,.,125,1,trainningRoom,0,0,4,-999
59,1,1,a0000,Ail Shell,흐아아압!!!,Hyaaaah!!,ふんぬぅぅっ！！！,Yongsa,angry_1,300,Tom,idle_1,300,.,.,50,.,.,50,0,trainningRoom,1,118,4,76
59,4,1,a0000,Tom,읏!,Ugh!,ぐっ！,Yongsa,angry_1,0,Tom,idle_1,-75,.,.,50,.,.,50,0,trainningRoom,2,118,4,-999
59,7,1,a0100,Tom,...졌습니다.,...I lose.,...負けました。,Yongsa,angry_1,75,Tom,idle_1,-50,.,.,50,.,.,50,0,trainningRoom,2,118,4,-999
59,8,1,a2000,Ail Shell,수고하셨습니다.,Good work.,お疲れ様でした。,Yongsa,smile_0,50,Tom,idle_1,-50,.,.,50,.,.,50,0,trainningRoom,0,0,4,-999
59,9,1,a0000,Knights,와아아아!!!!,Waaaaah!!,うおおおおっ！！！,Yongsa,smile_0,50,Tom,idle_1,-50,.,.,50,.,.,50,0,trainningRoom,0,0,4,77
59,10,1,a0000,Knight A,진짜야? 저렇게 어린 녀석이 Tom 씨를 이겼다고?,Is it for real? That young kid beat Tom?,本当か？あんな子どもがトムさんに勝ったって？,Yongsa,smile_0,50,Tom,idle_1,-50,.,.,50,.,.,50,0,trainningRoom,0,0,4,-999
59,11,1,a0000,Knight A,Tom씨는 일반 대원 중에서 제일 강하다던데?,I heard Tom is the strongest among the regular members.,トムさんは一般隊員の中で一番強いって言われてるのに？,Yongsa,smile_0,50,Tom,idle_1,-50,.,.,50,.,.,50,0,trainningRoom,0,0,4,-999
59,12,1,a0000,Knight B,예전에 운명 던전 공략에서 마무리를 저 친구가 했다는 소문도 있어.,There's a rumor that\nthis kid was the one who finished the conquest of the dungeon.,前に運命ダンジョン攻略で最後を決めたのも、あの子だって噂だぞ。,Yongsa,smile_0,50,Tom,idle_1,-50,.,.,50,.,.,50,0,trainningRoom,0,0,4,-999
59,13,1,a0000,Knight A,사상자가 꽤 있었던 그 공략? 세상에…,That conquest with quite a few casualties? My god…,犠牲者もかなり出たあの攻略で？なんてことだ…,Yongsa,smile_0,50,Tom,idle_1,-50,.,.,50,.,.,50,0,trainningRoom,0,0,4,-999
59,14,1,a0100,Tom,…바르드 기사단장님은 사람 보는 눈도 최고시군.,…Commander truly has the best eye for people.,…バルド団長は人を見る目も一流だな。,Yongsa,smile_0,50,Tom,idle_1,-50,.,.,50,.,.,50,0,trainningRoom,0,0,4,-999
59,15,1,a1000,Ail Shell,...별거 아닙니다.,...It was nothing.,…大したことありません。,Yongsa,lie_0,75,Tom,idle_1,-50,.,.,50,.,.,50,0,trainningRoom,0,0,4,-999
59,16,1,a0100,Tom,대체 어디서 경험을 쌓은 건가? 이후에 잠시 이야기를…,Where on earth did you gain such experience? Let's talk for a moment after—,どこでそんな経験を積んできた？あとで少し話を聞かせて…,Yongsa,lie_0,50,Tom,idle_1,-25,.,.,50,.,.,50,0,trainningRoom,0,0,4,17
59,17,1,a0000, ,(뎅- 뎅-),(Ding- Ding-),（ゴーン ゴーン）,Yongsa,lie_0,50,Tom,idle_1,-25,.,.,50,.,.,50,0,trainningRoom,0,0,4,-999
59,18,1,a1000,Ail Shell,퇴근 시간이네요. 들어가보겠습니다.,It's time to clock out. I'll be heading home.,もう退勤の時間ですね。お先に失礼しまーす。,Yongsa,say_0,50,Tom,idle_1,-25,.,.,50,.,.,50,0,trainningRoom,0,0,4,-999
59,19,1,a1000,Ail Shell,(후다닥),(Scurries away),（ダダッ）,Yongsa,say_0,-500,Tom,idle_1,-25,.,.,50,.,.,50,0,trainningRoom,0,0,4,32
59,21,1,a0100,Tom,으엇? 이봐!,Huh? Hey!,えっ？おい！,.,.,-500,Tom,idle_1,-125,.,.,300,.,.,50,0,trainningRoom,0,0,4,-999
59,22,1,a0100,Tom,어딜 저리 급하게 가는 거지…?,Where is he going in such a hurry…?,どこへあんなに急いで行くんだろう…？,.,.,-500,Tom,idle_1,-75,Grace,faint_0,300,.,.,50,0,trainningRoom,0,0,4,-999
59,23,1,a0010,Grace,허억… 허억...,Pant… pant…,はぁ…はぁ…,.,.,-500,Tom,idle_1,-75,Grace,faint_0,75,.,.,50,0,trainningRoom,0,0,4,-999
59,24,1,a0010,Grace,저기… 혹시 애일 못봤나요?,Excuse me… have you seen Ail by any chance?,あの…エイルを見ませんでしたか？,.,.,-500,Tom,idle_1,-75,Grace,panic_0,75,.,.,50,0,trainningRoom,0,0,4,-999
59,25,1,a0010,Grace,노랗고 삐죽삐죽한 머리를 가진 친구인데…,He's a friend with spiky yellow hair…,金色でツンツンした髪の子なんですけど…,.,.,-500,Tom,idle_1,-75,Grace,angry_0,75,.,.,50,0,trainningRoom,0,0,4,-999
59,26,1,a0100,Tom,그 친구라면 방금 종 울리자마자 퇴근했는데?,That guy? He clocked out the moment the bell rang.,その子なら、さっき鐘が鳴るやいなや帰ったぞ？,.,.,-500,Tom,idle_1,-75,Grace,angry_0,75,.,.,50,0,trainningRoom,0,0,4,-999
59,27,1,a0010,Grace,또요? 또 바로 퇴근했어요?,Again? He clocked out immediately again?,またですか？またすぐ帰ったんですか？,.,.,-500,Tom,idle_1,-75,Grace,panic_2,75,.,.,50,0,trainningRoom,0,0,4,16
59,28,1,a0010,Grace,요즘 계속 바로 퇴근하네...,He's been leaving immediately lately..,最近ずっとすぐ帰っちゃうな…,.,.,-500,Tom,idle_1,-75,Grace,panic_1,75,.,.,50,0,trainningRoom,0,0,4,-999
59,29,1,a0010,Grace,용사가 되겠다는 녀석이 남아서 훈련도 안하다니.,A guy who says he'll become a hero doesn't even stay to train.,勇者になるって言ってるくせに、残って訓練もしないなんて。,.,.,-500,Tom,idle_1,-75,Grace,angry_0,75,.,.,50,0,trainningRoom,0,0,4,-999
59,30,1,a0030,Grace,힘도 약한 녀석이 말이야! 나를 본 받아야지!,And he's so weak! He should follow my example!,しかも弱いくせに ！私を見習ったほうがいいって！,.,.,-500,Tom,idle_1,-75,Grace,angry_1,-500,.,.,50,0,trainningRoom,0,0,4,24
59,31,1,a0100,Tom,…?,…?,…？,.,.,-500,Tom,idle_1,-75,.,.,-500,.,.,50,0,trainningRoom,0,0,4,-999
59,32,1,a0000, , , , ,Yongsa,say_0,-500,.,.,500,.,.,-500,.,.,50,1,home,0,0,-999,-999
59,33,1,a1000,Ail Shell,다녀왔습니다.,I'm home.,ただいま。,Yongsa,say_0,-75,witchYoung,black_0,500,.,.,-500,.,.,50,0,home,0,0,-999,23
59,34,1,a0100,Grin,…,…,…,Yongsa,say_0,-75,witchYoung,angry_0,75,.,.,-500,.,.,50,0,home,0,0,-999,-999
59,35,1,a1000,Ail Shell,…,…,…,Yongsa,lie_0,-75,witchYoung,angry_0,75,.,.,-500,.,.,50,0,home,0,0,-999,-999
59,36,1,a1000,Ail Shell,뭐야… 왜 그런 눈으로 보는거야…,…why are you looking at me with those eyes…,なんだよ…なんでそんな目で見るんだよ…,Yongsa,doubt_0,-50,witchYoung,angry_0,75,.,.,-500,.,.,50,0,home,0,0,-999,-999
59,37,1,a0100,Grin,칼.,Sword.,剣。,Yongsa,doubt_0,-50,witchYoung,idle_0,75,.,.,-500,.,.,50,0,home,0,0,-999,50
59,38,1,a1000,Ail Shell,칼?,Sword?,…剣？,Yongsa,panic_2,-50,witchYoung,idle_0,75,.,.,-500,.,.,50,0,home,1,119,-999,-999
59,39,1,a0100,Grin,칼 집안으로 들고 오지마…,Don't bring the sword into the house…,剣は…家の中に持ち込まないで。,Yongsa,panic_2,-50,witchYoung,panic_0,50,.,.,-500,.,.,50,0,home,2,119,-999,49
59,40,1,a1000,Ail Shell,아… 알겠어…,O… okay…,あ…わかったよ…,Yongsa,panic_3,-50,witchYoung,panic_0,50,.,.,-500,.,.,50,0,home,2,119,-999,-999
59,41,1,a1000, ,(툭),(Thud),（コトッ）,Yongsa,panic_3,-300,witchYoung,panic_0,50,.,.,-500,.,.,50,0,home,0,0,-999,69
59,42,1,a0100,Grin,(째릿),(Glare),（ジロッ）,Yongsa,panic_3,-125,witchYoung,angry_0,0,.,.,-500,.,.,50,0,home,0,0,21,-999
59,43,1,a1000,Ail Shell,(또 쨰려보는 거냐...),(Glaring at me again..),（また睨んでるのか…）,Yongsa,panic_0,-75,witchYoung,angry_0,0,.,.,-500,.,.,50,0,home,0,0,21,-999
59,44,1,a1000,Ail Shell,(뭐… 언젠가는 웃어주겠지…),(Well… she'll smile for me someday…),（まあ…いつかは笑ってくれるだろう…）,Yongsa,smile_0,-75,witchYoung,angry_0,0,.,.,-500,.,.,50,0,home,0,0,21,-999
59,45,1,a2000,Ail Shell,집중! 오늘은 숫자 읽는 법을 알려줄게.,Focus! Today I'll teach you how to read numbers.,さあ！今日は数字の読み方を教えるぞ。,Yongsa,eyeClose_1,-50,witchYoung,angry_0,50,.,.,-500,.,.,50,0,home,0,0,21,-999
59,46,1,a0100,Grin,…,…,…,Yongsa,eyeClose_1,-50,witchYoung,idle_0,50,.,.,-500,.,.,50,0,home,0,0,21,-999
59,47,1,a1000,Ail Shell,우선 이거. 이건 구십구야. 구구라고 읽는 게 아니라.,First+o this. This is ninety-nine. You don't read it as nine-nine.,まずはこれ。これは「きゅうじゅうきゅう」って読むんだよ。「きゅうきゅう」じゃない。,Yongsa,eyeClose_0,-50,witchYoung,idle_0,50,.,.,-500,.,.,50,0,home,1,120,21,-999
59,48,1,a1000,Ail Shell,숫자들도 읽는 방법이 있다고.,Numbers have a way of being read.,数字にも読み方があるんだ。,Yongsa,idle_0,-50,witchYoung,idle_0,50,.,.,-500,.,.,50,0,home,2,120,21,-999
59,49,1,a0100,Grin,…,…,…,Yongsa,idle_0,-50,witchYoung,shine_0,25,.,.,-500,.,.,50,0,home,2,120,21,-999
59,50,1,a1000,Ail Shell,그리고 여기에 1을 더하면…,And if you add 1 to this…,そして、ここに1を足すと…,Yongsa,smile_0,-75,witchYoung,shine_0,25,.,.,-500,.,.,50,0,home,0,0,21,-999
59,51,1,a1000,Ail Shell,천이 되지!,It becomes a thousand!,千になるんだ！,Yongsa,smile_1,-50,witchYoung,shine_0,25,.,.,-500,.,.,50,0,home,1,121,21,14
59,52,1,a0100,Grin,…,…,…,Yongsa,smile_1,-50,witchYoung,shine_0,25,.,.,-500,.,.,50,0,home,2,121,21,-999
59,53,1,a0100,Grin,…?,…?,…？,Yongsa,smile_1,-50,witchYoung,panic_4,25,.,.,-500,.,.,50,0,home,2,121,21,-999
59,54,1,a1000,Ail Shell,이거처럼 숫자 읽는 게 바뀌는…,Like this+o the way you read numbers changes—,こうやって数字の読み方が変わる…,Yongsa,eyeClose_1,-100,witchYoung,panic_4,25,.,.,-500,.,.,50,0,home,2,121,21,-999
59,55,1,a0100,Grin,아니야.,No.,違う。,Yongsa,eyeClose_1,-100,witchYoung,angry_0,50,.,.,-500,.,.,50,0,home,2,121,21,-999
59,56,1,a1000,Ail Shell,응?,Huh?,ん？,Yongsa,doubt_0,-75,witchYoung,angry_0,50,.,.,-500,.,.,50,0,home,0,0,21,-999
59,57,1,a0100,Grin,그거. 천….,That. A thousand….,それ、千…,Yongsa,doubt_0,-75,witchYoung,idle_0,50,.,.,-500,.,.,50,0,home,0,0,21,-999
59,58,1,a0100,Grin,아니야.,No.,じゃない。,Yongsa,doubt_0,-75,witchYoung,eyeClose_1,50,.,.,-500,.,.,50,0,home,0,0,21,46
59,59,1,a1000,Ail Shell,???,???,？？？,Yongsa,panic_2,-75,witchYoung,eyeClose_1,50,.,.,-500,.,.,50,0,home,0,0,21,-999
59,60,1,a2000,Ail Shell,무슨 소리야! 이건 천이야!,What are you talking about! This is a thousand!,何言ってんだ！これは千だよ！,Yongsa,angry_0,-50,witchYoung,eyeClose_1,50,.,.,-500,.,.,50,0,home,0,0,21,-999
59,61,1,a0100,Grin,그거 백이야! 천 아니야!,That's a hundred! Not a thousand!,それは百！千じゃない！,Yongsa,angry_0,-50,witchYoung,panic_4,50,.,.,-500,.,.,50,0,home,0,0,21,-999
59,62,1,a3000,Ail Shell,천이라니까!!,I said it's a thousand!!,千だって！！,Yongsa,angry_2,-50,witchYoung,panic_4,50,.,.,-500,.,.,50,0,home,0,0,21,-999
59,63,1,a0300,Grin,백이야!,It's a hundred!,百だよ！,Yongsa,angry_2,-50,witchYoung,panic_0,50,.,.,-500,.,.,50,0,home,0,0,21,-999
59,64,1,a2000,Ail Shell,천!,Thousand!,千だ！,Yongsa,angry_2,-50,witchYoung,panic_0,50,.,.,-500,.,.,50,0,home,0,0,21,-999
59,65,1,a0200,Grin,백이야!!!,Hundred!!,百なの！！！,Yongsa,angry_2,-50,witchYoung,panic_0,50,.,.,-500,.,.,50,0,home,0,0,21,-999
59,67,1,a0000, ,(두둥실...),(Floating..),（ふわふわ…）,Yongsa,black_0,-50,witchYoung,black_0,50,.,.,-500,.,.,50,1,home,1,122,-999,11
59,68,1,a1000,Ail Shell,…어?,…Eh?,…あれ？,Yongsa,panic_2,-75,witchYoung,panic_0,50,.,.,-500,.,.,50,1,destinyPoint,2,122,23,16
59,69,1,a0100,Grin,백이야아!!!,It's a hundreeeed!!,百だよ！！！,Yongsa,panic_2,-75,witchYoung,panic_0,0,.,.,-500,.,.,50,0,destinyPoint,0,0,23,45
59,70,1,a0000, ,(쿠구구구...),(Rumble rumble..),（ゴゴゴゴ…）,Yongsa,panic_2,-75,witchYoung,panic_0,0,.,.,-500,.,.,50,0,destinyPoint,1,123,23,25
59,71,1,a3000,Ail Shell,아… 알았어! 그래 이건 백이야!,O… okay! Fine+o this is a hundred!,わ…わかった！そう、これは百！,Yongsa,panic_0,-50,witchYoung,panic_0,0,.,.,-500,.,.,50,0,destinyPoint,2,123,23,-999
59,72,1,a0000, ,(스스스...),(Swoosh..),（ススス…）,Yongsa,panic_0,-50,witchYoung,panic_0,0,.,.,-500,.,.,50,1,home,0,0,-999,12
59,73,1,a0100,Grin,응! 이건 백이야.,Yep! This is a hundred.,うん！これは百だよ。,Yongsa,panic_0,-50,witchYoung,smile_0,0,.,.,-500,.,.,50,0,home,0,0,21,47
59,74,1,a1000,Ail Shell,하하...,Haha..,はは…,Yongsa,panic_3,-75,witchYoung,smile_0,0,.,.,-500,.,.,50,0,home,0,0,21,-999
59,75,1,a1000,Ail Shell,(방금 건 분명… 저번 던전에서 봤던...),(That just now was definitely… what I saw in the last dungeon..),（今のは間違いなく…前のダンジョンで見た…）,Yongsa,panic_1,-75,witchYoung,smile_0,0,.,.,-500,.,.,50,0,home,0,0,21,-999
59,76,1,a1000,Ail Shell,(이게 그 마법사가 말했던 압도적인 재능이란 건가…?),(Is this the <overwhelming talent>\nthat royal wizard was talking about…?),（これが…あの魔法使いが言っていた圧倒的な才能ってやつなのか…？）,Yongsa,doubt_0,-75,witchYoung,smile_0,0,.,.,-500,.,.,50,0,home,0,0,21,16
59,77,1,a0100,Grin,음… 나 졸려…,Mm… I'm sleepy…,ん…眠い…,Yongsa,doubt_0,-75,witchYoung,eyeClose_0,0,.,.,-500,.,.,50,0,home,0,0,21,-999
59,78,1,a1000,Ail Shell,어… 그래. 한숨 자.,Uh… okay. Get some sleep.,あ…そうか。少し寝ろ。,Yongsa,panic_3,50,witchYoung,eyeClose_0,125,.,.,-500,.,.,50,0,home,0,0,21,-999
59,79,1,a0100,Grin,안녕히 주무세요…,Goodnight…,おやすみなさい…,Yongsa,panic_3,125,witchYoung,eyeClose_1,300,.,.,-500,.,.,50,0,home,0,0,21,-999
59,80,1,a1000,Ail Shell,…어쩌지.,…What should I do.,…どうするかな。,Yongsa,panic_1,0,.,.,300,.,.,-500,.,.,50,0,home,0,0,21,-999
59,81,1,a2000, ,(쾅쾅쾅),(Kwang Kwang Kwang!!),（ドンドンドン！）,Yongsa,panic_0,0,.,.,300,.,.,-500,.,.,50,0,home,0,0,21,78
59,83,1,a0000,???,애일! 여기 있는 거지?,Ail! You're in here+o right?,エイル！ここにいるんでしょ？,Yongsa,panic_0,0,.,.,300,.,.,-500,.,.,50,0,home,0,0,21,-999
59,84,1,a0000,???,흔들리는 거 보고 겨우 찾았네!,I barely found you after seeing the house shaking!,揺れてるのを見て、ようやく見つけたよ！,Yongsa,panic_0,0,.,.,300,.,.,-500,.,.,50,0,home,0,0,21,-999
59,85,1,a1000,Ail Shell,이 목소리는 그레이스?!,This voice is Grace?!,この声は…グレース！？,Yongsa,panic_3,0,.,.,300,.,.,-500,.,.,50,0,home,0,0,21,-999
59,86,1,a0000,Grace,당장 나와! 안그러면 이 문 부술 거야!,Come out right now! Otherwise+o I'm breaking this door!,今すぐ出てきなさい！出ないならこの扉ぶち壊すわよ！,Yongsa,panic_3,0,.,.,300,.,.,-500,.,.,50,0,home,0,0,21,24
59,87,1,a1000,Ail Shell,으아악! 안돼! 나갈 게! 나간다고!,Aaaagh! No! I'm coming out! I'm coming!,うわああっ！やめろ！出る！今出るから！,Yongsa,panic_0,-300,.,.,300,.,.,-500,.,.,50,0,home,0,0,21,32
59,88,1,a0000, , , , ,.,.,300,.,.,300,.,.,-500,.,.,50,0,black,0,0,-999,-999
59,89,1,a0010,Grace,드디어 나왔군.,You finally came out.,やっと出てきたね。,Yongsa,idle_0,75,.,.,300,Grace,angry_0,-75,.,.,50,1,homeFront,0,0,24,-999
59,90,1,a0010,Grace,설마 이런 허름한 곳에 은신처를 만들었을 줄이야.,I can't believe you made a hideout in such a shabby place.,まさかこんなボロい場所に隠れ家を作っていたなんて。,Yongsa,idle_0,75,.,.,300,Grace,angry_1,-50,.,.,50,0,homeFront,0,0,24,-999
59,91,1,a1000,Ail Shell,…이거 우리 집이거든.,…This is my house.,…ここ、俺の家なんだけど。,Yongsa,panic_3,75,.,.,300,Grace,angry_1,-50,.,.,50,0,homeFront,0,0,24,-999
59,92,1,a0010,Grace,에… 그래?!,Eh… really?!,えっ…そうなの！？,Yongsa,panic_3,75,.,.,300,Grace,panic_0,-75,.,.,50,0,homeFront,0,0,24,16
59,93,1,a1000,Ail Shell,하여간 부자집 아가씨는…,Seriously+o rich girls are…,まったく、お嬢様はこれだから…,Yongsa,doubt_0,75,.,.,300,Grace,panic_0,-75,.,.,50,0,homeFront,0,0,24,-999
59,94,1,a0010,Grace,아… 아무튼! 말도 안되는 소문을 기사단에서 들었어!,A… anyway! I heard an unbelievable rumor at the knights!,と、とにかく！信じられない噂を騎士団で聞いたの！,Yongsa,doubt_0,75,.,.,300,Grace,idle_0,-75,.,.,50,0,homeFront,0,0,24,-999
59,95,1,a0010,Grace,다들 애일이 톰 씨도 이기고+o 막 엄청 강하다고 그러더라고!,Everyone's saying Ail beat Tom and you are super strong!,みんな、エイルがトムさんに勝ったって、すごく強いんだって大騒ぎよ！,Yongsa,doubt_0,75,.,.,300,Grace,eyeClose_0,-50,.,.,50,0,homeFront,0,0,24,-999
59,96,1,a1000,Ail Shell,…,…,…,Yongsa,idle_0,75,.,.,300,Grace,eyeClose_0,-50,.,.,50,0,homeFront,0,0,24,-999
59,97,1,a0010,Grace,…그러니까,…So,…だから、,Yongsa,idle_0,75,.,.,300,Grace,smile_1,-75,.,.,50,0,homeFront,0,0,24,-999
59,98,1,a0020,Grace,내일 나랑 승부해. 애일!,Duel me tomorrow+o Ail!,エイル！明日私と勝負しなさい！,Yongsa,idle_0,75,.,.,300,Grace,smile_2,-75,.,.,50,0,homeFront,0,0,24,-999
59,99,1,a1000,Ail Shell,…응?,…Huh?,…え？,Yongsa,panic_2,75,.,.,300,Grace,smile_2,-75,.,.,50,0,homeFront,0,0,24,30
59,100,1,a0030,Grace,나랑 내일 승부해서 그 소문이 가짜라는 걸 증명하라고!,Duel me tomorrow and prove that the rumor is fake!,私と明日勝負して、その噂が嘘だってみんなに見せてやって！,Yongsa,panic_2,75,.,.,300,Grace,smile_0,-75,.,.,50,0,homeFront,0,0,24,-999
59,101,1,a1000,Ail Shell,…,…,…,Yongsa,panic_2,75,.,.,300,Grace,smile_0,-75,.,.,50,0,homeFront,0,0,24,-999
59,102,1,a1000,Ail Shell,뭐 그래… 하자. 승부!,Well+o fine… let's do it.,まあ…いいぞ。勝負だ！,Yongsa,panic_3,75,.,.,300,Grace,smile_0,-75,.,.,50,0,homeFront,0,0,24,-999
59,103,1,a0010,Grace,아싸!,Yes!,やった！,Yongsa,panic_3,75,.,.,300,Grace,smile_2,-75,.,.,50,0,homeFront,0,0,24,14
59,104,1,a1000,Ail Shell,…저기 그레이스. ,…Hey+o Grace.,…なあ、グレース。,Yongsa,say_0,75,.,.,300,Grace,smile_2,-75,.,.,50,0,homeFront,0,0,24,-999
59,105,1,a1000,Ail Shell,뭐하나만 물어봐도 되냐?,Can I ask you something?,ひとつ聞いてもいいか？,Yongsa,idle_0,75,.,.,300,Grace,smile_2,-75,.,.,50,0,homeFront,0,0,24,-999
59,106,1,a0010,Grace,음? 뭐가?,Hmm? What is it?,ん？なに？,Yongsa,idle_0,75,.,.,300,Grace,panic_0,-75,.,.,50,0,homeFront,0,0,24,-999
59,107,1,a0000, , , , ,Yongsa,idle_0,75,.,.,300,Grace,panic_0,-75,.,.,50,0,homeFront,1,121,24,-999
59,108,1,a1000,Ail Shell,이거 뭐라고 읽냐?,How do you read this?,これ、なんて読むんだ？,Yongsa,angry_1,75,.,.,300,Grace,panic_0,-75,.,.,50,0,homeFront,2,121,24,-999
59,109,1,a0010,Grace,백이잖아.,one hundred.,百に決まってるじゃない。,Yongsa,angry_1,75,.,.,300,Grace,say_0,-75,.,.,50,0,homeFront,2,121,24,30
59,110,1,a1000,Ail Shell,…,…,…,Yongsa,angry_0,75,.,.,300,Grace,say_0,-75,.,.,50,0,homeFront,2,121,24,-999
59,111,1,a1000,Ail Shell,그러냐...,I see..,そうか…,Yongsa,panic_2,75,.,.,300,Grace,say_0,-75,.,.,50,0,homeFront,2,121,24,47
60,0,1,a1000,Ail Shell,…,…,…,Yongsa,eyeClose_0,-75,Witch,noise,75,.,.,50,.,.,50,1,home,0,0,-999,-999
60,1,1,a1000,Ail Shell,(하씨. 창피하게 뭐하는 거야 나는…),(God. What am I doing? This is so embarrassing…),（はぁ、俺はいったいなにやってんだ、みっともない…）,Yongsa,shame_0,-75,Witch,eyeClose_0,75,.,.,50,.,.,50,0,home,0,0,1,16
60,2,1,a0100,Grin,…저 다음에는 어떻게 되나요?,…What happens next?,…その次はどうなるんですか？,Yongsa,shame_0,-75,Witch,say_0,75,.,.,50,.,.,50,0,home,0,0,1,-999
60,3,1,a1000,Ail Shell,…아마 20번 정도 내가 더 이길거야.,…I probably win about 20 more times from her.,…たぶん、あと20回くらいは俺が勝つだろうな。,Yongsa,lie_0,-75,Witch,say_0,75,.,.,50,.,.,50,0,home,0,0,1,-999
60,4,1,a1000,Ail Shell,지금 생각해보니 집을 들켜서 화났던 걸지도.,Thinking back+o I might have been angry\nbecause She found out where I lived.,今思えば、家を知られたのが腹立たしかったのかもしれない。,Yongsa,idle_0,-75,Witch,say_0,75,.,.,50,.,.,50,0,home,0,0,1,-999
60,5,1,a0100,Grin,되게 쪼잔하시네요…,You're quite petty…,ずいぶん器が小さいですね…,Yongsa,idle_0,-75,Witch,panic_0,125,.,.,50,.,.,50,0,home,0,0,1,-999
60,6,1,a1000,Ail Shell,윽... 넘어가달라고.,Ugh.. just let it slide.,うっ…それはいいから。,Yongsa,panic_3,-50,Witch,panic_0,125,.,.,50,.,.,50,0,home,0,0,1,-999
60,7,1,a0100,Grin,...그래도 애일 씨 근처에 좋은 사람들이 많아서 다행이네요.,...Still+o I'm glad there are many good people around you+o Ail.,…それでも、エイルさんの周りにいい人たちがいてよかったです。,Yongsa,panic_3,-50,Witch,idle_0,75,.,.,50,.,.,50,0,home,0,0,1,-999
60,8,1,a1000,Ail Shell,…그치.,…Right.,…そうだな。,Yongsa,eyeClose_0,-75,Witch,idle_0,75,.,.,50,.,.,50,0,home,0,0,1,-999
60,9,1,a1000,Ail Shell,그런 너도 잘 웃게 된 거 같은데?,I think you've started smiling more too.,お前もよく笑うようになったじゃないか？,Yongsa,smile_0,-75,Witch,idle_0,75,.,.,50,.,.,50,0,home,0,0,1,-999
60,10,1,a1000,Ail Shell,저 때에 비해서 훨씬 나아.,You're much better than you were back then.,あの頃に比べたらずっといい。,Yongsa,smile_1,-75,Witch,idle_0,75,.,.,50,.,.,50,0,home,0,0,1,-999
60,11,1,a0100,Grin,…!,…!,…！,Yongsa,smile_1,-75,Witch,happy_0,50,.,.,50,.,.,50,0,home,0,0,1,-999
60,12,1,a0100,Grin,그러네요. 확실히요.,You're right. Definitely.,そうですね。確かに。,Yongsa,smile_1,-75,Witch,smile_1,75,.,.,50,.,.,50,0,home,0,0,1,-999
61,0,1,a1000,Ail Shell,이게 던전에서 얻는 마지막 기억인가.,Is this the last memory to be obtained from the dungeon?,これがダンジョンで得られる最後の記憶か。,Yongsa,idle_0,-75,Witch,sad_2,75,.,.,50,.,.,50,0,home,0,0,1,-999
61,1,1,a1000,Ail Shell,이걸로 다 기억날 것 같지는 않지만… 그래도 나가는 게 우선이지.,I don't think this will bring everything back…\nbut getting out is the priority.,これですべてを思い出せるとは思わないが…とにかく、外に出るのが先だな。,Yongsa,eyeClose_0,-75,Witch,sad_2,75,.,.,50,.,.,50,0,home,0,0,1,-999
61,2,1,a1000,Ail Shell,새로운 기억이야 새로 쌓으면 그만인거고.,As for new memories+o I can just make new ones.,新しい記憶なんて、また積み重ねればいい。,Yongsa,smile_0,-75,Witch,sad_2,75,.,.,50,.,.,50,0,home,0,0,1,-999
61,3,1,a1000,Ail Shell,나가면… 진짜 바르드를 만나볼까?,Once I get out… should I actually try to meet Bard?,外に出たら…本物のバルドに会ってみるか？,Yongsa,eyeClose_1,-75,Witch,sad_2,75,.,.,50,.,.,50,0,home,0,0,1,-999
61,4,1,a1000,Ail Shell,얼마나 늙었으려나? 어떻게 젊어졌냐고 막 물어보겠지?,I wonder how old he's gotten?\nHe'll probably keep asking me how I got younger+o right?,だいぶ老けただろうな？どうやって若返ったのかって聞かれるだろうな？,Yongsa,smile_1,-75,Witch,sad_2,75,.,.,50,.,.,50,0,home,0,0,1,-999
61,5,1,a1000,Ail Shell,그리고…,And…,それから…,Yongsa,smile_0,-75,Witch,sad_2,75,.,.,50,.,.,50,0,home,0,0,1,-999
61,6,1,a0100,Grin,…,…,…,Yongsa,idle_0,-75,Witch,sad_2,75,.,.,50,.,.,50,0,home,0,0,1,-999
61,7,1,a0100,Grin,…애일 씨. ,…Ail.,…エイルさん。,Yongsa,idle_0,-75,Witch,sad_0,75,.,.,50,.,.,50,0,home,0,0,1,-999
61,8,1,a0200,Grin,역시 기억을 다 찾고 나가시지 않을래요?,Wouldn't it be better to find all your memories before leaving?,やっぱり、記憶を全部取り戻してから出ませんか？,Yongsa,idle_0,-75,Witch,lie_0,75,.,.,50,.,.,50,0,home,0,0,1,-999
61,9,1,a1000,Ail Shell,이제 와서 무슨 소리야?,What are you talking about now?,今さら何を言ってる？,Yongsa,angry_2,-50,Witch,lie_0,75,.,.,50,.,.,50,0,home,0,0,1,-999
61,10,1,a0100,Grin,나가서 기억이 없으면 곤란할 거에요. 바르드 씨가 화낼 수도...,It'll be troublesome if you go out without your memories.\nBard might get angry..,外に出て記憶がなかったら困るはずですから。バルドさんだって怒るかもしれないし…,Yongsa,angry_2,-50,Witch,panic_0,50,.,.,50,.,.,50,0,home,0,0,1,-999
61,11,1,a1000,Ail Shell,…나를 위해서 생각해주는 건 고맙지만 난 괜찮아.,…I appreciate you thinking of me+o but I'm fine.,…俺のことを思ってくれるのはありがたいけど、大丈夫だ。,Yongsa,eyeClose_0,-75,Witch,panic_0,50,.,.,50,.,.,50,0,home,0,0,1,-999
61,12,1,a1000,Ail Shell,바르드도 무사히 돌아와서 다행이라고 할거고.,Bard will just be glad that I returned safely.,バルドだって無事に戻ってきてよかったって言うだろうし。,Yongsa,smile_0,-75,Witch,panic_0,50,.,.,50,.,.,50,0,home,0,0,1,-999
61,13,1,a1000,Ail Shell,게다가… 정 안되면 나갔다가 다시 들어오면 되잖아.,Besides… if it really doesn't work out+o\nI can just go out and come back in.,それに…どうしてもなら、一度出てからまた入ればいいじゃないか。,Yongsa,idle_0,-75,Witch,panic_0,50,.,.,50,.,.,50,0,home,0,0,1,-999
61,14,1,a1000,Ail Shell,그러니까 우선 이 기억까지만 되돌리고 나가자. 알겠지?,So let's just recover this last memory and then leave. Got it?,だから、とりあえずこの記憶まで取り戻したら外に出るとしよう。いいな？,Yongsa,say_0,-50,Witch,panic_0,50,.,.,50,.,.,50,0,home,0,0,1,-999
61,15,1,a0100,Grin,…네.,…Yes.,…はい。,Yongsa,say_0,-50,Witch,sad_0,75,.,.,50,.,.,50,0,home,0,0,1,-999
61,16,1,a0100,Grin,시작… 할게요.,I'll… start now.,始め…ますね。,Yongsa,say_0,-50,Witch,idle_0,0,.,.,50,.,.,50,0,home,0,0,1,11
62,0,1,a0300,Grace,이야아아압!!!,Hyaaaaaah!!,やああああっ！！！,Yongsa,doubt_0,-125,Grace,angry_1,0,.,.,50,.,.,125,1,trainningRoom,0,0,-999,-999
62,1,1,a1000,Ail Shell,읏,Ugh,よい,Yongsa,eyeClose_0,20,Grace,angry_1,-60,.,.,50,.,.,125,0,trainningRoom,0,0,-999,17
62,2,1,a1000,Ail Shell,차,Cha,しょ,Yongsa,eyeClose_1,0,Grace,angry_1,-125,.,.,50,.,.,125,0,trainningRoom,0,0,-999,-999
62,3,1,a0000, ,(퍼-억!),(Thump!),（ドカーン）,Yongsa,angry_1,-300,Grace,panic_2,-250,.,.,50,.,.,125,0,trainningRoom,0,0,-999,10
62,4,1,a0100,Grace,크에엑!,Kueeegh!,ぐえっ！,Yongsa,angry_1,-50,Grace,faint_0,-125,Bard,black_0,500,.,.,125,0,trainningRoom,0,0,-999,-999
62,5,1,a1000,Ail Shell,…수고하셨습니다.,…Good work.,…お疲れさまでした。,Yongsa,idle_0,0,Grace,faint_0,-125,Bard,black_0,150,.,.,125,0,trainningRoom,0,0,-999,33
62,6,1,a0010,Bard,…,…,…,Yongsa,idle_0,-50,Grace,faint_0,-125,Bard,idle_0,125,.,.,125,0,trainningRoom,0,0,-999,-999
62,7,1,a0010,Bard,(왜 아침부터 그레이스 양이 부르나 했더니...),(I wondered why Miss Grace called for me so early in the morning..),（朝からグレースさんが呼ぶから何かと思ったら…),Yongsa,idle_0,-50,Grace,faint_0,-125,Bard,eyeClose_0,125,.,.,125,0,trainningRoom,0,0,-999,-999
62,8,1,a0100,Grace,으으…,Ugh…,うう…,Yongsa,idle_0,-50,Grace,faint_0,-125,Bard,eyeClose_0,125,.,.,125,0,trainningRoom,0,0,12,-999
62,9,1,a0200,Grace,한 판 더해!,One more round!,もう一戦！,Yongsa,angry_0,0,Grace,angry_1,-50,Bard,eyeClose_0,125,.,.,125,0,trainningRoom,0,0,12,-999
62,11,1,a0010,Bard,…그레이스 양.,…Miss Grace.,…グレースさん。,Yongsa,idle_0,100,Grace,angry_1,-75,Bard,idle_0,0,.,.,125,0,trainningRoom,0,0,12,-999
62,12,1,a0010,Bard,이제 그만하지.,That's enough for now.,もうやめなさい。,Yongsa,idle_0,100,Grace,angry_1,-75,Bard,say_0,0,.,.,125,0,trainningRoom,0,0,12,-999
62,13,1,a0200,Grace,아직이에요! 아직 할 수 있어요!,Not yet! I can still do it!,まだです！まだできます！,Yongsa,idle_0,100,Grace,angry_0,-50,Bard,say_0,0,.,.,125,0,trainningRoom,0,0,12,16
62,14,1,a0010,Bard,담당 선생님이 기다리고 계신다네.,Your instructor is waiting for you.,担当の先生が待っておられるよ。,Yongsa,idle_0,100,Grace,angry_0,-75,Bard,eyeClose_1,-10,.,.,125,0,trainningRoom,0,0,12,-999
62,15,1,a0100,Grace,아직 더…,Just a bit more…,まだ…,Yongsa,idle_0,100,Grace,panic_1,-60,Bard,eyeClose_1,-10,.,.,125,0,trainningRoom,0,0,12,-999
62,16,1,a0010,Bard,벌써 20번 넘게 지지 않았나.,Haven't you already lost over 20 times?,すでに20回以上負けているじゃないか。,Yongsa,idle_0,100,Grace,panic_1,-60,Bard,say_0,0,.,.,125,0,trainningRoom,0,0,12,-999
62,17,1,a0100,Grace,…,…,…,Yongsa,idle_0,100,Grace,panic_1,-75,Bard,say_0,0,.,.,125,0,trainningRoom,0,0,12,-999
62,18,1,a0010,Bard,처음에 지켜보던 기사들도 모두 떠났어.,Even the knights who were watching at first have all left.,最初から見守っていた騎士たちも、もうみんな帰っている。,Yongsa,idle_0,100,Grace,panic_1,-75,Bard,idle_0,0,.,.,125,0,trainningRoom,0,0,12,-999
62,19,1,a0010,Bard,그레이스 양은 충분히 강하네. 의지도 있고.,Miss Grace+o you are strong enough. You have the will too.,グレースさんは十分強いし、意志もしっかりしてる。,Yongsa,idle_0,100,Grace,panic_1,-75,Bard,eyeClose_1,0,.,.,125,0,trainningRoom,0,0,12,-999
62,20,1,a0010,Bard,다만 애일이 너무 특출난 것일 뿐이야.,It's just that Ail is far too exceptional.,ただ、エイルが飛び抜けているだけさ。,Yongsa,idle_0,100,Grace,panic_1,-75,Bard,say_0,0,.,.,125,0,trainningRoom,0,0,12,-999
62,21,1,a0100,Grace,…,…,…,Yongsa,idle_0,100,Grace,sad_1,-75,Bard,say_0,0,.,.,125,0,trainningRoom,0,0,12,-999
62,22,1,a0100,Grace,(훌쩍),(Sniffle),（ぐすん）,Yongsa,idle_0,100,Grace,sad_2,-75,Bard,say_0,0,.,.,125,0,trainningRoom,0,0,12,-999
62,23,1,a0010,Bard,전용 훈련장으로 가보게. 애일과는 할 이야기가 있으니.,Go to the private training ground.\nI have something to discuss with Ail.,専用の訓練場へ行きなさい。エイルとは話があるから。,Yongsa,idle_0,100,Grace,sad_2,-75,Bard,eyeClose_1,0,.,.,125,0,trainningRoom,0,0,12,-999
62,24,1,a0100,Grace,…네.,…Yes.,…はい。,Yongsa,idle_0,100,Grace,sad_2,-75,Bard,eyeClose_1,0,.,.,125,0,trainningRoom,0,0,12,-999
62,25,1,a0000, , , , ,Yongsa,idle_0,100,Grace,sad_2,500,Bard,eyeClose_1,0,.,.,125,0,trainningRoom,0,0,12,17
62,26,1,a0010,Bard,…,…,…,Yongsa,idle_0,75,.,.,500,Bard,idle_0,-75,.,.,125,0,trainningRoom,0,0,12,-999
62,27,1,a0010,Bard,한 번 정도는 져줘도 되지 않았나?,Couldn't you have let her win just once?,一度くらいは負けてやってもよかったんじゃないか？,Yongsa,idle_0,75,.,.,500,Bard,angry_0,-75,.,.,125,0,trainningRoom,0,0,12,-999
62,28,1,a1000,Ail Shell,…,…,…,Yongsa,eyeClose_0,75,.,.,500,Bard,angry_0,-75,.,.,125,0,trainningRoom,0,0,12,-999
62,29,1,a1000,Ail Shell,기사단장님.,Commander.,団長。,Yongsa,eyeClose_1,50,.,.,500,Bard,angry_0,-75,.,.,125,0,trainningRoom,0,0,12,-999
62,30,1,a0010,Bard,…이긴 것 치고는 안색이 좋지 않군.,…You don't look very happy for someone who won.,…勝ったにしては顔色が優れんな。,Yongsa,eyeClose_1,50,.,.,500,Bard,doubt_0,-75,.,.,125,0,trainningRoom,0,0,12,-999
62,31,1,a0010,Bard,말해보게.,Speak.,話してみなさい。,Yongsa,eyeClose_1,50,.,.,500,Bard,say_0,-75,.,.,125,0,trainningRoom,0,0,12,-999
62,32,1,a1000,Ail Shell,저번 던전에서… 사람을 베었습니다.,In the last dungeon… I cut down a person.,前回のダンジョンで…人を斬りました。,Yongsa,say_0,50,.,.,500,Bard,say_0,-75,.,.,125,0,trainningRoom,0,0,12,-999
62,33,1,a1000,Ail Shell,던전의 제물에다가… 이미 죽었던 사람이었지만…,She was a sacrifice for the dungeon…\nand someone who had already died…,ダンジョンの供物で…すでに死んでいた人でしたが…,Yongsa,idle_0,50,.,.,500,Bard,say_0,-75,.,.,125,0,trainningRoom,0,0,12,-999
62,34,1,a1000,Ail Shell,그 안에서는… 확실히 사람이었어요.,But inside… she was definitely a person.,ダンジョンの中では…間違いなく人でした。,Yongsa,eyeClose_0,75,.,.,500,Bard,say_0,-75,.,.,125,0,trainningRoom,0,0,12,-999
62,35,1,a0010,Bard,…,…,…,Yongsa,eyeClose_0,75,.,.,500,Bard,idle_0,-75,.,.,125,0,trainningRoom,0,0,12,-999
62,36,1,a1000,Ail Shell,스캐빈저 기사단은 거짓을 없애는 기사단이라고 했죠.,You said the Scavenger Knights are knights who eliminate false.,スカベンジャー騎士団は、偽りを断つ騎士団だと言いましたよね。,Yongsa,idle_0,50,.,.,500,Bard,idle_0,-75,.,.,125,0,trainningRoom,0,0,12,-999
62,37,1,a1000,Ail Shell,정말로… 그들을 베어도 괜찮은 건가요?,Is it really… okay to cut them down?,本当に…彼らを斬ってよかったんでしょうか？,Yongsa,say_0,50,.,.,500,Bard,idle_0,-75,.,.,125,0,trainningRoom,0,0,12,-999
62,38,1,a0010,Bard,…,…,…,Yongsa,say_0,50,.,.,500,Bard,idle_0,-75,.,.,125,0,trainningRoom,0,0,-999,-999
62,39,1,a0010,Bard,…그녀는 뭐라고 했는가?,…What did she say?,…彼女はなんと言っていた？,Yongsa,say_0,50,.,.,500,Bard,say_0,-50,.,.,125,0,trainningRoom,0,0,-999,-999
62,40,1,a1000,Ail Shell,네?,What…?,え？,Yongsa,panic_3,75,.,.,500,Bard,say_0,-50,.,.,125,0,trainningRoom,0,0,-999,-999
62,41,1,a0010,Bard,운명 앞에서 생명은 생각보다 약하다. 이리 휘둘리고 저리 휘둘리지.,Life is weaker than one thinks in the face of destiny.\nIt is tossed and turned here and there.,運命の前では、命は思ったより脆い。翻弄されるものだ。,Yongsa,panic_3,75,.,.,500,Bard,eyeClose_0,-75,.,.,125,0,trainningRoom,0,0,-999,-999
62,42,1,a0010,Bard,나도 언젠가 그 운명 앞에서 무너져 내릴거고. 확실해.,I+o too+o will crumble before that destiny one day. I'm certain of it.,俺もいつかはその運命の前に崩れ落ちるだろう。間違いなくな。,Yongsa,panic_3,75,.,.,500,Bard,eyeClose_1,-75,.,.,125,0,trainningRoom,0,0,-999,-999
62,43,1,a1000,Ail Shell,에이… 그럴리가.,…no way.,まさか…そんなこと…,Yongsa,doubt_0,75,.,.,500,Bard,eyeClose_1,-75,.,.,125,0,trainningRoom,0,0,-999,-999
62,44,1,a0010,Bard,…그렇게 보이나?,…Is that how it looks?,…そう見えるか？,Yongsa,doubt_0,75,.,.,500,Bard,idle_0,-75,.,.,125,0,trainningRoom,0,0,-999,-999
62,45,1,a1000,Ail Shell,…,…,…,Yongsa,idle_0,75,.,.,500,Bard,idle_0,-75,.,.,125,0,trainningRoom,0,0,-999,-999
62,46,1,a0010,Bard,…운명은 시련을 주는 존재다.,…Destiny is an entity that gives trials.,…運命とは、人々に試練を与えるものだ。,Yongsa,idle_0,75,.,.,500,Bard,doubt_0,-75,.,.,125,0,trainningRoom,0,0,-999,-999
62,47,1,a0010,Bard,사람은 스스로 그것들을 이겨낼 수 있지만… 언제나 거짓들이 우리의 눈을 가릴 테지.,Humans can overcome them on their own…\nbut false will always blind our eyes.,人は自らそれを乗り越えることができる。だがいつだって偽りが我々の目を覆うだろう。,Yongsa,idle_0,75,.,.,500,Bard,eyeClose_0,-75,.,.,125,0,trainningRoom,0,0,-999,-999
62,48,1,a0010,Bard,그 거짓들은 나아가는 우리를 조롱하고... 시련을 넘어서는 걸 방해할거다.,Those falses mock us as we move forward..\nand hinder us from overcoming the trials.,その偽りは、進もうとする我々を嘲り…試練を越えるのを妨げる。,Yongsa,idle_0,75,.,.,500,Bard,angry_0,-75,.,.,125,0,trainningRoom,0,0,-999,-999
62,49,1,a0010,Bard,간절한 자들은 그것들에 홀릴지도 모르고.,Those who are desperate may be bewitched by them.,切実に願う者ほど、それに惑わされるかもしれん。,Yongsa,idle_0,75,.,.,500,Bard,doubt_0,-75,.,.,125,0,trainningRoom,0,0,-999,-999
62,50,1,a1000,Ail Shell,스캐빈저 기사단의 임무는…,The mission of the Scavenger Knights is…,スカベンジャー騎士団の使命は…,Yongsa,say_0,75,.,.,500,Bard,doubt_0,-75,.,.,125,0,trainningRoom,0,0,-999,-999
62,51,1,a0010,Bard,그런 거짓을 없애는 것이다.,To eliminate such falses.,そんな偽りを断つことだ。,Yongsa,say_0,75,.,.,500,Bard,say_0,-75,.,.,125,0,trainningRoom,0,0,-999,-999
62,52,1,a0010,Bard,사람들이 거짓에 홀리지 않고 그 앞으로 나아갈 수 있도록 말이야.,So that people are not bewitched by lies and can move forward.,人々が偽りに惑わされず、前へ進めるようにするためだ。,Yongsa,say_0,75,.,.,500,Bard,smile_0,-50,.,.,125,0,trainningRoom,0,0,-999,-999
62,53,1,a0010,Bard,그들이… 너무 슬픈 짐에 묶이지 않도록 말이야.,So that they… are not bound by burdens that are too sorrowful.,彼らが…あまりに悲しい荷に縛られぬようにな。,Yongsa,say_0,75,.,.,500,Bard,eyeClose_0,-75,.,.,125,0,trainningRoom,0,0,-999,-999
62,54,1,a1000,Ail Shell,…터무니 없는 이야기에요.,…That's an absurd story.,…馬鹿げた話です。,Yongsa,doubt_0,75,.,.,500,Bard,eyeClose_0,-75,.,.,125,0,trainningRoom,0,0,-999,-999
62,55,1,a1000,Ail Shell,우리가 모든 걸 막을 수는 없어요.,We can't stop everything.,俺たちに全部を防ぐことなんてできない。,Yongsa,angry_0,75,.,.,500,Bard,eyeClose_0,-75,.,.,125,0,trainningRoom,0,0,-999,-999
62,56,1,a1000,Ail Shell,제 한 치 앞도 가늠이 안된다고요! 게다가…!,I can't even gauge what's right in front of me! And besides…!,自分の一歩先すら見えないんですよ！ それに…！,Yongsa,angry_1,50,.,.,500,Bard,eyeClose_0,-75,.,.,125,0,trainningRoom,0,0,-999,-999
62,57,1,a1000,Ail Shell,…당신도 언젠가 무너져내린다면서요.,…You said you'll crumble one day too.,…あなたもいつかは崩れ落ちるって言ったじゃないですか。,Yongsa,idle_0,75,.,.,500,Bard,eyeClose_0,-75,.,.,125,0,trainningRoom,0,0,-999,-999
62,58,1,a0010,Bard,그렇지. 네 말이 맞다. 나도 무너질거야.,That's right. You're correct. I will crumble.,その通りだ。君の言う通り、俺も崩れる。,Yongsa,idle_0,75,.,.,500,Bard,idle_0,-75,.,.,125,0,trainningRoom,0,0,25,-999
62,59,1,a0010,Bard,무너져야지.,I must crumble.,崩れねばならん。,Yongsa,idle_0,75,.,.,500,Bard,eyeClose_1,-75,.,.,125,0,trainningRoom,0,0,25,-999
62,60,1,a0010,Bard,누군가가 나아갈 수 있게 하고…,So that someone else can move forward…,誰かが前へ進めるように…,Yongsa,idle_0,75,.,.,500,Bard,smile_0,-75,.,.,125,0,trainningRoom,0,0,25,-999
62,61,1,a0010,Bard,누군가의 거짓이 되지 않기 위해서.,And so that I do not become someone else's false.,誰かの偽りにならないために。,Yongsa,idle_0,75,.,.,500,Bard,smile_1,-75,.,.,125,0,trainningRoom,0,0,25,-999
62,62,1,a1000,Ail Shell,…!,…!,…！,Yongsa,surprise_0,75,.,.,500,Bard,smile_1,-75,.,.,125,0,trainningRoom,0,0,25,-999
62,63,1,a0010,Bard,이번 전투에서 밥을 포함한 대원들을 잃었다.,In this battle+o we lost members+o including Bob.,今回の戦いで、ボブを含め多くの仲間を失った。,Yongsa,surprise_0,75,.,.,500,Bard,idle_0,-75,.,.,125,0,trainningRoom,0,0,25,-999
62,64,1,a0010,Bard,그들 덕분에 지금 여기에 우리가 있는 거고,It's thanks to them that we are here now+o and,彼らのおかげで、今こうして我々がここにいる。,Yongsa,surprise_0,75,.,.,500,Bard,eyeClose_1,-75,.,.,125,0,trainningRoom,0,0,25,-999
62,65,1,a0010,Bard,네 판단 덕분에 지금 남은 대원들이 살아있다.,It's thanks to your judgment that the remaining members are alive.,そして君の判断のおかげで、残った仲間たちは今も生きている。,Yongsa,surprise_0,75,.,.,500,Bard,smile_1,-50,.,.,125,0,trainningRoom,0,0,25,-999
62,66,1,a1000,Ail Shell,…,…,…,Yongsa,idle_0,75,.,.,500,Bard,smile_1,-50,.,.,125,0,trainningRoom,0,0,25,-999
62,67,1,a0010,Bard,다시 묻지. 그 던전에 사용된 제물로 사용된 여인.,I ask again. The woman used as a sacrifice in that dungeon.,もう一度聞こう。あのダンジョンで供物にされた女性。,Yongsa,idle_0,75,.,.,500,Bard,eyeClose_0,-75,.,.,125,0,trainningRoom,0,0,25,-999
62,68,1,a0010,Bard,…그녀는 뭐라고 했는가?,…What did she say?,…彼女はなんと言っていた？,Yongsa,idle_0,75,.,.,500,Smirk,black_0,-75,.,.,125,1,destinyPoint,0,0,25,-999
62,69,1,a1000,Ail Shell,…,…,…,Yongsa,shadow_0,75,.,.,500,Smirk,black_0,-75,.,.,125,0,destinyPoint,0,0,25,-999
62,70,1,a1000,Ail Shell,고맙다고…,She told me…,ありがとう…と、,Yongsa,sad_3,50,.,.,500,Bard,eyeClose_0,-75,.,.,125,0,trainningRoom,0,0,25,-999
62,70,1,a3000,Ail Shell,말해줬습니다…,Thank you…,言ってくれました…,Yongsa,sad_1,50,.,.,500,Bard,eyeClose_0,-75,.,.,125,0,trainningRoom,0,0,25,-999
62,71,1,a0010,Bard,…그래.,…I see.,…そうか。,Yongsa,sad_1,25,.,.,500,Bard,eyeClose_0,-25,.,.,125,1,trainningRoom,1,124,25,-999
62,72,1,a0010,Bard,그럼 그녀 또한 네 덕분에 나아간 것이겠구나.,Then she was able to move forward thanks to you+o too.,ならば彼女も、君のおかげで前へ進めたのだろう。,Yongsa,sad_1,25,.,.,500,Bard,eyeClose_0,-25,.,.,125,0,trainningRoom,1,125,25,-999
62,73,1,a0000, , , , ,Yongsa,black_0,25,.,.,500,Bard,eyeClose_0,-50,.,.,125,1,trainningRoom,0,0,25,-999
62,75,1,a1000,Ail Shell,…,…,…,Yongsa,black_0,50,.,.,500,Bard,eyeClose_0,-50,.,.,125,0,trainningRoom,0,0,-999,17
62,76,1,a0010,Bard,진정했나?,Have you calmed down?,少しは落ち着いたか？,Yongsa,black_0,50,.,.,500,Bard,smile_0,-50,.,.,125,0,trainningRoom,0,0,-999,-999
62,77,1,a2000,Ail Shell,…네.,…Yes.,…はい。,Yongsa,shame_0,50,.,.,500,Bard,smile_0,-50,.,.,125,0,trainningRoom,0,0,-999,16
62,78,1,a0010,Bard,자 그럼 다시 훈련 시간이다.,Now then+o it's time for training again.,では、訓練に戻るとしよう。,Yongsa,shame_0,50,.,.,500,Bard,eyeClose_0,-25,.,.,125,0,trainningRoom,0,0,4,-999
62,79,1,a0010,Bard,그레이스 양의 복수는 내가 직접하도록 하지.,I shall personally handle Miss Grace's revenge.,グレースさんの復讐は、この俺が直接果たす。,Yongsa,shame_0,50,.,.,500,Bard,smile_1,-25,.,.,125,0,trainningRoom,0,0,4,33
62,80,1,a1000,Ail Shell,…기사단장님.,…Commander.,…団長。,Yongsa,shadow_0,50,.,.,500,Bard,smile_1,-25,.,.,125,0,trainningRoom,0,0,4,-999
62,81,1,a0010,Bard,?,?,？,Yongsa,shadow_0,25,.,.,500,Bard,idle_0,-75,.,.,125,0,trainningRoom,0,0,4,-999
62,82,1,a1000,Ail Shell,엄청난 재능과 힘을 가진 자가 있다면…,If there were someone with immense talent and power…,もしも、とてつもない才能と力を持つ者がいたなら…,Yongsa,say_0,50,.,.,500,Bard,idle_0,-75,.,.,125,0,trainningRoom,0,0,4,-999
62,83,1,a1000,Ail Shell,더 많은 <거짓>을 없앨 수 있을까요…?,Could we eliminate more <false>?,もっと多くの〈偽り〉を打ち払えるのでしょうか…？,Yongsa,doubt_0,25,.,.,500,Bard,idle_0,-75,.,.,125,0,trainningRoom,0,0,4,-999
62,84,1,a0020,Bard,그야 당연하지!,Of course!,それはもちろんだ！,Yongsa,doubt_0,25,.,.,500,Bard,smile_1,0,.,.,125,0,trainningRoom,0,0,4,-999
62,85,1,a0010,Bard,강한 힘을 가지고 올바르게 사용할 수 있다면,If one possesses great power and can use it correctly+o,強い力を持ち、それを正しく使えるならば…,Yongsa,doubt_0,25,.,.,500,Bard,smile_0,-50,.,.,125,0,trainningRoom,0,0,4,-999
62,86,1,a0030,Bard,수많은 거짓을 없애고 사람을 구하는… 그야말로 용사가 될 수 있을 거다!,He could eliminate countless falses and save people…\nHe could truly become a hero!,数多の偽りを消し、人を救う…まさしく勇者になれるだろう！,Yongsa,doubt_0,25,.,.,500,Bard,smile_1,-50,.,.,125,0,trainningRoom,0,0,4,-999
62,87,1,a1000,Ail Shell,…그렇군요.,…I see.,…そうですか。,Yongsa,shadow_0,50,.,.,500,Bard,smile_1,-50,.,.,125,0,trainningRoom,0,0,4,-999
62,88,1,a2000,Ail Shell,결정했습니다! 바르드 기사단장님!,I've decided! Knight Commander Bard!,決めました！バルド団長！,Yongsa,angry_2,0,.,.,500,Bard,smile_1,-50,.,.,125,0,trainningRoom,0,0,4,-999
62,89,1,a0020,Bard,그래!,Yes!,そうか！,Yongsa,angry_2,0,.,.,500,Bard,smile_0,-50,.,.,125,0,trainningRoom,0,0,4,-999
62,90,1,a1000,Ail Shell,저 휴가 좀 내겠습니다!,I'm taking a vacation!,休暇を使わせていただきます！,Yongsa,shine_0,-500,.,.,500,Bard,smile_0,50,.,.,125,0,trainningRoom,0,0,4,32
62,91,1,a0000, ,( 쾅! ),( SLAM! ),（バタン！）,Yongsa,shine_0,-500,.,.,500,Bard,smile_0,50,.,.,125,0,trainningRoom,0,0,4,52
62,92,1,a0010,Bard,그래! 더욱 힘내서 훈련을…,Yes!\nNow let's put more effort into traini—,そうか！もっと気合を入れて訓練を…,.,.,-500,.,.,500,Bard,smile_1,50,.,.,125,0,trainningRoom,0,0,4,-999
62,93,1,a0010,Bard,응? 뭐라고…?,Huh? What…?,ん？今なんと…？,.,.,-500,.,.,500,Bard,panic_0,0,.,.,125,0,trainningRoom,0,0,-999,-999
62,94,1,a0000, , , , ,.,.,-500,.,.,500,.,.,0,.,.,125,1,black,1,126,-999,18
62,95,1,a0000, , , , ,.,.,-500,.,.,500,.,.,0,.,.,125,0,black,1,127,-999,19
62,96,1,a0000, , , , ,.,.,-75,.,.,-125,.,.,0,.,.,125,0,black,1,128,-999,16
62,97,1,a0000, , , , ,Yongsa,black_0,-400,witchYoung,black_0,-500,Greret,eyeClose_0,400,.,.,125,0,black,1,129,-999,19
62,98,1,a0010,Greret,…그래서,…So,…それで？,Yongsa,black_0,-75,witchYoung,black_0,-125,Greret,eyeClose_0,75,.,.,125,0,library,0,0,-999,-999
62,99,1,a0100,Grin,(덜덜덜덜덜덜),(Tremble tremble tremble),（ガタガタガタガタ）,Yongsa,black_0,-75,witchYoung,panic_3,-100,Greret,eyeClose_0,75,.,.,125,0,library,0,0,-999,46
62,100,1,a0010,Greret,나한테 뭘 해달라고…?,What exactly are you asking me to do…?,私に何をしてほしいって…？,Yongsa,black_0,-75,witchYoung,panic_3,-100,Greret,panic_0,50,.,.,125,0,library,0,0,-999,-999
62,101,1,a1000,Ail Shell,Grin에게... ,Please teach…,グリンに…,Yongsa,shadow_0,-50,witchYoung,panic_3,-100,Greret,panic_0,50,.,.,125,0,library,0,0,-999,-999
62,102,1,a2000,Ail Shell,마법을 알려주세요!,magic to Grin!,魔法を教えてください！,Yongsa,shine_0,0,witchYoung,panic_3,-100,Greret,panic_0,50,.,.,125,0,focus,0,0,-999,36
63,0,1,a1000,Ail Shell,…,…,…,Yongsa,shadow_0,-75,Witch,idle_0,75,.,.,50,.,.,125,1,home,0,0,1,-999
63,1,1,a1000,Ail Shell,하하…,Haha…,はは…,Yongsa,lie_0,-75,Witch,idle_0,75,.,.,51,.,.,126,0,home,0,0,1,-999
63,2,1,a1000,Ail Shell,나... 엄청 무례한 짓을 했네.,I… did something incredibly rude.,俺…とんでもなく無礼なことをしたな。,Yongsa,shame_0,-75,Witch,idle_0,75,.,.,52,.,.,127,0,home,0,0,1,-999
63,3,1,a0100,Grin,그러게요.,Indeed.,そうですね。,Yongsa,shame_0,-75,Witch,smile_1,50,.,.,53,.,.,128,0,home,0,0,1,-999
63,4,1,a0100,Grin,...조금은 자중하셨으면 좋았을 텐데 말이죠.,...I wish you had exercised a bit more restraint.,…少しは控えてくれればよかったんですけど。,Yongsa,shame_0,-75,Witch,smile_0,50,.,.,54,.,.,129,0,home,0,0,1,-999
63,5,1,a1000,Ail Shell,그… 그래도 봐봐.,But… look.,でも、考えてみろ。,Yongsa,lie_0,-85,Witch,smile_0,50,.,.,55,.,.,130,0,home,0,0,1,-999
63,6,1,a2000,Ail Shell,덕분에 너도 훌륭한 마법사로 잘 컸잖아?,Thanks to that+o you grew up to be a wonderful mage+o didn't you?,そのおかげで、お前だって立派な魔法使いになったじゃないか。,Yongsa,smile_1,-50,Witch,smile_0,50,.,.,56,.,.,131,0,home,0,0,1,-999
63,7,1,a0100,Grin,…,…,…,Yongsa,smile_1,-50,Witch,lie_0,75,.,.,57,.,.,132,0,home,0,0,1,-999
63,8,1,a1000,Ail Shell,…그럼 준비도 끝났으니,…Well+o now that the preparations are finished+o,…さあ、準備も整ったし,Yongsa,eyeClose_0,-75,Witch,lie_0,75,.,.,58,.,.,133,0,home,0,0,1,-999
63,9,1,a1000,Ail Shell,나가볼까? 밖으로!,Shall we go+o Outside!,行こうか？外へ！,Yongsa,smile_0,-50,Witch,lie_0,75,.,.,59,.,.,134,0,home,0,0,1,-999
63,0,1,a0000, , , , ,.,.,30,.,.,80,.,.,0,.,.,500,1,kingdomFront,0,0,-999,-999
63,1,1,a0020, ,(잠시 후+o 불완전한 포인트),(A moment later+o Unstable Point),(20分後+o 不完全な「ポイント」),.,.,400,.,.,500,Owl,black_0,0,.,.,500,0,kingdomFront,0,0,-999,-999
63,1,1,a0020,Flutter,구멍 준비 완료!,Hole ready!,準備完了！,.,.,400,.,.,500,Owl,proud_1,0,.,.,500,0,focus,0,0,-999,14
63,1,1,a0010,Flutter,이 곳을 지나가면 바로 바깥이에요!,Once you pass through here+o you'll be right outside!,この穴を通れば外に出られます！,.,.,400,.,.,500,Owl,proud_0,0,.,.,500,0,focus,0,0,-999,24
63,2,1,a1000,Ail Shell,오오…,Ooh…,おお…,Yongsa,shine_0,30,Witch,sad_2,80,Owl,proud_0,-50,.,.,500,0,kingdomFront,0,0,8,-999
63,3,1,a1000,Ail Shell,그러면 슬슬 나가볼까?,Then shall we head out?,じゃあ、そろそろ出るとしようか。,Yongsa,smile_0,20,Witch,sad_2,80,Owl,proud_0,-50,.,.,500,0,kingdomFront,0,0,8,-999
63,4,1,a0010,Flutter,아 맞다. 이 구멍도 엄청 불완전하니까,Oh+o right. This hole is very unstable+o so,あ、そうそう。この穴もかなり不安定だから、,Yongsa,smile_0,20,Witch,sad_2,80,Owl,idle_1,-50,.,.,500,0,kingdomFront,0,0,8,-999
63,5,1,a0010,Flutter,제 주문이 끊기기라도 하면 바로 구멍이 사라질 거에요.,if my spell is interrupted+o the hole will vanish immediately.,私の詠唱が途切れたら、穴はすぐに消えてしまいます。,Yongsa,smile_0,20,Witch,sad_2,80,Owl,question_2,-50,.,.,500,0,kingdomFront,0,0,8,-999
63,6,1,a0010,Flutter,그러니까 왠만해서 저를 건들이면 안돼요?,So+o could you please try not to touch me?,だから、なるべく私にちょっかい出さないでくださいね？,Yongsa,smile_0,20,Witch,sad_2,80,Owl,eyeClose_2,-50,.,.,500,0,kingdomFront,0,0,8,-999
63,7,1,a1000,Ail Shell,그정도야 상관없지.,That's not a problem.,それくらい問題ない。,Yongsa,idle_0,20,Witch,sad_2,80,Owl,eyeClose_2,-50,.,.,500,0,kingdomFront,0,0,8,-999
63,8,1,a1000,Ail Shell,나가기만 하면 되는데 너에게 도움을 청할 일이 있겠어?,We just need to get out.\nwhy would I need to ask you for help?,外に出るだけなのに、お前の助けを求めることなんてあるか？,Yongsa,smile_0,20,Witch,sad_2,80,Owl,eyeClose_2,-50,.,.,500,0,kingdomFront,0,0,8,-999
63,9,1,a0100,Grin,…,…,…,Yongsa,smile_0,20,Witch,lie_0,80,Owl,eyeClose_2,-50,.,.,500,0,kingdomFront,0,0,8,-999
63,10,1,a0200,Grin,잠깐!,Wait!,待って！,Yongsa,smile_0,75,Witch,panic_0,0,Owl,eyeClose_2,-500,.,.,500,0,kingdomFront,0,0,8,-999
63,11,1,a1000,Ail Shell,?,?,？,Yongsa,panic_2,75,Witch,panic_0,0,Owl,eyeClose_2,-500,.,.,500,0,kingdomFront,0,0,8,30
63,12,1,a0100,Grin,애… 애일 씨는 남는 게 어때요? 빨리 기억을 찾아야 하잖아요!,Why don't… why don't you stay here+o Ail?\nYou need to find your memories quickly!,エ…エイルさんは残ったらどうですか？早く記憶を探さないといけないし！,Yongsa,panic_2,75,Witch,sad_0,10,Owl,eyeClose_2,-500,.,.,500,0,kingdomFront,0,0,8,-999
63,13,1,a1000,Ail Shell,…아니 그렇게 급한 건 아니니까…,…No+o it's not that urgent…,…いや、そんなに急ぐことじゃないから…,Yongsa,doubt_0,65,Witch,sad_0,10,Owl,eyeClose_2,-500,.,.,500,0,kingdomFront,0,0,8,-999
63,14,1,a1000,Ail Shell,그럼 그린. 너라도 잠깐 나갔다가 오는 게 어때?,Then Grin+o why don't you go out for a bit?,じゃあグリン。お前だけでも外に出てきたらどうだ？,Yongsa,smile_0,50,Witch,sad_0,10,Owl,eyeClose_2,-500,.,.,500,0,kingdomFront,0,0,8,-999
63,15,1,a0100,Grin,저… 저요?!,M… Me?!,わ、私がですか？！,Yongsa,smile_0,50,Witch,panic_0,0,Owl,eyeClose_2,-500,.,.,500,0,kingdomFront,0,0,8,-999
63,16,1,a1000,Ail Shell,그래. 나보다 더 오래 있었으니 갑갑했을 거 아니야.,Yeah. You've been here longer than me+o\nso you must be feeling suffocated.,そうだな。俺より長くここにいたんだし、大変だったんだろう。,Yongsa,smile_1,50,Witch,panic_0,0,Owl,eyeClose_2,-500,.,.,500,0,kingdomFront,0,0,8,-999
63,17,1,a0100,Grin,그… 그러니까?!,S… So?!,そ…それで！？,Yongsa,smile_1,50,Witch,lie_0,-10,Owl,eyeClose_2,-500,.,.,500,0,kingdomFront,0,0,8,-999
63,18,1,a1000,Ail Shell,빨리 안나가면 나부터 나간다?,If you don't go out quickly+o I'm going first.,早く出ないと、俺が先に行くぞ？,Yongsa,smile_1,-10,Witch,lie_0,10,Owl,eyeClose_2,-500,.,.,500,0,kingdomFront,0,0,8,-999
63,19,1,a0100,Grin,아… 안돼요!,N… No!,ダ…ダメですってば！,Yongsa,smile_1,-20,Witch,panic_0,0,Owl,eyeClose_2,-500,.,.,500,0,kingdomFront,0,0,8,-999
63,20,1,a0000, ,(덥석),(Grab),（ガシッ）,Yongsa,smile_1,-20,Witch,panic_0,0,.,.,-500,.,.,500,0,kingdomFront,1,136,8,-999
63,22,1,a1000,Ail Shell,으악! 너 지금 뭐하는 거야?!,Gaaaaaah! What are you doing?!,うわっ！お前何をしてる！？,Yongsa,angry_2,-50,Witch,angry_0,-30,.,.,-500,.,.,500,0,kingdomFront,2,136,8,-999
63,23,1,a0100,Grin,안돼요! 역시 못 보내줘요! 나가지 말아요!,No! I really can't let you go! Don't go out!,ダメなんです！やっぱり行かせられません！出ちゃダメです！,Yongsa,angry_2,30,Witch,sad_0,50,.,.,-500,.,.,500,0,kingdomFront,2,136,8,-999
63,24,1,a1000,Ail Shell,야! 내 나이가 몇인데 뭐하는 거야?! 이거 안 내려놔!!,Put me down!! It's too embarrassing!,おい！この俺を子ども扱いする気が！？今すぐ降ろせ！！,Yongsa,shame_1,-50,Witch,sad_0,-30,Owl,black_0,-500,.,.,500,0,kingdomFront,2,136,8,16
63,25,1,a1000,Ail Shell,참새야! 후배 좀 말려봐!,Sparrow! Stop your junior!,スズメ！後輩を止めろ！,Yongsa,shame_1,-60,Witch,sad_0,-40,Owl,black_0,-125,.,.,500,0,kingdomFront,2,136,8,-999
63,26,1,a0010,Flutter,…,…,…,Yongsa,shame_1,75,Witch,sad_0,95,Owl,angry_1,-75,.,.,500,0,kingdomFront,0,0,8,-999
63,27,1,a0010,Flutter,그럼 전 구멍이 무너지기 전에 나가서 안정화 작업을 시작할테니+o,Well then+o I'll head out and start the stabilization work before the hole collapses+o,じゃあ私は穴が崩れる前に出て、安定化作業を始めますから,Yongsa,shame_1,75,Witch,sad_0,95,Owl,eyeClose_2,-75,.,.,500,0,kingdomFront,0,0,8,-999
63,28,1,a0010,Flutter,둘 사이의 문제는 둘이서 잘 해결해주세요.,Please resolve the issues between you two yourselves.,二人のことは二人で、うまく解決していただきましょう。,Yongsa,shame_1,75,Witch,sad_0,95,Owl,angry_0,-100,.,.,500,0,kingdomFront,0,0,8,-999
63,29,1,a2000,Ail Shell,아 좀!!!,Ah+o seriously!!,ちょっと！！！,Yongsa,angry_2,75,Witch,sad_0,95,Owl,angry_0,-100,.,.,500,0,kingdomFront,0,0,8,24
63,30,1,a0001,???,거기까지다!,That's far enough!,そこまでだ！,Yongsa,angry_2,75,Witch,sad_0,95,Owl,angry_0,-100,Odi,black_0,-500,0,kingdomFront,0,0,-999,-999
63,31,1,a1110,Ail Shell & Grin & Flutter,?,?,？,Yongsa,panic_2,75,Witch,panic_0,125,Owl,question_0,-100,Odi,black_0,-500,0,kingdomFront,0,0,-999,30
63,32,1,a0010,Flutter,이게 무슨 소리…,What is this sound…,この声は…？,Yongsa,panic_2,75,Witch,panic_0,125,Owl,question_2,-125,Odi,black_0,-500,0,kingdomFront,0,0,-999,-999
63,33,1,a0000, , , , ,Yongsa,panic_2,105,Witch,panic_0,135,Owl,question_2,0,Odi,black_0,-30,0,kingdomFront,1,132,-999,43
63,34,1,a0010,Flutter,꺄… 꺄아아악!!,Kya… Kyaaaaah!!,きゃ…きゃあああっ！！,Yongsa,panic_2,105,Witch,panic_0,135,Owl,sad_0,0,Odi,black_0,-30,0,kingdomFront,2,132,-999,-999
63,35,1,a0010, , , , ,Yongsa,panic_2,105,Witch,panic_0,135,Owl,timeStop_0,0,Odi,black_0,-30,1,kingdomFront,0,0,-999,82
63,36,1,a0001,???,잡았다. 운명 마법사! 설마 이런 일을 벌이다니.,Got you. Destiny Wizard! To think you'd pull something like this.,捕まえた。運命魔法使い！まさかこんなことを仕出かすなんて。,Yongsa,panic_2,105,Witch,panic_0,135,Owl,timeStop_0,-75,Odi,idle_0,-125,0,kingdomFront,0,0,18,-999
63,37,1,a0001,???,하지만… 운이 안좋았네. 하필이면 이 몸에게 걸리다니.,But… you're out of luck. Of all people+o you ran into me.,でも…運が悪かったね。よりによってこの私に見つかるとは。,Yongsa,panic_2,105,Witch,panic_0,135,Owl,timeStop_0,-75,Odi,eyeClose_0,-125,0,kingdomFront,0,0,18,-999
63,38,1,a0001,???,왜 갑자기 구멍이 난 건지는 모르겠지만 너희의 작전도 여기서 끝…,I don't know why a hole suddenly opened+o but your plan ends here…,なぜ急に穴が開いたのかは知らないけれど…あなたたちの作戦もここで終わり…,Yongsa,panic_2,105,Witch,panic_0,135,Owl,timeStop_0,-125,Odi,taunt_0,-75,0,kingdomFront,0,0,18,-999
63,39,1,a1000,Ail Shell,지… 지금 뭐하는 거야?!,W… What are you doing?!,なっ…何をしてるんだ！？,Yongsa,panic_0,75,Witch,panic_0,125,Owl,timeStop_0,-125,Odi,taunt_0,-75,0,kingdomFront,0,0,18,-999
63,40,1,a0002,???,너희도 꼼짝말고 있어! 다음은 너희 차례…,You two stay put as well! You're next…,全員動くな！次はあんたたちの番…,Yongsa,panic_0,75,Witch,panic_0,125,Owl,timeStop_0,-125,Odi,eyeClose_0,-75,0,kingdomFront,0,0,18,-999
63,41,1,a2000,Ail Shell,구멍이 닫히잖아!!!,The hole is closing!!,穴が閉じていくじゃないか！！！,Yongsa,angry_2,0,Witch,panic_0,125,Owl,timeStop_0,-125,Odi,eyeClose_0,-75,0,kingdomFront,0,0,18,24
63,42,1,a0001,???,에?,Eh?,えっ？,Yongsa,angry_2,0,Witch,panic_0,125,Owl,timeStop_0,-125,Odi,panic_0,-75,0,kingdomFront,1,133,-999,30
63,43,1,a0000, , , , ,Yongsa,angry_2,0,Witch,panic_0,125,Owl,timeStop_0,-125,Odi,panic_0,-75,0,kingdomFront,1,134,-999,-999
63,44,1,a0001,???,…,…,…,Yongsa,angry_2,0,Witch,panic_0,125,Owl,timeStop_0,-125,Odi,panic_0,-75,0,kingdomFront,1,135,-999,-999
63,45,1,a0001,???,에에엑?!!!?!!,Eeeeh?!,えええっ！？！？！！,.,.,0,.,.,125,.,.,-125,.,.,-75,0,black,0,0,-999,38
64,0,1,a0000, , , , ,.,.,-500,.,.,-500,.,.,50,.,.,125,0,empty,0,0,-999,-999
64,0,1,a1000,Ail Shell,휴… 엄청 멀리 왔네.,Phew… we've come a long way.,ふう…ずいぶん遠くまで来たな。,Yongsa,panic_3,-50,Witch,black_0,-500,.,.,50,.,.,50,0,empty,0,0,-999,17
64,1,1,a1000,Ail Shell,여기야? 그 불완전한 포인트라는 곳이?,Is this it? The place called the Unstable Point?,ここか？その不完全なポイントってのは？,Yongsa,idle_0,0,Witch,black_0,-125,.,.,50,.,.,50,0,empty,0,0,-999,-999
64,2,1,a0100,Grin,네… 그렇긴 한데요.,Yes… it is.,はい…まあ、そうなんですけど。,Yongsa,idle_0,0,Witch,panic_0,-75,.,.,50,.,.,50,0,empty,0,0,-999,-999
64,3,1,a1000,Ail Shell,그럼 플러터를 불러오면 되겠네.,Then we just need to call Flutter.,じゃあフラッターを呼んでこよう。,Yongsa,smile_0,15,Witch,panic_0,-75,Bob,black_0,500,.,.,50,0,empty,0,0,-999,-999
64,4,1,a2200,???,거기 멈춰라!,Stop right there!,待て！,Yongsa,smile_0,15,Witch,panic_0,-75,Bob,black_0,125,.,.,50,0,empty,0,0,-999,-999
64,5,1,a1000,Ail Shell,?!,?!,！？,Yongsa,panic_2,0,Witch,panic_0,-75,Bob,black_0,125,.,.,50,0,empty,0,0,-999,-999
64,6,1,a0000, ,(채앵!),(Clang!),（キィン！）,Yongsa,angry_0,-50,Witch,panic_0,-125,Bob,black_0,0,.,.,50,0,empty,1,137,-999,51
64,7,1,a1000,Ail Shell,뭐야?!,What?!,なんだ！？,Yongsa,angry_1,-50,Witch,panic_0,-125,Bob,black_0,0,.,.,50,0,empty,2,137,-999,-999
64,8,1,a0010,???,이 앞으로는 지나갈 수 없다.,You cannot pass beyond this point.,この先へは通さない。,Yongsa,angry_1,-50,Witch,panic_0,-125,Bob,black_0,50,.,.,300,0,empty,2,137,-999,-999
64,9,1,a0020,Bob,여기부턴 나 밥이 상대해주도록 하지!,From here on+o I+o Bob+o shall be your opponent!,ここから先は、このボブがお前の相手だ!,Yongsa,angry_1,-100,Witch,panic_0,-150,Bob,idle_0,0,.,.,300,0,focus,0,0,-999,14
64,10,1,a1100,Ail Shell & Grin,…,…,…,Yongsa,idle_0,-50,Witch,idle_0,-125,Bob,idle_0,50,.,.,300,0,empty,0,0,-999,-999
64,11,1,a2200,Ail Shell & Grin,바압?!,Bob?!,ボブ！？,Yongsa,panic_0,-50,Witch,panic_0,-125,Bob,idle_0,50,.,.,300,0,empty,0,0,-999,-999
64,12,1,a0010,Bob,…뭐야? 애일이었네?,…What? It was Ail?,…なんだ、エイルか？,Yongsa,panic_0,-50,Witch,panic_0,-125,Bob,idle_0,25,Tom,black_0,500,0,empty,0,0,8,-999
64,13,1,a0001,Tom,밥. 무슨 일이야.,Bob. What's going on.,ボブ、どうした？,Yongsa,panic_0,-50,Witch,panic_0,-125,Bob,idle_0,25,Tom,idle_0,100,0,empty,0,0,8,17
64,14,1,a0020,Bob,애일이 왔어. 난 또 침입자인줄 알았잖아.,Ail is here. I thought he was an intruder.,エイルが来たんだよ。侵入者かと思ったじゃないか。,Yongsa,panic_0,-50,Witch,panic_0,-125,Bob,idle_0,50,Tom,idle_0,125,0,empty,0,0,8,-999
64,15,1,a1000,Ail Shell,…진짜 밥하고 톰인가?,…Is it really Bob and Tom?,…本物のボブとトムなのか？,Yongsa,doubt_0,-25,Witch,panic_0,-125,Bob,idle_0,50,Tom,idle_0,125,0,empty,0,0,8,-999
64,16,1,a0100,Grin,그럴리가 없잖아요!,That's impossible!,そんなわけないじゃないですか！,Yongsa,doubt_0,-25,Witch,angry_1,-100,Bob,idle_0,75,Tom,idle_0,125,0,empty,0,0,8,-999
64,17,1,a0100,Grin,이건 과거에요! 던전이 그들을 재현해서 저희를 막는 거에요.,This is the past! The dungeon is recreating them to stop us.,これは過去です！ダンジョンが彼らを再現して、私たちを止めようとしてるんです。,Yongsa,doubt_0,-50,Witch,angry_0,-125,Bob,idle_0,75,Tom,idle_0,125,0,empty,0,0,8,-999
64,18,1,a0200,Grin,심지어 밥은 죽었다면서요!,You even said Bob died!,しかもボブはもう死んだじゃないですか！,Yongsa,doubt_0,-50,Witch,angry_1,-125,Bob,idle_0,75,Tom,idle_0,125,0,empty,0,0,8,24
64,19,1,a1000,Ail Shell,…그래 맞아. 오랜만에 봐서 잊었네.,…Right+o that's true. I forgot since it's been so long.,…そうだな。あまりにも久しぶりで思い出せなかった。,Yongsa,panic_0,-50,Witch,black_0,-125,Bob,idle_0,75,Tom,idle_0,125,0,empty,0,0,8,-999
64,20,1,a1000,Ail Shell,밥은 사망 플래그를 남발하다가 죽어버렸지.,Bob died after spamming death flags.,ボブは死亡フラグ立てすぎて死んだんだったな。,Yongsa,panic_1,-75,Witch,black_0,-500,Bob,idle_0,50,Tom,idle_0,100,0,empty,0,0,8,-999
64,21,1,a0010,Bob,뭐어?! 내가 죽긴 왜 죽어!,Whaaat?! Why would I die!,なんだと！？この俺が死ぬわけないだろ！,Yongsa,panic_1,-75,Bard,eyeClose_0,500,Bob,idle_0,0,Tom,idle_0,100,0,empty,0,0,8,24
64,22,1,a0100,Bard,(스윽),(Step),（スッ…）,Yongsa,panic_1,-125,Bard,eyeClose_0,125,Bob,idle_0,-50,Tom,idle_0,50,0,empty,0,0,8,17
64,23,1,a0022,Bob & Tom,충성!,Salute!,ご苦労様です！,Yongsa,panic_1,-125,Bard,eyeClose_0,125,Bob,idle_0,-50,Tom,idle_0,25,0,empty,0,0,8,-999
64,24,1,a1000,Ail Shell,바르드…!,Bard…!,バルド…！,Yongsa,idle_0,-125,Bard,eyeClose_0,125,Bob,idle_0,-50,Tom,idle_0,25,0,empty,0,0,8,-999
64,25,1,a0001,Tom,기사단장님 벌써 오셨습니까? 아직 교대시간이…,Commander+o you've arrived already?\nIt's not yet time for the shift change…,団長、もうお越しに？まだ交代の時間じゃ…,Yongsa,idle_0,-125,Bard,eyeClose_0,125,Bob,idle_0,-50,Tom,idle_0,50,0,empty,0,0,8,-999
64,26,1,a0100,Bard,가짜군.,Fakes.,偽物か。,Yongsa,idle_0,-125,Bard,doubt_0,125,Bob,idle_0,-50,Tom,idle_0,50,0,empty,0,0,-999,-999
64,27,1,a0001,Tom,네? 그게 무슨…,What do you mean…,え？それはどういう…,Yongsa,idle_0,-125,Bard,doubt_0,125,Bob,idle_0,-50,Tom,idle_0,50,0,empty,0,0,-999,-999
64,28,1,a0000, ,(서걱!),(Slash!),（ザシュッ！）,Yongsa,idle_0,-125,Bard,doubt_0,125,Bob,idle_0,-50,Bob,cut_0,50,0,empty,1,130,-999,79
64,30,1,a0001,Tom,…어?,…Eh?,…ん？,Yongsa,idle_0,-125,Bard,doubt_0,125,Bob,idle_0,-50,Bob,cut_0,50,0,empty,2,130,-999,-999
64,33,1,a1000,Ail Shell,?!,?!,！？,Yongsa,panic_1,-125,Bard,doubt_0,125,Bob,idle_0,-50,Bob,cut_0,50,0,empty,0,0,-999,-999
64,34,1,a0010,Bob,기… 기사단장님…?,K… Knight Commander…?,だ…団長…？,Yongsa,panic_1,-125,Bard,doubt_0,100,Bob,idle_0,0,Bob,cut_0,500,0,empty,0,0,-999,-999
64,35,1,a0100,Bard,제법 공들인 마법이군. 속을 뻔했어.,Quite an elaborate spell. I almost fell for it.,なかなか手の込んだ魔法だ。危うくだまされるところだった。,Yongsa,panic_1,-125,Bard,angry_0,75,Bob,idle_0,0,.,.,500,0,empty,0,0,-999,-999
64,36,1,a0010,Bob,대체 왜…?,Why on earth…?,なぜだ…？,Yongsa,panic_1,-125,Bard,angry_0,75,Bob,idle_0,-50,.,.,500,0,empty,0,0,-999,-999
64,37,1,a0100,Bard,…밥. 넌 저번 여정에서 죽었잖냐.,…Bob. You died during the last journey.,…ボブ。君は前の旅で死んだはずだ。,Yongsa,panic_1,-125,Bard,eyeClose_0,75,Bob,idle_0,-50,.,.,500,0,empty,0,0,-999,-999
64,38,1,a0100,Bard,명예로운 스캐빈저 기사단이 추하게 굴지마라.,Do not act unsightly+o\nas a member of the honorable Scavenger Knights.,名誉あるスカベンジャーの騎士なら、情けない真似をするな。,Yongsa,panic_1,-125,Bard,idle_0,75,Bob,idle_0,-50,.,.,500,0,empty,0,0,-999,-999
64,39,1,a0010,Bob,무슨 소리입니까… 전 죽은 적 없습니다!,What are you talking about… I never died!,何をおっしゃるんですか…俺は死んでいません！,Yongsa,panic_1,-125,Bard,idle_0,75,Bob,idle_0,-50,.,.,500,0,empty,0,0,-999,-999
64,40,1,a0020,Bob,아직 못 끝낸 약속들이 산더미란 말입니다!,I have a mountain of promises I haven't finished yet!,まだ果たしてない約束が山ほどあるんです！,Yongsa,panic_1,-125,Bard,idle_0,125,Bob,idle_0,-25,.,.,500,0,focus,0,0,-999,24
64,41,1,a0030,Bob,동기들이랑 담력 훈련도 가고! 추억담긴 목걸이도 만들어 보고!,Going on courage training with my peers!\nMaking a necklace full of memories!,同期たちと忍耐訓練にも行きたいし！思い出のネックレスだって作りたいんです！,Yongsa,panic_1,-125,Bard,idle_0,125,Bob,idle_0,0,.,.,500,0,focus,0,0,-999,-999
64,42,1,a0020,Bob,사랑하던 그녀한테 고백도 해야한단 말입니다!,And… I still have to confess to the girl I love!,愛するあの人にだって、告白しなきゃいけないんです！,Yongsa,panic_1,-125,Bard,idle_0,125,Bob,idle_0,0,.,.,500,0,focus,0,0,-999,14
64,43,1,a0100,Bard,…,…,…,Yongsa,panic_1,-125,Bard,panic_0,75,Bob,idle_0,0,.,.,500,0,empty,0,0,-999,-999
64,44,1,a0100,Bard,…넌 그러려니 해라...,…Bob+o you're hopeless.,…自業自得ってやつだな…,Yongsa,panic_1,-125,Bard,panic_1,75,Bob,idle_0,0,.,.,-500,0,empty,0,0,-999,-999
64,45,1,a0100, ,(서걱!),(Slash!),（ザシュッ！）,Yongsa,panic_1,-125,Bard,idle_0,0,Bob,cut_0,75,.,.,-500,0,empty,0,0,-999,80
64,47,1,a0010,Bob,크아아악!!!,Kuaaaaagh!!,ぐああああっ！！！,Yongsa,panic_1,-125,Bard,idle_0,0,Bob,cut_0,75,Witch,black_0,-500,0,empty,0,0,-999,-999
64,48,1,a1000,Ail Shell,밥!!,Bob!!,ボブ！！,Yongsa,angry_0,-50,Bard,idle_0,125,Bob,cut_0,500,Witch,black_0,-150,0,empty,0,0,-999,-999
64,50,1,a0002,Grin,이… 이게 어떻게 된거죠? 과거가 과거를 공격하다니?!,H… How did this happen? The past attacking the past?!,こ、これはどういうことですか？過去が過去を攻撃するなんて！？,Yongsa,angry_0,-50,Bard,idle_0,125,.,.,500,Witch,panic_0,-125,0,empty,0,0,-999,-999
64,51,1,a1000,Ail Shell,…스캐빈저 기사단의 단장은 대대로 특수한 가호를 수여받아.,…The commanders of the Scavenger Knights are granted a special power\nfrom generation to generation.,…スカベンジャー騎士団の団長は代々、特別な加護を授かっている。,Yongsa,angry_1,-50,Bard,idle_0,125,.,.,500,Witch,panic_0,-125,0,empty,0,0,-999,-999
64,52,1,a0001,Grin,무슨 가호를…?,What kind of power…?,どんな加護を…？,Yongsa,angry_1,-50,Bard,idle_0,125,.,.,500,Witch,idle_0,-125,0,empty,0,0,-999,-999
64,53,1,a1000,Ail Shell,...<거짓>을 구분할 수 있는 가호.,...The power to distinguish false.,…〈偽り〉を見抜く加護だ。,Yongsa,doubt_0,-50,Bard,idle_0,125,.,.,500,Witch,idle_0,-125,0,empty,0,0,-999,-999
64,54,1,a0002,Grin,그런?! 그럼 지금의 바르드 씨는 모든 게 마법인 걸 알고 있다는 건가요?,What?! Then does the current Bard know that everything is magic?,まさか、じゃあ今のバルドさんは、すべて魔法だって分かっている！？,Yongsa,doubt_0,-50,Bard,idle_0,125,.,.,500,Witch,panic_0,-125,0,empty,0,0,-999,-999
64,55,1,a0001,Grin,게다가 본인도 마법으로 만들어진 상태여서 이런 오류가?,And since he himself is created by magic+o is this some kind of error?,しかも自分自身も魔法で作られた身だから、こんな不具合が…？,Yongsa,doubt_0,-50,Bard,idle_0,125,.,.,500,Witch,lie_0,-125,0,empty,0,0,-999,-999
64,56,1,a1000,Ail Shell,걱정 마. 톰과 밥은 가짜였지만…,Don't worry. Tom and Bob were fakes…,心配するな。トムとボブは偽物だったが…,Yongsa,eyeClose_1,-50,Bard,idle_0,125,.,.,500,Witch,lie_0,-125,0,empty,0,0,-999,-999
64,57,1,a1000,Ail Shell,우리는 진짜니까 상관없을 거야.,But I am real+o so it should be fine.,俺たちは本物だから大丈夫だ。,Yongsa,smile_0,0,Bard,idle_0,125,.,.,500,Witch,lie_0,-125,0,empty,0,0,-999,-999
64,58,1,a0001,Grin,어...,Uh..,あ…,Yongsa,smile_0,0,Bard,idle_0,125,.,.,500,Witch,idle_0,-125,0,empty,0,0,-999,-999
64,59,1,a0002,Grin,애일 씨 피해요!!!,Ail+o dodge!!,エイルさん、逃げて！！！,Yongsa,smile_0,0,Bard,idle_0,75,.,.,500,Witch,panic_0,-125,0,empty,0,0,-999,16
64,60,1,a1000,Ail Shell,응?,Huh?,え？,Yongsa,panic_2,-10,Bard,idle_0,50,.,.,500,Witch,panic_0,-125,0,empty,0,0,-999,-999
64,62,1,a1100, ,(후-웅),(Whoosh),（ヒュオーッ）,Yongsa,panic_0,-50,Bard,idle_0,0,.,.,500,Witch,panic_0,-125,0,empty,0,0,-999,81
64,63,1,a0100,Bard,이런... 빗나갔나?,Oh.. did I miss?,しまった…外したか？,Yongsa,panic_0,-50,Bard,angry_0,75,.,.,500,Witch,panic_0,-125,0,empty,0,0,-999,-999
64,64,1,a1000,Ail Shell,으아악!!! 왜?!,Aaaagh!! Why?!,うわああっ！！！なぜだ！？,Yongsa,panic_0,-50,Bard,angry_0,75,.,.,500,Witch,panic_0,-125,0,empty,0,0,-999,-999
64,65,1,a0001,Grin,그… 그러게요! 대체 왜 공격할까요?!,I… I don’t know! Why is he attacking?!,そ、そうですよ！なんでいきなり攻撃を！？,Yongsa,panic_0,-50,Bard,angry_0,75,.,.,500,Witch,lie_0,-125,0,empty,0,0,-999,-999
64,66,1,a1000,Ail Shell,설마... ,Could it be..,まさか…,Yongsa,panic_3,-50,Bard,angry_0,75,.,.,500,Witch,lie_0,-125,0,empty,0,0,-999,-999
64,67,1,a1000,Ail Shell,Grin의 마법으로 연결되어 있어서 그런가?!,Is it because I'm connected by Grin's magic?!,グリンの魔法で繋がってるからか！？,Yongsa,panic_1,-75,Bard,angry_0,75,.,.,500,Witch,lie_0,-125,0,empty,0,0,-999,37
64,68,1,a0002,Grin,그… 그거에요! 그런 게 틀림 없어요!,T… That's it! It must be that!,そ…それです！間違いありません！,Yongsa,panic_1,-75,Bard,angry_0,75,.,.,500,Witch,panic_0,-125,0,empty,0,0,-999,-999
64,69,1,a0100,Bard,이거 참… 스캐빈저 기사단의 이름이 울겠군.,The name of the Scavenger Knights will weep.,これじゃあ…スカベンジャー騎士団の名に傷がつくぞ。,Yongsa,panic_1,-75,Bard,say_0,75,.,.,500,Witch,panic_0,-125,0,empty,0,0,-999,-999
64,70,1,a0100,Bard,톰과 밥… 그리고 애일까지...,Tom and Bob… and even Ail..,トムとボブ…そしてエイルまで…,Yongsa,panic_1,-75,Bard,eyeClose_0,75,.,.,500,Witch,panic_0,-125,0,empty,0,0,-999,-999
64,71,1,a0100,Bard,걱정마라. 한 녀석도 빠짐없이…,Don't worry. Not a single one of you…,心配するな。ひとり残らず…,Yongsa,panic_1,-75,Bard,angry_0,50,.,.,500,Witch,panic_0,-125,0,empty,0,0,-999,-999
64,72,1,a1100,Bard,내가 명예롭게 보내주겠다!,I shall send you off honorably!,この俺が、名誉ある最期を与えてやる！,Yongsa,panic_0,-25,Bard,angry_2,0,.,.,75,Witch,panic_0,-500,0,empty,0,0,-999,38
65,0,1,a0010,Bard,크헉…,Keu-heck…,ぐはっ…,Yongsa,angry_0,-75,.,.,-125,Bard,angry_0,75,.,.,500,0,empty,0,0,26,-999
65,1,1,a0010,Bard,설마 내가 지다니…,To think that I would lose…,まさか、この俺が負けるとは…,Yongsa,angry_0,-75,.,.,-125,Bard,doubt_0,75,.,.,500,0,empty,0,0,26,-999
65,2,1,a1000,Ail Shell,…바르드.,…Bard.,…バルド。,Yongsa,idle_0,-50,.,.,-125,Bard,doubt_0,75,.,.,500,0,empty,0,0,26,17
65,3,1,a0010,Bard,그 입 다물어라. 가짜!,Shut your mouth. Fake!,黙れ、この偽物が！,Yongsa,idle_0,-50,.,.,-125,Bard,angry_2,75,.,.,500,0,empty,0,0,26,36
65,4,1,a1000,Ail Shell,아니… 가짜는 너야.,No… you're the fake.,いや…偽物はお前だ。,Yongsa,eyeClose_0,-50,.,.,-125,Bard,angry_2,75,.,.,500,0,empty,0,0,26,-999
65,5,1,a1000,Ail Shell,...스스로도 느끼고 있잖아.,...You can feel it yourself.,…自分でも感じているはず。,Yongsa,doubt_0,-25,.,.,-125,Bard,angry_2,75,.,.,500,0,empty,0,0,26,-999
65,6,1,a0010,Bard,…,…,…,Yongsa,doubt_0,-25,.,.,-125,Bard,idle_0,75,.,.,500,0,empty,0,0,26,-999
65,7,1,a0010,Bard,하하하! 그렇군. 그렇게 된 거였나?,Hahaha! I see. So that's how it was?,ははは！そうか。そういうことだったのか。,Yongsa,doubt_0,-25,.,.,-125,Bard,smile_1,75,.,.,500,0,empty,0,0,26,-999
65,8,1,a0010,Bard,…제길. 불명예스럽군.,…Damn. How dishonorable.,…くそっ、なんて不名誉な。,Yongsa,doubt_0,-25,.,.,-125,Bard,idle_0,75,.,.,500,0,empty,0,0,26,-999
65,9,1,a0010,Bard,설마 나도 이런 꼴이 될 줄이야.,To think I'd end up in such situation.,まさか、俺までこんな姿になるとは。,Yongsa,doubt_0,-25,.,.,-125,Bard,smile_0,75,.,.,500,0,empty,0,0,26,16
65,10,1,a0010,Bard,이런 가호를 가지고도 부끄러운 꼴을 보였어.,Even with this power+o I've shown a shameful side.,こんな加護を持ちながら、恥ずかしい姿を見せた。,Yongsa,doubt_0,-25,.,.,-125,Bard,smile_1,75,.,.,500,0,empty,0,0,26,-999
65,11,1,a0010,Bard,…톰과 밥 대원은 진짜 였나?,…Were members Tom and Bob real?,…トムとボブは本物だったのか？,Yongsa,doubt_0,-25,.,.,-125,Bard,idle_0,75,.,.,500,0,empty,0,0,26,-999
65,12,1,a1000,Ail Shell,그들도 가짜야. 아마 던전은 너랑 같이 싸우게 하고 싶었나 본데…,They were fakes too. The dungeon probably wanted you to fight together…,あいつらも偽物だ。おそらく、ダンジョンがお前と戦わせたかったんだろう…,Yongsa,idle_0,-50,.,.,-125,Bard,idle_0,75,.,.,500,0,empty,0,0,26,-999
65,13,1,a0010,Bard,그렇다면 다행이군. 모두의 삶에 짐은 되지 않았으니.,Then that's a relief. I didn't become a burden to anyone's life.,ならいい。みんなの人生に重荷を残さずに済んだ。,Yongsa,idle_0,-50,.,.,-125,Bard,smile_1,50,.,.,500,0,empty,0,0,26,-999
65,14,1,a1000,Ail Shell,…,…,…,Yongsa,eyeClose_0,-50,.,.,-125,Bard,smile_1,50,.,.,500,0,empty,0,0,26,-999
65,15,1,a0010,Bard,애일. 망설이지 마라.,Ail. Do not hesitate.,エイル。迷うんじゃないぞ。,Yongsa,eyeClose_0,-50,.,.,-125,Bard,eyeClose_1,75,.,.,500,0,empty,0,0,26,-999
65,16,1,a0010,Bard,너도… 네가 무엇을 해야할 지 알고 있지 않냐?,You… you know what you have to do+o don't you?,お前も…自分が何をすべきか分かっているだろう？,Yongsa,eyeClose_0,-50,.,.,-125,Bard,say_0,75,.,.,500,0,empty,0,0,26,-999
65,17,1,a0010,Bard,날 너의 삶의 '거짓'으로 만들지 마라!,Do not make me a <false> in your life!,この俺を、お前の人生の「偽り」にするな！,Yongsa,eyeClose_0,-50,.,.,-125,Bard,angry_2,75,.,.,500,0,empty,0,0,26,-999
65,18,1,a1000,Ail Shell,…,…,…,Yongsa,eyeClose_0,-50,.,.,-125,Bard,angry_2,75,.,.,500,0,empty,0,0,26,-999
65,19,1,a1000, ,(스릉),(Shring),（シャキン）,Yongsa,angry_1,-50,.,.,-125,Bard,angry_2,75,.,.,500,0,empty,0,0,26,33
65,21,1,a0010,Bard,…,…,…,Yongsa,angry_1,-50,.,.,-125,Bard,doubt_0,75,.,.,500,0,empty,0,0,26,-999
65,22,1,a0010,Bard,진짜인 나에게 안부나 전해다오.,Give my regards to the real me.,本物の俺に、よろしく伝えてくれ。,Yongsa,angry_1,-50,.,.,-125,Bard,smile_0,50,.,.,500,0,empty,0,0,26,-999
65,23,1,a0000, , , , ,.,.,0,.,.,-125,.,.,50,.,.,500,0,black,0,0,-999,80
65,24,1,a0000, , , , ,Yongsa,black_0,0,.,.,-125,.,.,50,.,.,500,0,black,0,0,-999,-999
65,24,1,a1000, , , , ,Yongsa,black_0,0,.,.,-125,.,.,50,.,.,500,0,black,0,0,-999,40
65,25,1,a1000,Grin,…애일 씨.,…Ail.,…エイルさん。,Yongsa,black_0,0,.,.,-75,.,.,50,.,.,500,0,black,0,0,-999,-999
65,26,1,a1000,Ail Shell,…,…,…,Yongsa,shadow_0,0,Witch,idle_0,-75,.,.,50,.,.,500,1,empty,0,0,-999,-999
65,27,1,a0100,Grin,괜찮으세요?,Are you okay?,大丈夫ですか？,Yongsa,shadow_0,0,Witch,panic_0,-50,.,.,50,.,.,500,0,empty,0,0,-999,-999
65,28,1,a1000,Ail Shell,…응. 괜찮아.,…Yeah. I'm okay.,…ああ、平気だ。,Yongsa,idle_0,0,Witch,panic_0,-50,.,.,50,.,.,500,0,empty,0,0,-999,-999
65,29,1,a1000,Ail Shell,나였어도 그랬을 거야. 바르드도 자랑스러워 할 걸?,I would have done the same. Bard would be proud too.,俺でもそうしただろう。バルドも誇りに思うさ。,Yongsa,smile_0,0,Witch,panic_0,-50,.,.,50,.,.,500,0,empty,0,0,-999,-999
65,30,1,a1000,Ail Shell,불명예를 막아줘서 고맙다고 말이야.,He'd thank me for preventing the dishonor.,不名誉を防いでくれてありがとうってな。,Yongsa,smile_1,0,Witch,panic_0,-50,.,.,50,.,.,500,0,empty,0,0,-999,-999
65,31,1,a0100,Grin,…,…,…,Yongsa,smile_1,0,Witch,idle_0,-75,.,.,50,Owl,black_0,500,0,empty,0,0,-999,-999
65,32,1,a1000,Ail Shell,플러터는?,What about Flutter?,フラッターは？,Yongsa,idle_0,0,Witch,idle_0,-75,.,.,50,Owl,idle_0,100,0,empty,0,0,-999,-999
65,33,1,a0100,Grin,아! 지금 저희 위치를 확인해서,Ah! She's confirming our location right now+o,あ！私たちのかげで場所を確認できて、,Yongsa,idle_0,0,Witch,panic_0,-75,.,.,50,Owl,smile_0,125,0,empty,0,0,-999,-999
65,34,1,a0100,Grin,지금은 구멍을 만드시는 중이라고 하세요!,and she says she's in the middle of creating the hole!,今は穴を開けているところだそうです！,Yongsa,idle_0,0,Witch,shine_0,-75,.,.,50,Owl,proud_1,100,0,empty,0,0,-999,-999
65,35,1,a0100,Grin,그리고 그동안... 저보고 끝내야할 걸 끝내라고 하셨어요!,And in the meantime.. she told me to finish what needs to be finished!,それで、その間に私には…やるべきことを片付けろって言われたんです！,Yongsa,idle_0,0,Witch,lie_0,-100,.,.,50,Owl,proud_1,500,0,empty,0,0,-999,16
65,36,1,a1000,Ail Shell,그래? 그럼 잘 되었네.,Really? Then that's great.,そうか。それはよかったな。,Yongsa,smile_0,0,Witch,lie_0,-100,.,.,50,.,.,500,0,empty,0,0,-999,-999
65,37,1,a0000, , , , ,Yongsa,smile_0,0,Witch,lie_0,-100,.,.,50,.,.,500,0,empty,1,55,-999,-999
65,38,1,a1000,Ail Shell,마침 하나 더 발견했거든.,I just happened to find one more.,ちょうどもうひとつ見つけたところだ。,Yongsa,smile_1,0,Witch,lie_0,-100,.,.,50,.,.,500,0,empty,2,55,-999,-999
65,39,1,a1000,Ail Shell,참새가 열심히 일하는 동안 우리는 남은 기억이나 되돌리러 가자.,While the sparrow is working hard+o let's go recover the remaining memories.,スズメが頑張ってる間に、俺たちは残りの記憶でも取り戻しに行こう。,Yongsa,smile_0,-500,Witch,lie_0,0,.,.,50,.,.,500,0,empty,2,55,-999,17
65,40,1,a0100,Grin,…,…,…,Yongsa,smile_0,-500,Witch,idle_0,0,.,.,50,.,.,500,0,empty,0,0,-999,-999
65,41,1,a0100,Grin,네.,Yes.,はい。,Yongsa,smile_0,-500,Witch,noise,0,.,.,50,.,.,500,1,empty,0,0,-999,-999
66,0,0,a0000, , , , ,.,.,-125,.,.,-50,.,.,50,.,.,125,0,empty,1,17,-999,-999
66,1,0,a0000, ,[ Ail의 운명 조각 ]을 획득했다!,You have obtained a [ Ail's destiny Fragment ]!,エイルの[ 運命カケラ ]を確かめた！,.,.,-125,.,.,-50,.,.,50,.,.,125,0,empty,2,17,-999,26
67,0,0,a0000, ,…,…,…,.,.,-125,.,.,-100,.,.,100,.,.,125,0,black,0,0,-999,-999
67,1,0,a0000, ,데모 버전은 여기까지 입니다!,That's all for the demo!,デモ版はここまでです！,.,.,-125,.,.,-100,.,.,100,.,.,125,0,black,0,0,-999,14
67,2,0,a0000, ,애일과 그린의 여정은 본편에서도 계속될 예정입니다.,Ail and Grin's journey will continue in the main game.,エイルとグリンの旅は本編でも続いていきます。,.,.,-125,.,.,-100,.,.,100,.,.,125,0,black,0,0,-999,-999
67,3,0,a0000, ,더 많은 분량으로 찾아올 앞으로의 여정도 기대해 주세요! 플레이해주셔서 감사합니다!,Please look forward to more content in the future! Thank you for playing!,さらにボリュームアップしてお届けする、\nこれからの旅もぜひお楽しみに！,.,.,-125,.,.,-100,.,.,100,.,.,125,0,black,0,0,-999,-999
68,0,0,a0000, ,…,…,…,.,.,-125,.,.,-100,.,.,100,.,.,125,0,black,0,0,-999,-999
68,1,0,a0000, ,현재 버전은 여기까지 입니다!,That’s all for this version!,現在のバージョンはここまでです！,.,.,-125,.,.,-100,.,.,100,.,.,125,0,black,0,0,-999,14
68,2,0,a0000, ,데모는 3챕터까지 공개될 예정입니다!\n아마 3분기 중에 업데이트 할 수 있을 것 같네요.,The demo will be available up to Chapter 3!\nI think I’ll be able to update it sometime in the third quarter.,デモ版は第3章まで公開される予定です！\nおそらく第3四半期中にアップデートできると思います。,.,.,-125,.,.,-100,.,.,100,.,.,125,0,black,0,0,-999,-999
68,3,0,a0000, ,3챕터 업데이트와 본편 공개는 위시리스트 추가 후\n기다려주시면 기쁠 것 같습니다!,I’d be grateful if you could add the game to your wishlist\nand wait for the Chapter 3 update and the full release!,第3章のアップデートと本編の公開については、\nウィッシュリストお追加して待っていていただければ嬉しいです！,.,.,-125,.,.,-100,.,.,100,.,.,125,3,black,0,0,-999,-999
68,4,0,a0000, ,리뷰나 스팀 토론으로 피드백 주시면 적극적으로 반영해보겠습니다!\n(혼자 개발하다보니 제보랑 플레이가 귀합니다..),Please leave feedback in reviews or Steam discussion+o and I’ll do my best to incorporate it!\n(Since I’m developing this alone+o so reports and playthroughs are invaluable to me… ),レビューやSteamのディスカッションでフィードバックをいただければ、積極的に反映させていきます！\n（一人で開発しているため、ご意見やプレイレポートが本当にありがたいです… ),.,.,-125,.,.,-100,.,.,100,.,.,125,0,black,0,0,-999,-999
68,5,0,a0000, ,그럼 3분기에+o 3챕터와 함께 찾아뵙겠습니다!\n플레이 해주셔서 정말 감사합니다!,I’ll see you in the third quarter with Chapter 3!\nThank you so much for playing!,それでは、3四半期に第3章と共にまたお会いしましょう！\nプレイしていただき、本当にありがとうございます！,.,.,-125,.,.,-100,.,.,100,.,.,125,0,black,0,0,-999,-999
69,0,0,a0000, ,여기부터는 주사위 숫자가 바뀐 적들이 나옵니다.,From here on+o enemies with altered dice numbers will appear.,ここからは、\nサイコロの目が変わった敵が登場します。,.,.,-125,.,.,-100,.,.,100,.,.,125,0,empty,1,138,-999,-999
69,1,0,a0000, ,처음보는 적이 있다면+o 주사위 숫자가 멀쩡한지 확인해보세요!,If you encounter an enemy you haven’t seen before+o\ncheck to see if their dice numbers are normal!,初めて見る敵がいたら、\nサイコロの目が正常かどうか確認してみてください！,.,.,-125,.,.,-100,.,.,100,.,.,125,0,empty,1,138,-999,-999
69,2,0,a0000, ,적을 상대하는 데 큰 도움이 되어줄 것 입니다!,This will be a big help when facing enemies!,敵と戦う上で大いに役立つはずです！,.,.,-125,.,.,-100,.,.,100,.,.,125,0,empty,1,138,-999,-999
70,0,0,a0000, , , , ,.,.,-125,.,.,-100,.,.,100,.,.,125,0,black,0,0,-999,-999
70,1,0,a0000, ,챕터 2를 클리어 하셨습니다!,You've cleared Chapter 2!,チャプター2をクリアしました！,.,.,-125,.,.,-100,.,.,100,.,.,125,0,black,0,0,-999,-999
70,2,0,a0000, ,운명 마법 <빼기>를 Flutter에게서 배웠습니다!,You've learned the spells <Sub> from Flutter!,運命魔法<SUB>をフラッターから学びました！,.,.,-125,.,.,-100,.,.,100,.,.,125,0,black,1,141,-999,-999
70,3,0,a0000, ,1씩 빼는 마법으로\n전투를 더 편하게 진행해보세요!,Use the spells that subtract by 1 to make battles easier!,1ずつ減算する魔法で\n戦闘をより楽に進めてみてください！,.,.,-125,.,.,-100,.,.,100,.,.,125,0,black,1,141,-999,-999
70,4,0,a0000, ,도서관(2단계)와 마을이 해금되었습니다!,The library (Level 2) and Town have been unlocked!,図書館（2段階）と村が解禁されました！,.,.,-125,.,.,-100,.,.,100,.,.,125,0,black,1,142,-999,-999
70,5,0,a0000, ,지금부터는 Ail의 캐릭터도 변경할 수 있습니다.\n더 많은 조합을 시도해보세요!,From now on+o you can also change Ail's destiny.\nTry out more combinations!,これからはAilのキャラクターも変更できます。\nもっと多くの組み合わせを試してみてください！,.,.,-125,.,.,-100,.,.,100,.,.,125,0,black,1,142,-999,-999
70,6,0,a0000, ,또한 마을에서는 Ail의 초기 능력치를 올릴 수 있습니다.\n조합의 방향성에 따라 여러 시도를 해보세요!,You can also increase Ail's initial stats in the Town.\nTry various combinations depending on your team!,また、町ではAilの初期能力値を上げることができます。\n組み合わせの方向性に応じていくつかの試みをしてください!,.,.,-125,.,.,-100,.,.,100,.,.,125,0,black,1,142,-999,-999
70,7,0,a0000, ,또한 만날 수 있는 동료들이 추가되었습니다.\n더 다양한 만남을 겪고 탐험을 해보세요!,Additionally+o new companions have been added.\nExperience a wider variety of encounters and explore!,また、出会える仲間たちが追加されました。\nより多様な出会いを体験し、探検してみてください！,.,.,-125,.,.,-100,.,.,100,.,.,125,0,black,1,143,-999,-999
71,0,0,a0000, ,마을에 어서오세요!,Welcome to the Town!,村へようこそ！,.,.,-125,.,.,-50,.,.,50,.,.,125,0,empty,0,0,-999,-999
71,1,0,a0000, ,이곳에서는 Ail의 능력치를 강화할 수 있습니다.\n그릇을 클릭해 음식을 쌓으면+o 그만큼 해당 능력치가 상승합니다!,Here+o you can enhance Ail's stats.\nClick on bowl to stack food+o and the corresponding stat will increase accordingly!,ここでは、Ailのステータスを強化することができます。\n器をクリックして食べ物を積み重ねると、その分だけそのステータスが上昇します！,.,.,-125,.,.,-50,.,.,50,.,.,125,0,empty,1,139,-999,-999
71,2,0,a0000, ,현재 챕터만큼+o 강화할 수 있으니 참고해주세요!\n+배치를 초기화하고 싶다면 이곳을 눌러주세요!,Please note that you can enhance up to the current chapter level!\n+If you want to reset food+o please click here!,現在のチャプター分まで強化可能ですので、参考にしてください！\n配置をリセットしたい場合は、ここをクリックしてください！,.,.,-125,.,.,-50,.,.,50,.,.,125,0,empty,1,140,-999,-999
99999,45,1,a0001,???,에에엑?!!!?!!, ,えええっ！？！？！！,.,.,0,.,.,125,.,.,-125,.,.,-75,0,black,0,0,-999,38
